datetime,instrument,score,exp_name,rid,real_label,error,abs_error
2026-05-25,SH600000,-0.02832424543159113,EXP_LGBModel_Alpha158_csi300_custom_step0_s_20260525_17,2dcf4baf192b4b6982f5e426ab651c92,,,
2026-05-25,SZ300866,0.05350728366454824,EXP_DEnsembleModel_Alpha158_csi300_custom_step0_s_20260525_15,d6a82acf003d496094ff6fb6a841b386,,,
2026-05-25,SZ300896,-0.018604330450745533,EXP_DEnsembleModel_Alpha158_csi300_custom_step0_s_20260525_15,d6a82acf003d496094ff6fb6a841b386,,,
2026-05-25,SZ300979,0.008663153291824236,EXP_DEnsembleModel_Alpha158_csi300_custom_step0_s_20260525_15,d6a82acf003d496094ff6fb6a841b386,,,
2026-05-25,SZ300999,-0.04803132853031429,EXP_DEnsembleModel_Alpha158_csi300_custom_step0_s_20260525_15,d6a82acf003d496094ff6fb6a841b386,,,
2026-05-25,SZ301236,0.01769226400694761,EXP_DEnsembleModel_Alpha158_csi300_custom_step0_s_20260525_15,d6a82acf003d496094ff6fb6a841b386,,,
2026-05-25,SZ301269,-0.03611713878570533,EXP_DEnsembleModel_Alpha158_csi300_custom_step0_s_20260525_15,d6a82acf003d496094ff6fb6a841b386,,,
2026-05-25,SZ302132,-0.039316910368615454,EXP_DEnsembleModel_Alpha158_csi300_custom_step0_s_20260525_15,d6a82acf003d496094ff6fb6a841b386,,,
2026-05-25,SH600000,-0.03271655738353729,EXP_XGBModel_Alpha158_csi300_custom_step0_s_20260525_15,9e8d4fb011764cf886a7202d65eef667,,,
2026-05-25,SH600009,-0.03346908092498779,EXP_XGBModel_Alpha158_csi300_custom_step0_s_20260525_15,9e8d4fb011764cf886a7202d65eef667,,,
2026-05-25,SH600010,0.00558052770793438,EXP_XGBModel_Alpha158_csi300_custom_step0_s_20260525_15,9e8d4fb011764cf886a7202d65eef667,,,
2026-05-25,SH600011,0.008685927838087082,EXP_XGBModel_Alpha158_csi300_custom_step0_s_20260525_15,9e8d4fb011764cf886a7202d65eef667,,,
2026-05-25,SZ300832,0.11728269057862047,EXP_DEnsembleModel_Alpha158_csi300_custom_step0_s_20260525_15,d6a82acf003d496094ff6fb6a841b386,,,
2026-05-25,SH600015,-0.05553319305181503,EXP_XGBModel_Alpha158_csi300_custom_step0_s_20260525_15,9e8d4fb011764cf886a7202d65eef667,,,
2026-05-25,SH600018,-0.0031569763086736202,EXP_XGBModel_Alpha158_csi300_custom_step0_s_20260525_15,9e8d4fb011764cf886a7202d65eef667,,,
2026-05-25,SH600019,-0.02866113744676113,EXP_XGBModel_Alpha158_csi300_custom_step0_s_20260525_15,9e8d4fb011764cf886a7202d65eef667,,,
2026-05-25,SH600023,-0.32630667090415955,EXP_XGBModel_Alpha158_csi300_custom_step0_s_20260525_15,9e8d4fb011764cf886a7202d65eef667,,,
2026-05-25,SH600025,-0.023597275838255882,EXP_XGBModel_Alpha158_csi300_custom_step0_s_20260525_15,9e8d4fb011764cf886a7202d65eef667,,,
2026-05-25,SH600026,-0.04884375259280205,EXP_XGBModel_Alpha158_csi300_custom_step0_s_20260525_15,9e8d4fb011764cf886a7202d65eef667,,,
2026-05-25,SH600027,0.0006979005411267281,EXP_XGBModel_Alpha158_csi300_custom_step0_s_20260525_15,9e8d4fb011764cf886a7202d65eef667,,,
2026-05-25,SH600028,-0.035183921456336975,EXP_XGBModel_Alpha158_csi300_custom_step0_s_20260525_15,9e8d4fb011764cf886a7202d65eef667,,,
2026-05-25,SH600029,0.06235698610544205,EXP_XGBModel_Alpha158_csi300_custom_step0_s_20260525_15,9e8d4fb011764cf886a7202d65eef667,,,
2026-05-25,SH600030,0.003541249316185713,EXP_XGBModel_Alpha158_csi300_custom_step0_s_20260525_15,9e8d4fb011764cf886a7202d65eef667,,,
2026-05-25,SH600031,0.023930709809064865,EXP_XGBModel_Alpha158_csi300_custom_step0_s_20260525_15,9e8d4fb011764cf886a7202d65eef667,,,
2026-05-25,SH600036,-0.06805732846260071,EXP_XGBModel_Alpha158_csi300_custom_step0_s_20260525_15,9e8d4fb011764cf886a7202d65eef667,,,
2026-05-25,SH600016,-0.054140765219926834,EXP_XGBModel_Alpha158_csi300_custom_step0_s_20260525_15,9e8d4fb011764cf886a7202d65eef667,,,
2026-05-25,SH600039,-0.12337247282266617,EXP_XGBModel_Alpha158_csi300_custom_step0_s_20260525_15,9e8d4fb011764cf886a7202d65eef667,,,
2026-05-25,SZ300803,0.10673313311075029,EXP_DEnsembleModel_Alpha158_csi300_custom_step0_s_20260525_15,d6a82acf003d496094ff6fb6a841b386,,,
2026-05-25,SZ300760,0.027022088469408647,EXP_DEnsembleModel_Alpha158_csi300_custom_step0_s_20260525_15,d6a82acf003d496094ff6fb6a841b386,,,
2026-05-25,SZ300014,0.07575382499417531,EXP_DEnsembleModel_Alpha158_csi300_custom_step0_s_20260525_15,d6a82acf003d496094ff6fb6a841b386,,,
2026-05-25,SZ300015,-0.08570315797640081,EXP_DEnsembleModel_Alpha158_csi300_custom_step0_s_20260525_15,d6a82acf003d496094ff6fb6a841b386,,,
2026-05-25,SZ300033,0.04231578926118655,EXP_DEnsembleModel_Alpha158_csi300_custom_step0_s_20260525_15,d6a82acf003d496094ff6fb6a841b386,,,
2026-05-25,SZ300059,0.11398190578736994,EXP_DEnsembleModel_Alpha158_csi300_custom_step0_s_20260525_15,d6a82acf003d496094ff6fb6a841b386,,,
2026-05-25,SZ300122,0.005636304127579087,EXP_DEnsembleModel_Alpha158_csi300_custom_step0_s_20260525_15,d6a82acf003d496094ff6fb6a841b386,,,
2026-05-25,SZ300124,0.12574980641670105,EXP_DEnsembleModel_Alpha158_csi300_custom_step0_s_20260525_15,d6a82acf003d496094ff6fb6a841b386,,,
2026-05-25,SZ300251,0.13516807738438266,EXP_DEnsembleModel_Alpha158_csi300_custom_step0_s_20260525_15,d6a82acf003d496094ff6fb6a841b386,,,
2026-05-25,SZ300274,0.49298884087656963,EXP_DEnsembleModel_Alpha158_csi300_custom_step0_s_20260525_15,d6a82acf003d496094ff6fb6a841b386,,,
2026-05-25,SZ300308,-0.0720429143442118,EXP_DEnsembleModel_Alpha158_csi300_custom_step0_s_20260525_15,d6a82acf003d496094ff6fb6a841b386,,,
2026-05-25,SZ300316,0.15851935350420954,EXP_DEnsembleModel_Alpha158_csi300_custom_step0_s_20260525_15,d6a82acf003d496094ff6fb6a841b386,,,
2026-05-25,SZ300347,0.1216092875617183,EXP_DEnsembleModel_Alpha158_csi300_custom_step0_s_20260525_15,d6a82acf003d496094ff6fb6a841b386,,,
2026-05-25,SZ300782,0.20698410435994288,EXP_DEnsembleModel_Alpha158_csi300_custom_step0_s_20260525_15,d6a82acf003d496094ff6fb6a841b386,,,
2026-05-25,SZ300394,-0.06165008182384133,EXP_DEnsembleModel_Alpha158_csi300_custom_step0_s_20260525_15,d6a82acf003d496094ff6fb6a841b386,,,
2026-05-25,SZ300413,0.050739889356686246,EXP_DEnsembleModel_Alpha158_csi300_custom_step0_s_20260525_15,d6a82acf003d496094ff6fb6a841b386,,,
2026-05-25,SZ300418,-0.056016667121821975,EXP_DEnsembleModel_Alpha158_csi300_custom_step0_s_20260525_15,d6a82acf003d496094ff6fb6a841b386,,,
2026-05-25,SZ300433,0.21362132042294654,EXP_DEnsembleModel_Alpha158_csi300_custom_step0_s_20260525_15,d6a82acf003d496094ff6fb6a841b386,,,
2026-05-25,SZ300442,-0.04321483591781978,EXP_DEnsembleModel_Alpha158_csi300_custom_step0_s_20260525_15,d6a82acf003d496094ff6fb6a841b386,,,
2026-05-25,SZ300476,0.07537126509542733,EXP_DEnsembleModel_Alpha158_csi300_custom_step0_s_20260525_15,d6a82acf003d496094ff6fb6a841b386,,,
2026-05-25,SZ300498,0.10465412794378061,EXP_DEnsembleModel_Alpha158_csi300_custom_step0_s_20260525_15,d6a82acf003d496094ff6fb6a841b386,,,
2026-05-25,SZ300502,-0.11535424864966458,EXP_DEnsembleModel_Alpha158_csi300_custom_step0_s_20260525_15,d6a82acf003d496094ff6fb6a841b386,,,
2026-05-25,SZ300628,0.2621798492103356,EXP_DEnsembleModel_Alpha158_csi300_custom_step0_s_20260525_15,d6a82acf003d496094ff6fb6a841b386,,,
2026-05-25,SZ300661,0.10251347694987545,EXP_DEnsembleModel_Alpha158_csi300_custom_step0_s_20260525_15,d6a82acf003d496094ff6fb6a841b386,,,
2026-05-25,SZ300750,0.036089424292564364,EXP_DEnsembleModel_Alpha158_csi300_custom_step0_s_20260525_15,d6a82acf003d496094ff6fb6a841b386,,,
2026-05-25,SZ300759,0.16084345450320975,EXP_DEnsembleModel_Alpha158_csi300_custom_step0_s_20260525_15,d6a82acf003d496094ff6fb6a841b386,,,
2026-05-25,SZ300408,-0.14450740356932795,EXP_DEnsembleModel_Alpha158_csi300_custom_step0_s_20260525_15,d6a82acf003d496094ff6fb6a841b386,,,
2026-05-25,SZ003816,-0.022206975289510534,EXP_DEnsembleModel_Alpha158_csi300_custom_step0_s_20260525_15,d6a82acf003d496094ff6fb6a841b386,,,
2026-05-25,SH600048,0.02209317684173584,EXP_XGBModel_Alpha158_csi300_custom_step0_s_20260525_15,9e8d4fb011764cf886a7202d65eef667,,,
2026-05-25,SH600061,-0.013703906908631325,EXP_XGBModel_Alpha158_csi300_custom_step0_s_20260525_15,9e8d4fb011764cf886a7202d65eef667,,,
2026-05-25,SH600489,-0.0011423255782574415,EXP_XGBModel_Alpha158_csi300_custom_step0_s_20260525_15,9e8d4fb011764cf886a7202d65eef667,,,
2026-05-25,SH600515,-0.016347618773579597,EXP_XGBModel_Alpha158_csi300_custom_step0_s_20260525_15,9e8d4fb011764cf886a7202d65eef667,,,
2026-05-25,SH600519,-0.05137750133872032,EXP_XGBModel_Alpha158_csi300_custom_step0_s_20260525_15,9e8d4fb011764cf886a7202d65eef667,,,
2026-05-25,SH600522,0.33709219098091125,EXP_XGBModel_Alpha158_csi300_custom_step0_s_20260525_15,9e8d4fb011764cf886a7202d65eef667,,,
2026-05-25,SH600547,0.9355488419532776,EXP_XGBModel_Alpha158_csi300_custom_step0_s_20260525_15,9e8d4fb011764cf886a7202d65eef667,,,
2026-05-25,SH600570,0.0023105619475245476,EXP_XGBModel_Alpha158_csi300_custom_step0_s_20260525_15,9e8d4fb011764cf886a7202d65eef667,,,
2026-05-25,SH600584,1.0783270597457886,EXP_XGBModel_Alpha158_csi300_custom_step0_s_20260525_15,9e8d4fb011764cf886a7202d65eef667,,,
2026-05-25,SH600585,0.014589725062251091,EXP_XGBModel_Alpha158_csi300_custom_step0_s_20260525_15,9e8d4fb011764cf886a7202d65eef667,,,
2026-05-25,SH600588,0.03596296161413193,EXP_XGBModel_Alpha158_csi300_custom_step0_s_20260525_15,9e8d4fb011764cf886a7202d65eef667,,,
2026-05-25,SH600600,-0.05769291892647743,EXP_XGBModel_Alpha158_csi300_custom_step0_s_20260525_15,9e8d4fb011764cf886a7202d65eef667,,,
2026-05-25,SH600660,-0.0531575009226799,EXP_XGBModel_Alpha158_csi300_custom_step0_s_20260525_15,9e8d4fb011764cf886a7202d65eef667,,,
2026-05-25,SH600482,-0.04060010984539986,EXP_XGBModel_Alpha158_csi300_custom_step0_s_20260525_15,9e8d4fb011764cf886a7202d65eef667,,,
2026-05-25,SH600674,0.010169364511966705,EXP_XGBModel_Alpha158_csi300_custom_step0_s_20260525_15,9e8d4fb011764cf886a7202d65eef667,,,
2026-05-25,SH600741,-0.019588463008403778,EXP_XGBModel_Alpha158_csi300_custom_step0_s_20260525_15,9e8d4fb011764cf886a7202d65eef667,,,
2026-05-25,SH600760,-0.035356197506189346,EXP_XGBModel_Alpha158_csi300_custom_step0_s_20260525_15,9e8d4fb011764cf886a7202d65eef667,,,
2026-05-25,SH600795,0.005067651625722647,EXP_XGBModel_Alpha158_csi300_custom_step0_s_20260525_15,9e8d4fb011764cf886a7202d65eef667,,,
2026-05-25,SH600803,-0.03849368542432785,EXP_XGBModel_Alpha158_csi300_custom_step0_s_20260525_15,9e8d4fb011764cf886a7202d65eef667,,,
2026-05-25,SH600809,-0.0018886015750467777,EXP_XGBModel_Alpha158_csi300_custom_step0_s_20260525_15,9e8d4fb011764cf886a7202d65eef667,,,
2026-05-25,SH600845,-0.02544371597468853,EXP_XGBModel_Alpha158_csi300_custom_step0_s_20260525_15,9e8d4fb011764cf886a7202d65eef667,,,
2026-05-25,SH600875,-0.028935540467500687,EXP_XGBModel_Alpha158_csi300_custom_step0_s_20260525_15,9e8d4fb011764cf886a7202d65eef667,,,
2026-05-25,SH600886,-0.017062434926629066,EXP_XGBModel_Alpha158_csi300_custom_step0_s_20260525_15,9e8d4fb011764cf886a7202d65eef667,,,
2026-05-25,SH600887,0.018069036304950714,EXP_XGBModel_Alpha158_csi300_custom_step0_s_20260525_15,9e8d4fb011764cf886a7202d65eef667,,,
2026-05-25,SH600893,-8.940897532738745e-05,EXP_XGBModel_Alpha158_csi300_custom_step0_s_20260525_15,9e8d4fb011764cf886a7202d65eef667,,,
2026-05-25,SH600900,-0.016864966601133347,EXP_XGBModel_Alpha158_csi300_custom_step0_s_20260525_15,9e8d4fb011764cf886a7202d65eef667,,,
2026-05-25,SH600690,-0.018209308385849,EXP_XGBModel_Alpha158_csi300_custom_step0_s_20260525_15,9e8d4fb011764cf886a7202d65eef667,,,
2026-05-25,SH600050,-0.028446784242987633,EXP_XGBModel_Alpha158_csi300_custom_step0_s_20260525_15,9e8d4fb011764cf886a7202d65eef667,,,
2026-05-25,SH600460,0.3894515335559845,EXP_XGBModel_Alpha158_csi300_custom_step0_s_20260525_15,9e8d4fb011764cf886a7202d65eef667,,,
2026-05-25,SH600436,-7.491212454624474e-05,EXP_XGBModel_Alpha158_csi300_custom_step0_s_20260525_15,9e8d4fb011764cf886a7202d65eef667,,,
2026-05-25,SH600066,0.022631395608186722,EXP_XGBModel_Alpha158_csi300_custom_step0_s_20260525_15,9e8d4fb011764cf886a7202d65eef667,,,
2026-05-25,SH600085,-0.03050527535378933,EXP_XGBModel_Alpha158_csi300_custom_step0_s_20260525_15,9e8d4fb011764cf886a7202d65eef667,,,
2026-05-25,SH600089,-0.017234105616807938,EXP_XGBModel_Alpha158_csi300_custom_step0_s_20260525_15,9e8d4fb011764cf886a7202d65eef667,,,
2026-05-25,SH600104,-0.046461332589387894,EXP_XGBModel_Alpha158_csi300_custom_step0_s_20260525_15,9e8d4fb011764cf886a7202d65eef667,,,
2026-05-25,SH600111,0.014605721458792686,EXP_XGBModel_Alpha158_csi300_custom_step0_s_20260525_15,9e8d4fb011764cf886a7202d65eef667,,,
2026-05-25,SH600115,0.10377892106771469,EXP_XGBModel_Alpha158_csi300_custom_step0_s_20260525_15,9e8d4fb011764cf886a7202d65eef667,,,
2026-05-25,SH600150,0.08211567252874374,EXP_XGBModel_Alpha158_csi300_custom_step0_s_20260525_15,9e8d4fb011764cf886a7202d65eef667,,,
2026-05-25,SH600160,0.0722474530339241,EXP_XGBModel_Alpha158_csi300_custom_step0_s_20260525_15,9e8d4fb011764cf886a7202d65eef667,,,
2026-05-25,SH600161,-0.03179285302758217,EXP_XGBModel_Alpha158_csi300_custom_step0_s_20260525_15,9e8d4fb011764cf886a7202d65eef667,,,
2026-05-25,SH600176,0.27130550146102905,EXP_XGBModel_Alpha158_csi300_custom_step0_s_20260525_15,9e8d4fb011764cf886a7202d65eef667,,,
2026-05-25,SH600183,-0.26594510674476624,EXP_XGBModel_Alpha158_csi300_custom_step0_s_20260525_15,9e8d4fb011764cf886a7202d65eef667,,,
2026-05-25,SH600438,-0.03062128648161888,EXP_XGBModel_Alpha158_csi300_custom_step0_s_20260525_15,9e8d4fb011764cf886a7202d65eef667,,,
2026-05-25,SH600188,0.014693401753902435,EXP_XGBModel_Alpha158_csi300_custom_step0_s_20260525_15,9e8d4fb011764cf886a7202d65eef667,,,
2026-05-25,SH600219,0.03961731120944023,EXP_XGBModel_Alpha158_csi300_custom_step0_s_20260525_15,9e8d4fb011764cf886a7202d65eef667,,,
2026-05-25,SH600233,-0.02041969634592533,EXP_XGBModel_Alpha158_csi300_custom_step0_s_20260525_15,9e8d4fb011764cf886a7202d65eef667,,,
2026-05-25,SH600276,-0.054357148706912994,EXP_XGBModel_Alpha158_csi300_custom_step0_s_20260525_15,9e8d4fb011764cf886a7202d65eef667,,,
2026-05-25,SH600309,-0.019250474870204926,EXP_XGBModel_Alpha158_csi300_custom_step0_s_20260525_15,9e8d4fb011764cf886a7202d65eef667,,,
2026-05-25,SH600346,0.36716005206108093,EXP_XGBModel_Alpha158_csi300_custom_step0_s_20260525_15,9e8d4fb011764cf886a7202d65eef667,,,
2026-05-25,SH600362,-0.008331934921443462,EXP_XGBModel_Alpha158_csi300_custom_step0_s_20260525_15,9e8d4fb011764cf886a7202d65eef667,,,
2026-05-25,SH600372,0.03972841054201126,EXP_XGBModel_Alpha158_csi300_custom_step0_s_20260525_15,9e8d4fb011764cf886a7202d65eef667,,,
2026-05-25,SH600377,0.01603280007839203,EXP_XGBModel_Alpha158_csi300_custom_step0_s_20260525_15,9e8d4fb011764cf886a7202d65eef667,,,
2026-05-25,SH600406,-0.01195412129163742,EXP_XGBModel_Alpha158_csi300_custom_step0_s_20260525_15,9e8d4fb011764cf886a7202d65eef667,,,
2026-05-25,SH600415,0.022855425253510475,EXP_XGBModel_Alpha158_csi300_custom_step0_s_20260525_15,9e8d4fb011764cf886a7202d65eef667,,,
2026-05-25,SH600426,0.38959962129592896,EXP_XGBModel_Alpha158_csi300_custom_step0_s_20260525_15,9e8d4fb011764cf886a7202d65eef667,,,
2026-05-25,SH600196,-0.014712219126522541,EXP_XGBModel_Alpha158_csi300_custom_step0_s_20260525_15,9e8d4fb011764cf886a7202d65eef667,,,
2026-05-25,SZ002938,0.05574264411052103,EXP_DEnsembleModel_Alpha158_csi300_custom_step0_s_20260525_15,d6a82acf003d496094ff6fb6a841b386,,,
2026-05-25,SZ002920,-0.07082924262006728,EXP_DEnsembleModel_Alpha158_csi300_custom_step0_s_20260525_15,d6a82acf003d496094ff6fb6a841b386,,,
2026-05-25,SZ002916,0.062312023965905766,EXP_DEnsembleModel_Alpha158_csi300_custom_step0_s_20260525_15,d6a82acf003d496094ff6fb6a841b386,,,
2026-05-25,SH688169,0.027873359424266365,EXP_DEnsembleModel_Alpha158_csi300_custom_step0_s_20260525_15,d6a82acf003d496094ff6fb6a841b386,,,
2026-05-25,SH688187,-0.0123794091386701,EXP_DEnsembleModel_Alpha158_csi300_custom_step0_s_20260525_15,d6a82acf003d496094ff6fb6a841b386,,,
2026-05-25,SH688223,0.1311593467638086,EXP_DEnsembleModel_Alpha158_csi300_custom_step0_s_20260525_15,d6a82acf003d496094ff6fb6a841b386,,,
2026-05-25,SH688256,0.23538347018508263,EXP_DEnsembleModel_Alpha158_csi300_custom_step0_s_20260525_15,d6a82acf003d496094ff6fb6a841b386,,,
2026-05-25,SH688271,-0.07440813967298145,EXP_DEnsembleModel_Alpha158_csi300_custom_step0_s_20260525_15,d6a82acf003d496094ff6fb6a841b386,,,
2026-05-25,SH688303,0.06693817137846989,EXP_DEnsembleModel_Alpha158_csi300_custom_step0_s_20260525_15,d6a82acf003d496094ff6fb6a841b386,,,
2026-05-25,SH688396,0.041223071542364965,EXP_DEnsembleModel_Alpha158_csi300_custom_step0_s_20260525_15,d6a82acf003d496094ff6fb6a841b386,,,
2026-05-25,SH688472,0.0352697026895459,EXP_DEnsembleModel_Alpha158_csi300_custom_step0_s_20260525_15,d6a82acf003d496094ff6fb6a841b386,,,
2026-05-25,SH688506,0.2361915598572162,EXP_DEnsembleModel_Alpha158_csi300_custom_step0_s_20260525_15,d6a82acf003d496094ff6fb6a841b386,,,
2026-05-25,SH688981,0.16399172057572178,EXP_DEnsembleModel_Alpha158_csi300_custom_step0_s_20260525_15,d6a82acf003d496094ff6fb6a841b386,,,
2026-05-25,SZ000001,-0.09328740362091197,EXP_DEnsembleModel_Alpha158_csi300_custom_step0_s_20260525_15,d6a82acf003d496094ff6fb6a841b386,,,
2026-05-25,SH688126,-0.11243529986211924,EXP_DEnsembleModel_Alpha158_csi300_custom_step0_s_20260525_15,d6a82acf003d496094ff6fb6a841b386,,,
2026-05-25,SZ000002,0.08703517795423485,EXP_DEnsembleModel_Alpha158_csi300_custom_step0_s_20260525_15,d6a82acf003d496094ff6fb6a841b386,,,
2026-05-25,SZ000100,-0.06268024505302314,EXP_DEnsembleModel_Alpha158_csi300_custom_step0_s_20260525_15,d6a82acf003d496094ff6fb6a841b386,,,
2026-05-25,SZ000157,-0.06108793552859245,EXP_DEnsembleModel_Alpha158_csi300_custom_step0_s_20260525_15,d6a82acf003d496094ff6fb6a841b386,,,
2026-05-25,SZ000166,-0.06953628426126357,EXP_DEnsembleModel_Alpha158_csi300_custom_step0_s_20260525_15,d6a82acf003d496094ff6fb6a841b386,,,
2026-05-25,SZ000301,0.05399392893604253,EXP_DEnsembleModel_Alpha158_csi300_custom_step0_s_20260525_15,d6a82acf003d496094ff6fb6a841b386,,,
2026-05-25,SZ000333,0.15089992843902147,EXP_DEnsembleModel_Alpha158_csi300_custom_step0_s_20260525_15,d6a82acf003d496094ff6fb6a841b386,,,
2026-05-25,SZ000338,-0.024962874598309266,EXP_DEnsembleModel_Alpha158_csi300_custom_step0_s_20260525_15,d6a82acf003d496094ff6fb6a841b386,,,
2026-05-25,SZ000408,0.18342623674028666,EXP_DEnsembleModel_Alpha158_csi300_custom_step0_s_20260525_15,d6a82acf003d496094ff6fb6a841b386,,,
2026-05-25,SZ000425,0.08525457059018927,EXP_DEnsembleModel_Alpha158_csi300_custom_step0_s_20260525_15,d6a82acf003d496094ff6fb6a841b386,,,
2026-05-25,SZ000538,-0.12152774652187863,EXP_DEnsembleModel_Alpha158_csi300_custom_step0_s_20260525_15,d6a82acf003d496094ff6fb6a841b386,,,
2026-05-25,SZ000568,-0.035195860225127565,EXP_DEnsembleModel_Alpha158_csi300_custom_step0_s_20260525_15,d6a82acf003d496094ff6fb6a841b386,,,
2026-05-25,SZ000596,0.07097069658448539,EXP_DEnsembleModel_Alpha158_csi300_custom_step0_s_20260525_15,d6a82acf003d496094ff6fb6a841b386,,,
2026-05-25,SZ000063,0.0965431741446427,EXP_DEnsembleModel_Alpha158_csi300_custom_step0_s_20260525_15,d6a82acf003d496094ff6fb6a841b386,,,
2026-05-25,SZ000617,0.07504776124734226,EXP_DEnsembleModel_Alpha158_csi300_custom_step0_s_20260525_15,d6a82acf003d496094ff6fb6a841b386,,,
2026-05-25,SH688111,0.1012905014636398,EXP_DEnsembleModel_Alpha158_csi300_custom_step0_s_20260525_15,d6a82acf003d496094ff6fb6a841b386,,,
2026-05-25,SH688047,-0.016752707242528097,EXP_DEnsembleModel_Alpha158_csi300_custom_step0_s_20260525_15,d6a82acf003d496094ff6fb6a841b386,,,
2026-05-25,SH601985,-0.0055842773176827,EXP_DEnsembleModel_Alpha158_csi300_custom_step0_s_20260525_15,d6a82acf003d496094ff6fb6a841b386,,,
2026-05-25,SH601988,-0.03322905586495918,EXP_DEnsembleModel_Alpha158_csi300_custom_step0_s_20260525_15,d6a82acf003d496094ff6fb6a841b386,,,
2026-05-25,SH601995,0.09760293172854424,EXP_DEnsembleModel_Alpha158_csi300_custom_step0_s_20260525_15,d6a82acf003d496094ff6fb6a841b386,,,
2026-05-25,SH601998,-0.06658662582735153,EXP_DEnsembleModel_Alpha158_csi300_custom_step0_s_20260525_15,d6a82acf003d496094ff6fb6a841b386,,,
2026-05-25,SH603019,0.1683024220632127,EXP_DEnsembleModel_Alpha158_csi300_custom_step0_s_20260525_15,d6a82acf003d496094ff6fb6a841b386,,,
2026-05-25,SH603195,-0.0032537594021187,EXP_DEnsembleModel_Alpha158_csi300_custom_step0_s_20260525_15,d6a82acf003d496094ff6fb6a841b386,,,
2026-05-25,SH603259,0.11425559523806063,EXP_DEnsembleModel_Alpha158_csi300_custom_step0_s_20260525_15,d6a82acf003d496094ff6fb6a841b386,,,
2026-05-25,SH603260,0.08863796910343498,EXP_DEnsembleModel_Alpha158_csi300_custom_step0_s_20260525_15,d6a82acf003d496094ff6fb6a841b386,,,
2026-05-25,SH603288,0.004605435819334755,EXP_DEnsembleModel_Alpha158_csi300_custom_step0_s_20260525_15,d6a82acf003d496094ff6fb6a841b386,,,
2026-05-25,SH603296,0.1554314175423355,EXP_DEnsembleModel_Alpha158_csi300_custom_step0_s_20260525_15,d6a82acf003d496094ff6fb6a841b386,,,
2026-05-25,SH603369,0.09532205863121684,EXP_DEnsembleModel_Alpha158_csi300_custom_step0_s_20260525_15,d6a82acf003d496094ff6fb6a841b386,,,
2026-05-25,SH688082,0.031201618695405515,EXP_DEnsembleModel_Alpha158_csi300_custom_step0_s_20260525_15,d6a82acf003d496094ff6fb6a841b386,,,
2026-05-25,SH603392,-0.004071808438654491,EXP_DEnsembleModel_Alpha158_csi300_custom_step0_s_20260525_15,d6a82acf003d496094ff6fb6a841b386,,,
2026-05-25,SH603799,0.09002281637671941,EXP_DEnsembleModel_Alpha158_csi300_custom_step0_s_20260525_15,d6a82acf003d496094ff6fb6a841b386,,,
2026-05-25,SH603893,0.14029103510938332,EXP_DEnsembleModel_Alpha158_csi300_custom_step0_s_20260525_15,d6a82acf003d496094ff6fb6a841b386,,,
2026-05-25,SH603986,-0.13616466714091796,EXP_DEnsembleModel_Alpha158_csi300_custom_step0_s_20260525_15,d6a82acf003d496094ff6fb6a841b386,,,
2026-05-25,SH603993,0.033844850726024105,EXP_DEnsembleModel_Alpha158_csi300_custom_step0_s_20260525_15,d6a82acf003d496094ff6fb6a841b386,,,
2026-05-25,SH605117,0.04321328205052633,EXP_DEnsembleModel_Alpha158_csi300_custom_step0_s_20260525_15,d6a82acf003d496094ff6fb6a841b386,,,
2026-05-25,SH605499,0.11189055844986913,EXP_DEnsembleModel_Alpha158_csi300_custom_step0_s_20260525_15,d6a82acf003d496094ff6fb6a841b386,,,
2026-05-25,SH688008,-0.0990212563658396,EXP_DEnsembleModel_Alpha158_csi300_custom_step0_s_20260525_15,d6a82acf003d496094ff6fb6a841b386,,,
2026-05-25,SH688009,0.03961751223374443,EXP_DEnsembleModel_Alpha158_csi300_custom_step0_s_20260525_15,d6a82acf003d496094ff6fb6a841b386,,,
2026-05-25,SH688012,-0.23561116479305635,EXP_DEnsembleModel_Alpha158_csi300_custom_step0_s_20260525_15,d6a82acf003d496094ff6fb6a841b386,,,
2026-05-25,SH688036,0.1243194525256734,EXP_DEnsembleModel_Alpha158_csi300_custom_step0_s_20260525_15,d6a82acf003d496094ff6fb6a841b386,,,
2026-05-25,SH688041,-0.16173822594653317,EXP_DEnsembleModel_Alpha158_csi300_custom_step0_s_20260525_15,d6a82acf003d496094ff6fb6a841b386,,,
2026-05-25,SH603501,0.11654240948787485,EXP_DEnsembleModel_Alpha158_csi300_custom_step0_s_20260525_15,d6a82acf003d496094ff6fb6a841b386,,,
2026-05-25,SZ000625,0.033522757305188576,EXP_DEnsembleModel_Alpha158_csi300_custom_step0_s_20260525_15,d6a82acf003d496094ff6fb6a841b386,,,
2026-05-25,SZ000630,0.06268273508615546,EXP_DEnsembleModel_Alpha158_csi300_custom_step0_s_20260525_15,d6a82acf003d496094ff6fb6a841b386,,,
2026-05-25,SZ000651,-0.004640961269563021,EXP_DEnsembleModel_Alpha158_csi300_custom_step0_s_20260525_15,d6a82acf003d496094ff6fb6a841b386,,,
2026-05-25,SZ002236,0.02907809515191466,EXP_DEnsembleModel_Alpha158_csi300_custom_step0_s_20260525_15,d6a82acf003d496094ff6fb6a841b386,,,
2026-05-25,SZ002241,0.15008563529759314,EXP_DEnsembleModel_Alpha158_csi300_custom_step0_s_20260525_15,d6a82acf003d496094ff6fb6a841b386,,,
2026-05-25,SZ002252,-0.06363487779377468,EXP_DEnsembleModel_Alpha158_csi300_custom_step0_s_20260525_15,d6a82acf003d496094ff6fb6a841b386,,,
2026-05-25,SZ002304,-0.018316015530860767,EXP_DEnsembleModel_Alpha158_csi300_custom_step0_s_20260525_15,d6a82acf003d496094ff6fb6a841b386,,,
2026-05-25,SZ002311,-0.061484628177617406,EXP_DEnsembleModel_Alpha158_csi300_custom_step0_s_20260525_15,d6a82acf003d496094ff6fb6a841b386,,,
2026-05-25,SZ002352,-0.003978413802818893,EXP_DEnsembleModel_Alpha158_csi300_custom_step0_s_20260525_15,d6a82acf003d496094ff6fb6a841b386,,,
2026-05-25,SZ002371,-0.16779509235872786,EXP_DEnsembleModel_Alpha158_csi300_custom_step0_s_20260525_15,d6a82acf003d496094ff6fb6a841b386,,,
2026-05-25,SZ002384,0.0032403052006343062,EXP_DEnsembleModel_Alpha158_csi300_custom_step0_s_20260525_15,d6a82acf003d496094ff6fb6a841b386,,,
2026-05-25,SZ002415,0.04311263225501318,EXP_DEnsembleModel_Alpha158_csi300_custom_step0_s_20260525_15,d6a82acf003d496094ff6fb6a841b386,,,
2026-05-25,SZ002422,-0.019013265477662744,EXP_DEnsembleModel_Alpha158_csi300_custom_step0_s_20260525_15,d6a82acf003d496094ff6fb6a841b386,,,
2026-05-25,SZ002459,0.12016624239228609,EXP_DEnsembleModel_Alpha158_csi300_custom_step0_s_20260525_15,d6a82acf003d496094ff6fb6a841b386,,,
2026-05-25,SZ002230,0.00342064689601546,EXP_DEnsembleModel_Alpha158_csi300_custom_step0_s_20260525_15,d6a82acf003d496094ff6fb6a841b386,,,
2026-05-25,SZ002460,0.1145000214682576,EXP_DEnsembleModel_Alpha158_csi300_custom_step0_s_20260525_15,d6a82acf003d496094ff6fb6a841b386,,,
2026-05-25,SZ002466,0.09474264979690909,EXP_DEnsembleModel_Alpha158_csi300_custom_step0_s_20260525_15,d6a82acf003d496094ff6fb6a841b386,,,
2026-05-25,SZ002475,-0.06779886233115595,EXP_DEnsembleModel_Alpha158_csi300_custom_step0_s_20260525_15,d6a82acf003d496094ff6fb6a841b386,,,
2026-05-25,SZ002493,0.24584234393013513,EXP_DEnsembleModel_Alpha158_csi300_custom_step0_s_20260525_15,d6a82acf003d496094ff6fb6a841b386,,,
2026-05-25,SZ002594,-0.010093040706634268,EXP_DEnsembleModel_Alpha158_csi300_custom_step0_s_20260525_15,d6a82acf003d496094ff6fb6a841b386,,,
2026-05-25,SZ002600,-0.024279877629451878,EXP_DEnsembleModel_Alpha158_csi300_custom_step0_s_20260525_15,d6a82acf003d496094ff6fb6a841b386,,,
2026-05-25,SZ002601,0.05841446255390791,EXP_DEnsembleModel_Alpha158_csi300_custom_step0_s_20260525_15,d6a82acf003d496094ff6fb6a841b386,,,
2026-05-25,SZ002625,0.020335023480149494,EXP_DEnsembleModel_Alpha158_csi300_custom_step0_s_20260525_15,d6a82acf003d496094ff6fb6a841b386,,,
2026-05-25,SZ002648,0.16228599079130449,EXP_DEnsembleModel_Alpha158_csi300_custom_step0_s_20260525_15,d6a82acf003d496094ff6fb6a841b386,,,
2026-05-25,SZ002709,0.2243176767056139,EXP_DEnsembleModel_Alpha158_csi300_custom_step0_s_20260525_15,d6a82acf003d496094ff6fb6a841b386,,,
2026-05-25,SZ002714,0.015047569546135972,EXP_DEnsembleModel_Alpha158_csi300_custom_step0_s_20260525_15,d6a82acf003d496094ff6fb6a841b386,,,
2026-05-25,SZ002736,-0.0755517299941182,EXP_DEnsembleModel_Alpha158_csi300_custom_step0_s_20260525_15,d6a82acf003d496094ff6fb6a841b386,,,
2026-05-25,SZ002463,-0.02573985969558243,EXP_DEnsembleModel_Alpha158_csi300_custom_step0_s_20260525_15,d6a82acf003d496094ff6fb6a841b386,,,
2026-05-25,SZ002179,0.006055231439239523,EXP_DEnsembleModel_Alpha158_csi300_custom_step0_s_20260525_15,d6a82acf003d496094ff6fb6a841b386,,,
2026-05-25,SZ002142,-0.07873989814569282,EXP_DEnsembleModel_Alpha158_csi300_custom_step0_s_20260525_15,d6a82acf003d496094ff6fb6a841b386,,,
2026-05-25,SZ002074,0.016539281713258525,EXP_DEnsembleModel_Alpha158_csi300_custom_step0_s_20260525_15,d6a82acf003d496094ff6fb6a841b386,,,
2026-05-25,SZ000661,0.04493323485485623,EXP_DEnsembleModel_Alpha158_csi300_custom_step0_s_20260525_15,d6a82acf003d496094ff6fb6a841b386,,,
2026-05-25,SZ000708,0.002234813230769446,EXP_DEnsembleModel_Alpha158_csi300_custom_step0_s_20260525_15,d6a82acf003d496094ff6fb6a841b386,,,
2026-05-25,SZ000725,-0.028636401512565714,EXP_DEnsembleModel_Alpha158_csi300_custom_step0_s_20260525_15,d6a82acf003d496094ff6fb6a841b386,,,
2026-05-25,SZ000768,0.008988959313793315,EXP_DEnsembleModel_Alpha158_csi300_custom_step0_s_20260525_15,d6a82acf003d496094ff6fb6a841b386,,,
2026-05-25,SZ000776,-0.037189749817523945,EXP_DEnsembleModel_Alpha158_csi300_custom_step0_s_20260525_15,d6a82acf003d496094ff6fb6a841b386,,,
2026-05-25,SZ000786,-0.045807466215413824,EXP_DEnsembleModel_Alpha158_csi300_custom_step0_s_20260525_15,d6a82acf003d496094ff6fb6a841b386,,,
2026-05-25,SZ000792,0.1377669433476598,EXP_DEnsembleModel_Alpha158_csi300_custom_step0_s_20260525_15,d6a82acf003d496094ff6fb6a841b386,,,
2026-05-25,SZ000807,0.3352151341613805,EXP_DEnsembleModel_Alpha158_csi300_custom_step0_s_20260525_15,d6a82acf003d496094ff6fb6a841b386,,,
2026-05-25,SZ000858,-0.01945315401521668,EXP_DEnsembleModel_Alpha158_csi300_custom_step0_s_20260525_15,d6a82acf003d496094ff6fb6a841b386,,,
2026-05-25,SZ000876,-0.006721475652926961,EXP_DEnsembleModel_Alpha158_csi300_custom_step0_s_20260525_15,d6a82acf003d496094ff6fb6a841b386,,,
2026-05-25,SZ000895,-0.015381339533040021,EXP_DEnsembleModel_Alpha158_csi300_custom_step0_s_20260525_15,d6a82acf003d496094ff6fb6a841b386,,,
2026-05-25,SZ000938,0.15205823806854452,EXP_DEnsembleModel_Alpha158_csi300_custom_step0_s_20260525_15,d6a82acf003d496094ff6fb6a841b386,,,
2026-05-25,SZ000963,-0.015496706922588257,EXP_DEnsembleModel_Alpha158_csi300_custom_step0_s_20260525_15,d6a82acf003d496094ff6fb6a841b386,,,
2026-05-25,SZ000975,0.11753837208318588,EXP_DEnsembleModel_Alpha158_csi300_custom_step0_s_20260525_15,d6a82acf003d496094ff6fb6a841b386,,,
2026-05-25,SZ000977,0.1892395645983992,EXP_DEnsembleModel_Alpha158_csi300_custom_step0_s_20260525_15,d6a82acf003d496094ff6fb6a841b386,,,
2026-05-25,SZ000983,0.09251746197843318,EXP_DEnsembleModel_Alpha158_csi300_custom_step0_s_20260525_15,d6a82acf003d496094ff6fb6a841b386,,,
2026-05-25,SZ000999,-0.07908543670515303,EXP_DEnsembleModel_Alpha158_csi300_custom_step0_s_20260525_15,d6a82acf003d496094ff6fb6a841b386,,,
2026-05-25,SZ001391,0.005637213470177346,EXP_DEnsembleModel_Alpha158_csi300_custom_step0_s_20260525_15,d6a82acf003d496094ff6fb6a841b386,,,
2026-05-25,SZ001965,0.14105629342823536,EXP_DEnsembleModel_Alpha158_csi300_custom_step0_s_20260525_15,d6a82acf003d496094ff6fb6a841b386,,,
2026-05-25,SZ001979,0.09823881160150388,EXP_DEnsembleModel_Alpha158_csi300_custom_step0_s_20260525_15,d6a82acf003d496094ff6fb6a841b386,,,
2026-05-25,SZ002001,0.13635210703122225,EXP_DEnsembleModel_Alpha158_csi300_custom_step0_s_20260525_15,d6a82acf003d496094ff6fb6a841b386,,,
2026-05-25,SZ002027,0.09353282144925189,EXP_DEnsembleModel_Alpha158_csi300_custom_step0_s_20260525_15,d6a82acf003d496094ff6fb6a841b386,,,
2026-05-25,SZ002028,-0.13372122033997264,EXP_DEnsembleModel_Alpha158_csi300_custom_step0_s_20260525_15,d6a82acf003d496094ff6fb6a841b386,,,
2026-05-25,SZ002049,0.20785761160774824,EXP_DEnsembleModel_Alpha158_csi300_custom_step0_s_20260525_15,d6a82acf003d496094ff6fb6a841b386,,,
2026-05-25,SZ002050,0.08629802623735955,EXP_DEnsembleModel_Alpha158_csi300_custom_step0_s_20260525_15,d6a82acf003d496094ff6fb6a841b386,,,
2026-05-25,SH600905,-0.0247078537940979,EXP_XGBModel_Alpha158_csi300_custom_step0_s_20260525_15,9e8d4fb011764cf886a7202d65eef667,,,
2026-05-25,SH601939,-0.03719107845400779,EXP_DEnsembleModel_Alpha158_csi300_custom_step0_s_20260525_15,d6a82acf003d496094ff6fb6a841b386,,,
2026-05-25,SH600918,-0.03564679995179176,EXP_XGBModel_Alpha158_csi300_custom_step0_s_20260525_15,9e8d4fb011764cf886a7202d65eef667,,,
2026-05-25,SH600926,-0.027041057124733925,EXP_XGBModel_Alpha158_csi300_custom_step0_s_20260525_15,9e8d4fb011764cf886a7202d65eef667,,,
2026-05-25,SZ000895,-0.010864551179111004,EXP_XGBModel_Alpha158_csi300_custom_step0_s_20260525_15,9e8d4fb011764cf886a7202d65eef667,,,
2026-05-25,SZ000938,-0.06613855808973312,EXP_XGBModel_Alpha158_csi300_custom_step0_s_20260525_15,9e8d4fb011764cf886a7202d65eef667,,,
2026-05-25,SZ000963,-0.008500016294419765,EXP_XGBModel_Alpha158_csi300_custom_step0_s_20260525_15,9e8d4fb011764cf886a7202d65eef667,,,
2026-05-25,SZ000975,0.10308754444122314,EXP_XGBModel_Alpha158_csi300_custom_step0_s_20260525_15,9e8d4fb011764cf886a7202d65eef667,,,
2026-05-25,SZ000977,0.04426601156592369,EXP_XGBModel_Alpha158_csi300_custom_step0_s_20260525_15,9e8d4fb011764cf886a7202d65eef667,,,
2026-05-25,SZ000983,0.0844341367483139,EXP_XGBModel_Alpha158_csi300_custom_step0_s_20260525_15,9e8d4fb011764cf886a7202d65eef667,,,
2026-05-25,SZ000999,-0.04608063027262688,EXP_XGBModel_Alpha158_csi300_custom_step0_s_20260525_15,9e8d4fb011764cf886a7202d65eef667,,,
2026-05-25,SZ001391,-0.006083462852984667,EXP_XGBModel_Alpha158_csi300_custom_step0_s_20260525_15,9e8d4fb011764cf886a7202d65eef667,,,
2026-05-25,SZ001965,0.004625833127647638,EXP_XGBModel_Alpha158_csi300_custom_step0_s_20260525_15,9e8d4fb011764cf886a7202d65eef667,,,
2026-05-25,SZ001979,0.053704120218753815,EXP_XGBModel_Alpha158_csi300_custom_step0_s_20260525_15,9e8d4fb011764cf886a7202d65eef667,,,
2026-05-25,SZ002001,0.06666683405637741,EXP_XGBModel_Alpha158_csi300_custom_step0_s_20260525_15,9e8d4fb011764cf886a7202d65eef667,,,
2026-05-25,SZ000876,-0.039127763360738754,EXP_XGBModel_Alpha158_csi300_custom_step0_s_20260525_15,9e8d4fb011764cf886a7202d65eef667,,,
2026-05-25,SZ002027,-0.05146607384085655,EXP_XGBModel_Alpha158_csi300_custom_step0_s_20260525_15,9e8d4fb011764cf886a7202d65eef667,,,
2026-05-25,SZ002049,0.13925182819366455,EXP_XGBModel_Alpha158_csi300_custom_step0_s_20260525_15,9e8d4fb011764cf886a7202d65eef667,,,
2026-05-25,SZ002050,-0.004219776019454002,EXP_XGBModel_Alpha158_csi300_custom_step0_s_20260525_15,9e8d4fb011764cf886a7202d65eef667,,,
2026-05-25,SZ002074,-0.04038514196872711,EXP_XGBModel_Alpha158_csi300_custom_step0_s_20260525_15,9e8d4fb011764cf886a7202d65eef667,,,
2026-05-25,SZ002142,-0.029482580721378326,EXP_XGBModel_Alpha158_csi300_custom_step0_s_20260525_15,9e8d4fb011764cf886a7202d65eef667,,,
2026-05-25,SZ002179,-0.005543983541429043,EXP_XGBModel_Alpha158_csi300_custom_step0_s_20260525_15,9e8d4fb011764cf886a7202d65eef667,,,
2026-05-25,SZ002230,-0.006111994851380587,EXP_XGBModel_Alpha158_csi300_custom_step0_s_20260525_15,9e8d4fb011764cf886a7202d65eef667,,,
2026-05-25,SZ002236,-0.007591382134705782,EXP_XGBModel_Alpha158_csi300_custom_step0_s_20260525_15,9e8d4fb011764cf886a7202d65eef667,,,
2026-05-25,SZ002241,0.02284844033420086,EXP_XGBModel_Alpha158_csi300_custom_step0_s_20260525_15,9e8d4fb011764cf886a7202d65eef667,,,
2026-05-25,SZ002252,-0.01977161318063736,EXP_XGBModel_Alpha158_csi300_custom_step0_s_20260525_15,9e8d4fb011764cf886a7202d65eef667,,,
2026-05-25,SZ002304,-0.030742475762963295,EXP_XGBModel_Alpha158_csi300_custom_step0_s_20260525_15,9e8d4fb011764cf886a7202d65eef667,,,
2026-05-25,SZ002311,-0.045356497168540955,EXP_XGBModel_Alpha158_csi300_custom_step0_s_20260525_15,9e8d4fb011764cf886a7202d65eef667,,,
2026-05-25,SZ002028,-0.024190958589315414,EXP_XGBModel_Alpha158_csi300_custom_step0_s_20260525_15,9e8d4fb011764cf886a7202d65eef667,,,
2026-05-25,SZ002352,-0.012097005732357502,EXP_XGBModel_Alpha158_csi300_custom_step0_s_20260525_15,9e8d4fb011764cf886a7202d65eef667,,,
2026-05-25,SZ000858,-0.013122432865202427,EXP_XGBModel_Alpha158_csi300_custom_step0_s_20260525_15,9e8d4fb011764cf886a7202d65eef667,,,
2026-05-25,SZ000792,0.12452790141105652,EXP_XGBModel_Alpha158_csi300_custom_step0_s_20260525_15,9e8d4fb011764cf886a7202d65eef667,,,
2026-05-25,SZ000001,-0.03163256123661995,EXP_XGBModel_Alpha158_csi300_custom_step0_s_20260525_15,9e8d4fb011764cf886a7202d65eef667,,,
2026-05-25,SZ000002,0.0745532363653183,EXP_XGBModel_Alpha158_csi300_custom_step0_s_20260525_15,9e8d4fb011764cf886a7202d65eef667,,,
2026-05-25,SZ000063,0.004257869906723499,EXP_XGBModel_Alpha158_csi300_custom_step0_s_20260525_15,9e8d4fb011764cf886a7202d65eef667,,,
2026-05-25,SZ000100,-0.0341590978205204,EXP_XGBModel_Alpha158_csi300_custom_step0_s_20260525_15,9e8d4fb011764cf886a7202d65eef667,,,
2026-05-25,SZ000157,-0.02030996046960354,EXP_XGBModel_Alpha158_csi300_custom_step0_s_20260525_15,9e8d4fb011764cf886a7202d65eef667,,,
2026-05-25,SZ000166,-0.03923559933900833,EXP_XGBModel_Alpha158_csi300_custom_step0_s_20260525_15,9e8d4fb011764cf886a7202d65eef667,,,
2026-05-25,SZ000301,0.043044958263635635,EXP_XGBModel_Alpha158_csi300_custom_step0_s_20260525_15,9e8d4fb011764cf886a7202d65eef667,,,
2026-05-25,SZ000333,0.015070046298205853,EXP_XGBModel_Alpha158_csi300_custom_step0_s_20260525_15,9e8d4fb011764cf886a7202d65eef667,,,
2026-05-25,SZ000338,0.19139792025089264,EXP_XGBModel_Alpha158_csi300_custom_step0_s_20260525_15,9e8d4fb011764cf886a7202d65eef667,,,
2026-05-25,SZ000408,0.021291209384799004,EXP_XGBModel_Alpha158_csi300_custom_step0_s_20260525_15,9e8d4fb011764cf886a7202d65eef667,,,
2026-05-25,SZ000425,0.06534802168607712,EXP_XGBModel_Alpha158_csi300_custom_step0_s_20260525_15,9e8d4fb011764cf886a7202d65eef667,,,
2026-05-25,SZ000807,0.41575074195861816,EXP_XGBModel_Alpha158_csi300_custom_step0_s_20260525_15,9e8d4fb011764cf886a7202d65eef667,,,
2026-05-25,SZ000538,-0.06542313098907471,EXP_XGBModel_Alpha158_csi300_custom_step0_s_20260525_15,9e8d4fb011764cf886a7202d65eef667,,,
2026-05-25,SZ000596,-0.041774194687604904,EXP_XGBModel_Alpha158_csi300_custom_step0_s_20260525_15,9e8d4fb011764cf886a7202d65eef667,,,
2026-05-25,SZ000617,0.10946119576692581,EXP_XGBModel_Alpha158_csi300_custom_step0_s_20260525_15,9e8d4fb011764cf886a7202d65eef667,,,
2026-05-25,SZ000625,0.14376002550125122,EXP_XGBModel_Alpha158_csi300_custom_step0_s_20260525_15,9e8d4fb011764cf886a7202d65eef667,,,
2026-05-25,SZ000630,0.06862682104110718,EXP_XGBModel_Alpha158_csi300_custom_step0_s_20260525_15,9e8d4fb011764cf886a7202d65eef667,,,
2026-05-25,SZ000651,-0.007322665303945541,EXP_XGBModel_Alpha158_csi300_custom_step0_s_20260525_15,9e8d4fb011764cf886a7202d65eef667,,,
2026-05-25,SZ000661,-0.0010155944619327784,EXP_XGBModel_Alpha158_csi300_custom_step0_s_20260525_15,9e8d4fb011764cf886a7202d65eef667,,,
2026-05-25,SZ000708,-0.02021622285246849,EXP_XGBModel_Alpha158_csi300_custom_step0_s_20260525_15,9e8d4fb011764cf886a7202d65eef667,,,
2026-05-25,SZ000725,0.10367627441883087,EXP_XGBModel_Alpha158_csi300_custom_step0_s_20260525_15,9e8d4fb011764cf886a7202d65eef667,,,
2026-05-25,SZ000768,0.2744082808494568,EXP_XGBModel_Alpha158_csi300_custom_step0_s_20260525_15,9e8d4fb011764cf886a7202d65eef667,,,
2026-05-25,SZ000776,-0.016449090093374252,EXP_XGBModel_Alpha158_csi300_custom_step0_s_20260525_15,9e8d4fb011764cf886a7202d65eef667,,,
2026-05-25,SZ000786,-0.002960402984172106,EXP_XGBModel_Alpha158_csi300_custom_step0_s_20260525_15,9e8d4fb011764cf886a7202d65eef667,,,
2026-05-25,SZ000568,0.030502652749419212,EXP_XGBModel_Alpha158_csi300_custom_step0_s_20260525_15,9e8d4fb011764cf886a7202d65eef667,,,
2026-05-25,SH688981,0.20193709433078766,EXP_XGBModel_Alpha158_csi300_custom_step0_s_20260525_15,9e8d4fb011764cf886a7202d65eef667,,,
2026-05-25,SZ002371,-0.3968483507633209,EXP_XGBModel_Alpha158_csi300_custom_step0_s_20260525_15,9e8d4fb011764cf886a7202d65eef667,,,
2026-05-25,SZ002415,0.016835475340485573,EXP_XGBModel_Alpha158_csi300_custom_step0_s_20260525_15,9e8d4fb011764cf886a7202d65eef667,,,
2026-05-25,SZ300316,0.033627040684223175,EXP_XGBModel_Alpha158_csi300_custom_step0_s_20260525_15,9e8d4fb011764cf886a7202d65eef667,,,
2026-05-25,SZ300347,0.3471202850341797,EXP_XGBModel_Alpha158_csi300_custom_step0_s_20260525_15,9e8d4fb011764cf886a7202d65eef667,,,
2026-05-25,SZ300394,-0.36978664994239807,EXP_XGBModel_Alpha158_csi300_custom_step0_s_20260525_15,9e8d4fb011764cf886a7202d65eef667,,,
2026-05-25,SZ300408,-0.41675469279289246,EXP_XGBModel_Alpha158_csi300_custom_step0_s_20260525_15,9e8d4fb011764cf886a7202d65eef667,,,
2026-05-25,SZ300413,0.1788623183965683,EXP_XGBModel_Alpha158_csi300_custom_step0_s_20260525_15,9e8d4fb011764cf886a7202d65eef667,,,
2026-05-25,SZ300418,-0.045059069991111755,EXP_XGBModel_Alpha158_csi300_custom_step0_s_20260525_15,9e8d4fb011764cf886a7202d65eef667,,,
2026-05-25,SZ300433,0.2550153136253357,EXP_XGBModel_Alpha158_csi300_custom_step0_s_20260525_15,9e8d4fb011764cf886a7202d65eef667,,,
2026-05-25,SZ300442,-0.02731688879430294,EXP_XGBModel_Alpha158_csi300_custom_step0_s_20260525_15,9e8d4fb011764cf886a7202d65eef667,,,
2026-05-25,SZ300476,-0.014918946661055088,EXP_XGBModel_Alpha158_csi300_custom_step0_s_20260525_15,9e8d4fb011764cf886a7202d65eef667,,,
2026-05-25,SZ300498,0.1257961243391037,EXP_XGBModel_Alpha158_csi300_custom_step0_s_20260525_15,9e8d4fb011764cf886a7202d65eef667,,,
2026-05-25,SZ300502,-0.2574015259742737,EXP_XGBModel_Alpha158_csi300_custom_step0_s_20260525_15,9e8d4fb011764cf886a7202d65eef667,,,
2026-05-25,SZ300308,0.1475650668144226,EXP_XGBModel_Alpha158_csi300_custom_step0_s_20260525_15,9e8d4fb011764cf886a7202d65eef667,,,
2026-05-25,SZ300628,0.03033473715186119,EXP_XGBModel_Alpha158_csi300_custom_step0_s_20260525_15,9e8d4fb011764cf886a7202d65eef667,,,
2026-05-25,SZ300750,-0.01952550932765007,EXP_XGBModel_Alpha158_csi300_custom_step0_s_20260525_15,9e8d4fb011764cf886a7202d65eef667,,,
2026-05-25,SZ300759,0.08173321932554245,EXP_XGBModel_Alpha158_csi300_custom_step0_s_20260525_15,9e8d4fb011764cf886a7202d65eef667,,,
2026-05-25,SZ300760,-0.04982566833496094,EXP_XGBModel_Alpha158_csi300_custom_step0_s_20260525_15,9e8d4fb011764cf886a7202d65eef667,,,
2026-05-25,SZ300782,0.059731632471084595,EXP_XGBModel_Alpha158_csi300_custom_step0_s_20260525_15,9e8d4fb011764cf886a7202d65eef667,,,
2026-05-25,SZ300803,0.07853835076093674,EXP_XGBModel_Alpha158_csi300_custom_step0_s_20260525_15,9e8d4fb011764cf886a7202d65eef667,,,
2026-05-25,SZ300832,0.030675595626235008,EXP_XGBModel_Alpha158_csi300_custom_step0_s_20260525_15,9e8d4fb011764cf886a7202d65eef667,,,
2026-05-25,SZ300866,0.2213943600654602,EXP_XGBModel_Alpha158_csi300_custom_step0_s_20260525_15,9e8d4fb011764cf886a7202d65eef667,,,
2026-05-25,SZ300896,0.06294766068458557,EXP_XGBModel_Alpha158_csi300_custom_step0_s_20260525_15,9e8d4fb011764cf886a7202d65eef667,,,
2026-05-25,SZ300979,-0.004307268653064966,EXP_XGBModel_Alpha158_csi300_custom_step0_s_20260525_15,9e8d4fb011764cf886a7202d65eef667,,,
2026-05-25,SZ300999,-0.043902501463890076,EXP_XGBModel_Alpha158_csi300_custom_step0_s_20260525_15,9e8d4fb011764cf886a7202d65eef667,,,
2026-05-25,SZ301236,-0.05487174540758133,EXP_XGBModel_Alpha158_csi300_custom_step0_s_20260525_15,9e8d4fb011764cf886a7202d65eef667,,,
2026-05-25,SZ300661,0.3859737813472748,EXP_XGBModel_Alpha158_csi300_custom_step0_s_20260525_15,9e8d4fb011764cf886a7202d65eef667,,,
2026-05-25,SZ002384,-0.04512123018503189,EXP_XGBModel_Alpha158_csi300_custom_step0_s_20260525_15,9e8d4fb011764cf886a7202d65eef667,,,
2026-05-25,SZ300274,0.21856145560741425,EXP_XGBModel_Alpha158_csi300_custom_step0_s_20260525_15,9e8d4fb011764cf886a7202d65eef667,,,
2026-05-25,SZ300124,0.26846128702163696,EXP_XGBModel_Alpha158_csi300_custom_step0_s_20260525_15,9e8d4fb011764cf886a7202d65eef667,,,
2026-05-25,SZ002422,-0.007592456415295601,EXP_XGBModel_Alpha158_csi300_custom_step0_s_20260525_15,9e8d4fb011764cf886a7202d65eef667,,,
2026-05-25,SZ002459,0.2464912235736847,EXP_XGBModel_Alpha158_csi300_custom_step0_s_20260525_15,9e8d4fb011764cf886a7202d65eef667,,,
2026-05-25,SZ002460,-0.019491374492645264,EXP_XGBModel_Alpha158_csi300_custom_step0_s_20260525_15,9e8d4fb011764cf886a7202d65eef667,,,
2026-05-25,SZ002463,-0.09277554601430893,EXP_XGBModel_Alpha158_csi300_custom_step0_s_20260525_15,9e8d4fb011764cf886a7202d65eef667,,,
2026-05-25,SZ002466,-0.012307963334023952,EXP_XGBModel_Alpha158_csi300_custom_step0_s_20260525_15,9e8d4fb011764cf886a7202d65eef667,,,
2026-05-25,SZ002475,-0.0757874846458435,EXP_XGBModel_Alpha158_csi300_custom_step0_s_20260525_15,9e8d4fb011764cf886a7202d65eef667,,,
2026-05-25,SZ002493,0.2035944163799286,EXP_XGBModel_Alpha158_csi300_custom_step0_s_20260525_15,9e8d4fb011764cf886a7202d65eef667,,,
2026-05-25,SZ002594,0.02522348426282406,EXP_XGBModel_Alpha158_csi300_custom_step0_s_20260525_15,9e8d4fb011764cf886a7202d65eef667,,,
2026-05-25,SZ002600,0.11378443241119385,EXP_XGBModel_Alpha158_csi300_custom_step0_s_20260525_15,9e8d4fb011764cf886a7202d65eef667,,,
2026-05-25,SZ002601,0.250097393989563,EXP_XGBModel_Alpha158_csi300_custom_step0_s_20260525_15,9e8d4fb011764cf886a7202d65eef667,,,
2026-05-25,SZ002625,-0.2740764915943146,EXP_XGBModel_Alpha158_csi300_custom_step0_s_20260525_15,9e8d4fb011764cf886a7202d65eef667,,,
2026-05-25,SZ300251,0.05439652502536774,EXP_XGBModel_Alpha158_csi300_custom_step0_s_20260525_15,9e8d4fb011764cf886a7202d65eef667,,,
2026-05-25,SZ002648,0.19977860152721405,EXP_XGBModel_Alpha158_csi300_custom_step0_s_20260525_15,9e8d4fb011764cf886a7202d65eef667,,,
2026-05-25,SZ002714,0.08231712877750397,EXP_XGBModel_Alpha158_csi300_custom_step0_s_20260525_15,9e8d4fb011764cf886a7202d65eef667,,,
2026-05-25,SZ002736,-0.02771380916237831,EXP_XGBModel_Alpha158_csi300_custom_step0_s_20260525_15,9e8d4fb011764cf886a7202d65eef667,,,
2026-05-25,SZ002916,-0.3233354389667511,EXP_XGBModel_Alpha158_csi300_custom_step0_s_20260525_15,9e8d4fb011764cf886a7202d65eef667,,,
2026-05-25,SZ002920,-0.02726593241095543,EXP_XGBModel_Alpha158_csi300_custom_step0_s_20260525_15,9e8d4fb011764cf886a7202d65eef667,,,
2026-05-25,SZ002938,0.31918689608573914,EXP_XGBModel_Alpha158_csi300_custom_step0_s_20260525_15,9e8d4fb011764cf886a7202d65eef667,,,
2026-05-25,SZ003816,-0.03829043358564377,EXP_XGBModel_Alpha158_csi300_custom_step0_s_20260525_15,9e8d4fb011764cf886a7202d65eef667,,,
2026-05-25,SZ300014,-0.010900013148784637,EXP_XGBModel_Alpha158_csi300_custom_step0_s_20260525_15,9e8d4fb011764cf886a7202d65eef667,,,
2026-05-25,SZ300015,0.0007465690141543746,EXP_XGBModel_Alpha158_csi300_custom_step0_s_20260525_15,9e8d4fb011764cf886a7202d65eef667,,,
2026-05-25,SZ300033,-0.03004085086286068,EXP_XGBModel_Alpha158_csi300_custom_step0_s_20260525_15,9e8d4fb011764cf886a7202d65eef667,,,
2026-05-25,SZ300059,0.012606466189026833,EXP_XGBModel_Alpha158_csi300_custom_step0_s_20260525_15,9e8d4fb011764cf886a7202d65eef667,,,
2026-05-25,SZ300122,-0.02367313764989376,EXP_XGBModel_Alpha158_csi300_custom_step0_s_20260525_15,9e8d4fb011764cf886a7202d65eef667,,,
2026-05-25,SZ002709,0.04334967955946922,EXP_XGBModel_Alpha158_csi300_custom_step0_s_20260525_15,9e8d4fb011764cf886a7202d65eef667,,,
2026-05-25,SH688506,0.4032128155231476,EXP_XGBModel_Alpha158_csi300_custom_step0_s_20260525_15,9e8d4fb011764cf886a7202d65eef667,,,
2026-05-25,SH688472,-0.023381372913718224,EXP_XGBModel_Alpha158_csi300_custom_step0_s_20260525_15,9e8d4fb011764cf886a7202d65eef667,,,
2026-05-25,SH688396,0.026948772370815277,EXP_XGBModel_Alpha158_csi300_custom_step0_s_20260525_15,9e8d4fb011764cf886a7202d65eef667,,,
2026-05-25,SH601236,-0.03993868827819824,EXP_XGBModel_Alpha158_csi300_custom_step0_s_20260525_15,9e8d4fb011764cf886a7202d65eef667,,,
2026-05-25,SH601238,-0.014315297827124596,EXP_XGBModel_Alpha158_csi300_custom_step0_s_20260525_15,9e8d4fb011764cf886a7202d65eef667,,,
2026-05-25,SH601288,-0.029255852103233337,EXP_XGBModel_Alpha158_csi300_custom_step0_s_20260525_15,9e8d4fb011764cf886a7202d65eef667,,,
2026-05-25,SH601298,-0.02617400884628296,EXP_XGBModel_Alpha158_csi300_custom_step0_s_20260525_15,9e8d4fb011764cf886a7202d65eef667,,,
2026-05-25,SH601318,-0.01593671925365925,EXP_XGBModel_Alpha158_csi300_custom_step0_s_20260525_15,9e8d4fb011764cf886a7202d65eef667,,,
2026-05-25,SH601319,0.006414067931473255,EXP_XGBModel_Alpha158_csi300_custom_step0_s_20260525_15,9e8d4fb011764cf886a7202d65eef667,,,
2026-05-25,SH601328,-0.057349931448698044,EXP_XGBModel_Alpha158_csi300_custom_step0_s_20260525_15,9e8d4fb011764cf886a7202d65eef667,,,
2026-05-25,SH601336,0.007742832414805889,EXP_XGBModel_Alpha158_csi300_custom_step0_s_20260525_15,9e8d4fb011764cf886a7202d65eef667,,,
2026-05-25,SH601360,0.021007776260375977,EXP_XGBModel_Alpha158_csi300_custom_step0_s_20260525_15,9e8d4fb011764cf886a7202d65eef667,,,
2026-05-25,SH601377,-0.02436053566634655,EXP_XGBModel_Alpha158_csi300_custom_step0_s_20260525_15,9e8d4fb011764cf886a7202d65eef667,,,
2026-05-25,SH601390,-0.0351330041885376,EXP_XGBModel_Alpha158_csi300_custom_step0_s_20260525_15,9e8d4fb011764cf886a7202d65eef667,,,
2026-05-25,SH601229,-0.04814651608467102,EXP_XGBModel_Alpha158_csi300_custom_step0_s_20260525_15,9e8d4fb011764cf886a7202d65eef667,,,
2026-05-25,SH601398,-0.03490758687257767,EXP_XGBModel_Alpha158_csi300_custom_step0_s_20260525_15,9e8d4fb011764cf886a7202d65eef667,,,
2026-05-25,SH601600,0.0594332292675972,EXP_XGBModel_Alpha158_csi300_custom_step0_s_20260525_15,9e8d4fb011764cf886a7202d65eef667,,,
2026-05-25,SH601601,-0.033999644219875336,EXP_XGBModel_Alpha158_csi300_custom_step0_s_20260525_15,9e8d4fb011764cf886a7202d65eef667,,,
2026-05-25,SH601607,-0.04205534979701042,EXP_XGBModel_Alpha158_csi300_custom_step0_s_20260525_15,9e8d4fb011764cf886a7202d65eef667,,,
2026-05-25,SH601618,0.013548891060054302,EXP_XGBModel_Alpha158_csi300_custom_step0_s_20260525_15,9e8d4fb011764cf886a7202d65eef667,,,
2026-05-25,SH601628,0.024828122928738594,EXP_XGBModel_Alpha158_csi300_custom_step0_s_20260525_15,9e8d4fb011764cf886a7202d65eef667,,,
2026-05-25,SH601633,0.00918264128267765,EXP_XGBModel_Alpha158_csi300_custom_step0_s_20260525_15,9e8d4fb011764cf886a7202d65eef667,,,
2026-05-25,SH601658,-0.02670784294605255,EXP_XGBModel_Alpha158_csi300_custom_step0_s_20260525_15,9e8d4fb011764cf886a7202d65eef667,,,
2026-05-25,SH601668,-0.04314315319061279,EXP_XGBModel_Alpha158_csi300_custom_step0_s_20260525_15,9e8d4fb011764cf886a7202d65eef667,,,
2026-05-25,SH601669,0.0019878216553479433,EXP_XGBModel_Alpha158_csi300_custom_step0_s_20260525_15,9e8d4fb011764cf886a7202d65eef667,,,
2026-05-25,SH601688,-0.006814090069383383,EXP_XGBModel_Alpha158_csi300_custom_step0_s_20260525_15,9e8d4fb011764cf886a7202d65eef667,,,
2026-05-25,SH601689,-0.00866116862744093,EXP_XGBModel_Alpha158_csi300_custom_step0_s_20260525_15,9e8d4fb011764cf886a7202d65eef667,,,
2026-05-25,SH601456,-0.044934649020433426,EXP_XGBModel_Alpha158_csi300_custom_step0_s_20260525_15,9e8d4fb011764cf886a7202d65eef667,,,
2026-05-25,SH601698,0.014508174732327461,EXP_XGBModel_Alpha158_csi300_custom_step0_s_20260525_15,9e8d4fb011764cf886a7202d65eef667,,,
2026-05-25,SH601225,0.04346400499343872,EXP_XGBModel_Alpha158_csi300_custom_step0_s_20260525_15,9e8d4fb011764cf886a7202d65eef667,,,
2026-05-25,SH601186,-0.05329018086194992,EXP_XGBModel_Alpha158_csi300_custom_step0_s_20260525_15,9e8d4fb011764cf886a7202d65eef667,,,
2026-05-25,SH600930,0.011918195523321629,EXP_XGBModel_Alpha158_csi300_custom_step0_s_20260525_15,9e8d4fb011764cf886a7202d65eef667,,,
2026-05-25,SH600938,0.006885377690196037,EXP_XGBModel_Alpha158_csi300_custom_step0_s_20260525_15,9e8d4fb011764cf886a7202d65eef667,,,
2026-05-25,SH600941,-0.014581184834241867,EXP_XGBModel_Alpha158_csi300_custom_step0_s_20260525_15,9e8d4fb011764cf886a7202d65eef667,,,
2026-05-25,SH600958,-0.0037283897399902344,EXP_XGBModel_Alpha158_csi300_custom_step0_s_20260525_15,9e8d4fb011764cf886a7202d65eef667,,,
2026-05-25,SH600989,0.06294815242290497,EXP_XGBModel_Alpha158_csi300_custom_step0_s_20260525_15,9e8d4fb011764cf886a7202d65eef667,,,
2026-05-25,SH600999,0.033874936401844025,EXP_XGBModel_Alpha158_csi300_custom_step0_s_20260525_15,9e8d4fb011764cf886a7202d65eef667,,,
2026-05-25,SH601006,-0.029254091903567314,EXP_XGBModel_Alpha158_csi300_custom_step0_s_20260525_15,9e8d4fb011764cf886a7202d65eef667,,,
2026-05-25,SH601009,-0.04478159919381142,EXP_XGBModel_Alpha158_csi300_custom_step0_s_20260525_15,9e8d4fb011764cf886a7202d65eef667,,,
2026-05-25,SH601012,0.0860854908823967,EXP_XGBModel_Alpha158_csi300_custom_step0_s_20260525_15,9e8d4fb011764cf886a7202d65eef667,,,
2026-05-25,SH601018,-0.035235971212387085,EXP_XGBModel_Alpha158_csi300_custom_step0_s_20260525_15,9e8d4fb011764cf886a7202d65eef667,,,
2026-05-25,SH601021,0.004903115332126617,EXP_XGBModel_Alpha158_csi300_custom_step0_s_20260525_15,9e8d4fb011764cf886a7202d65eef667,,,
2026-05-25,SH601211,-0.03822832927107811,EXP_XGBModel_Alpha158_csi300_custom_step0_s_20260525_15,9e8d4fb011764cf886a7202d65eef667,,,
2026-05-25,SH601058,-0.006339447107166052,EXP_XGBModel_Alpha158_csi300_custom_step0_s_20260525_15,9e8d4fb011764cf886a7202d65eef667,,,
2026-05-25,SH601066,0.009069964289665222,EXP_XGBModel_Alpha158_csi300_custom_step0_s_20260525_15,9e8d4fb011764cf886a7202d65eef667,,,
2026-05-25,SH601077,-0.029473792761564255,EXP_XGBModel_Alpha158_csi300_custom_step0_s_20260525_15,9e8d4fb011764cf886a7202d65eef667,,,
2026-05-25,SH601088,0.039176326245069504,EXP_XGBModel_Alpha158_csi300_custom_step0_s_20260525_15,9e8d4fb011764cf886a7202d65eef667,,,
2026-05-25,SH601100,-0.023440856486558914,EXP_XGBModel_Alpha158_csi300_custom_step0_s_20260525_15,9e8d4fb011764cf886a7202d65eef667,,,
2026-05-25,SH601111,-0.009591503068804741,EXP_XGBModel_Alpha158_csi300_custom_step0_s_20260525_15,9e8d4fb011764cf886a7202d65eef667,,,
2026-05-25,SH601117,-0.031207306310534477,EXP_XGBModel_Alpha158_csi300_custom_step0_s_20260525_15,9e8d4fb011764cf886a7202d65eef667,,,
2026-05-25,SH601127,-0.018057972192764282,EXP_XGBModel_Alpha158_csi300_custom_step0_s_20260525_15,9e8d4fb011764cf886a7202d65eef667,,,
2026-05-25,SH601136,-0.01749122515320778,EXP_XGBModel_Alpha158_csi300_custom_step0_s_20260525_15,9e8d4fb011764cf886a7202d65eef667,,,
2026-05-25,SH601138,-0.032073065638542175,EXP_XGBModel_Alpha158_csi300_custom_step0_s_20260525_15,9e8d4fb011764cf886a7202d65eef667,,,
2026-05-25,SH601166,-0.027925588190555573,EXP_XGBModel_Alpha158_csi300_custom_step0_s_20260525_15,9e8d4fb011764cf886a7202d65eef667,,,
2026-05-25,SH601169,-0.05471349135041237,EXP_XGBModel_Alpha158_csi300_custom_step0_s_20260525_15,9e8d4fb011764cf886a7202d65eef667,,,
2026-05-25,SH601059,0.00168635044246912,EXP_XGBModel_Alpha158_csi300_custom_step0_s_20260525_15,9e8d4fb011764cf886a7202d65eef667,,,
2026-05-25,SH601728,-0.12406565994024277,EXP_XGBModel_Alpha158_csi300_custom_step0_s_20260525_15,9e8d4fb011764cf886a7202d65eef667,,,
2026-05-25,SH601766,-0.03280675783753395,EXP_XGBModel_Alpha158_csi300_custom_step0_s_20260525_15,9e8d4fb011764cf886a7202d65eef667,,,
2026-05-25,SH601788,-0.012900300323963165,EXP_XGBModel_Alpha158_csi300_custom_step0_s_20260525_15,9e8d4fb011764cf886a7202d65eef667,,,
2026-05-25,SH603369,0.04655494913458824,EXP_XGBModel_Alpha158_csi300_custom_step0_s_20260525_15,9e8d4fb011764cf886a7202d65eef667,,,
2026-05-25,SH603392,-0.05558227747678757,EXP_XGBModel_Alpha158_csi300_custom_step0_s_20260525_15,9e8d4fb011764cf886a7202d65eef667,,,
2026-05-25,SH603501,0.055106498301029205,EXP_XGBModel_Alpha158_csi300_custom_step0_s_20260525_15,9e8d4fb011764cf886a7202d65eef667,,,
2026-05-25,SH603799,0.039829447865486145,EXP_XGBModel_Alpha158_csi300_custom_step0_s_20260525_15,9e8d4fb011764cf886a7202d65eef667,,,
2026-05-25,SH603893,0.02207843028008938,EXP_XGBModel_Alpha158_csi300_custom_step0_s_20260525_15,9e8d4fb011764cf886a7202d65eef667,,,
2026-05-25,SH603986,-0.0068017300218343735,EXP_XGBModel_Alpha158_csi300_custom_step0_s_20260525_15,9e8d4fb011764cf886a7202d65eef667,,,
2026-05-25,SH603993,0.05810483545064926,EXP_XGBModel_Alpha158_csi300_custom_step0_s_20260525_15,9e8d4fb011764cf886a7202d65eef667,,,
2026-05-25,SH605117,0.10329160839319229,EXP_XGBModel_Alpha158_csi300_custom_step0_s_20260525_15,9e8d4fb011764cf886a7202d65eef667,,,
2026-05-25,SH605499,0.1535826325416565,EXP_XGBModel_Alpha158_csi300_custom_step0_s_20260525_15,9e8d4fb011764cf886a7202d65eef667,,,
2026-05-25,SH688008,-0.762920618057251,EXP_XGBModel_Alpha158_csi300_custom_step0_s_20260525_15,9e8d4fb011764cf886a7202d65eef667,,,
2026-05-25,SH688009,-0.018368668854236603,EXP_XGBModel_Alpha158_csi300_custom_step0_s_20260525_15,9e8d4fb011764cf886a7202d65eef667,,,
2026-05-25,SH603296,0.06455328315496445,EXP_XGBModel_Alpha158_csi300_custom_step0_s_20260525_15,9e8d4fb011764cf886a7202d65eef667,,,
2026-05-25,SH688012,-0.24209342896938324,EXP_XGBModel_Alpha158_csi300_custom_step0_s_20260525_15,9e8d4fb011764cf886a7202d65eef667,,,
2026-05-25,SH688041,-0.41048887372016907,EXP_XGBModel_Alpha158_csi300_custom_step0_s_20260525_15,9e8d4fb011764cf886a7202d65eef667,,,
2026-05-25,SH688047,-0.18964579701423645,EXP_XGBModel_Alpha158_csi300_custom_step0_s_20260525_15,9e8d4fb011764cf886a7202d65eef667,,,
2026-05-25,SH688082,0.40972045063972473,EXP_XGBModel_Alpha158_csi300_custom_step0_s_20260525_15,9e8d4fb011764cf886a7202d65eef667,,,
2026-05-25,SH688111,0.017527589574456215,EXP_XGBModel_Alpha158_csi300_custom_step0_s_20260525_15,9e8d4fb011764cf886a7202d65eef667,,,
2026-05-25,SH688126,-0.19767352938652039,EXP_XGBModel_Alpha158_csi300_custom_step0_s_20260525_15,9e8d4fb011764cf886a7202d65eef667,,,
2026-05-25,SH688169,-0.010405057109892368,EXP_XGBModel_Alpha158_csi300_custom_step0_s_20260525_15,9e8d4fb011764cf886a7202d65eef667,,,
2026-05-25,SH688187,-0.06254484504461288,EXP_XGBModel_Alpha158_csi300_custom_step0_s_20260525_15,9e8d4fb011764cf886a7202d65eef667,,,
2026-05-25,SH688223,-0.029014509171247482,EXP_XGBModel_Alpha158_csi300_custom_step0_s_20260525_15,9e8d4fb011764cf886a7202d65eef667,,,
2026-05-25,SH688256,0.031934745609760284,EXP_XGBModel_Alpha158_csi300_custom_step0_s_20260525_15,9e8d4fb011764cf886a7202d65eef667,,,
2026-05-25,SH688271,-0.04805394634604454,EXP_XGBModel_Alpha158_csi300_custom_step0_s_20260525_15,9e8d4fb011764cf886a7202d65eef667,,,
2026-05-25,SH688303,-0.0067415377125144005,EXP_XGBModel_Alpha158_csi300_custom_step0_s_20260525_15,9e8d4fb011764cf886a7202d65eef667,,,
2026-05-25,SH688036,0.08770095556974411,EXP_XGBModel_Alpha158_csi300_custom_step0_s_20260525_15,9e8d4fb011764cf886a7202d65eef667,,,
2026-05-25,SH603288,0.004836391191929579,EXP_XGBModel_Alpha158_csi300_custom_step0_s_20260525_15,9e8d4fb011764cf886a7202d65eef667,,,
2026-05-25,SH603260,-0.023557808250188828,EXP_XGBModel_Alpha158_csi300_custom_step0_s_20260525_15,9e8d4fb011764cf886a7202d65eef667,,,
2026-05-25,SH603259,0.012094116769731045,EXP_XGBModel_Alpha158_csi300_custom_step0_s_20260525_15,9e8d4fb011764cf886a7202d65eef667,,,
2026-05-25,SH601800,0.009731875732541084,EXP_XGBModel_Alpha158_csi300_custom_step0_s_20260525_15,9e8d4fb011764cf886a7202d65eef667,,,
2026-05-25,SH601808,0.017120203003287315,EXP_XGBModel_Alpha158_csi300_custom_step0_s_20260525_15,9e8d4fb011764cf886a7202d65eef667,,,
2026-05-25,SH601816,-0.04739179089665413,EXP_XGBModel_Alpha158_csi300_custom_step0_s_20260525_15,9e8d4fb011764cf886a7202d65eef667,,,
2026-05-25,SH601818,-0.050953786820173264,EXP_XGBModel_Alpha158_csi300_custom_step0_s_20260525_15,9e8d4fb011764cf886a7202d65eef667,,,
2026-05-25,SH601825,-0.01800943911075592,EXP_XGBModel_Alpha158_csi300_custom_step0_s_20260525_15,9e8d4fb011764cf886a7202d65eef667,,,
2026-05-25,SH601838,-0.02599249966442585,EXP_XGBModel_Alpha158_csi300_custom_step0_s_20260525_15,9e8d4fb011764cf886a7202d65eef667,,,
2026-05-25,SH601857,-0.009102157317101955,EXP_XGBModel_Alpha158_csi300_custom_step0_s_20260525_15,9e8d4fb011764cf886a7202d65eef667,,,
2026-05-25,SH601868,-0.03257320076227188,EXP_XGBModel_Alpha158_csi300_custom_step0_s_20260525_15,9e8d4fb011764cf886a7202d65eef667,,,
2026-05-25,SH601872,-0.22438587248325348,EXP_XGBModel_Alpha158_csi300_custom_step0_s_20260525_15,9e8d4fb011764cf886a7202d65eef667,,,
2026-05-25,SH601877,0.051267459988594055,EXP_XGBModel_Alpha158_csi300_custom_step0_s_20260525_15,9e8d4fb011764cf886a7202d65eef667,,,
2026-05-25,SH601878,-0.008925171568989754,EXP_XGBModel_Alpha158_csi300_custom_step0_s_20260525_15,9e8d4fb011764cf886a7202d65eef667,,,
2026-05-25,SH601881,-0.044646408408880234,EXP_XGBModel_Alpha158_csi300_custom_step0_s_20260525_15,9e8d4fb011764cf886a7202d65eef667,,,
2026-05-25,SH601888,0.08639761805534363,EXP_XGBModel_Alpha158_csi300_custom_step0_s_20260525_15,9e8d4fb011764cf886a7202d65eef667,,,
2026-05-25,SH601898,-0.008834985084831715,EXP_XGBModel_Alpha158_csi300_custom_step0_s_20260525_15,9e8d4fb011764cf886a7202d65eef667,,,
2026-05-25,SH601899,-0.014148980379104614,EXP_XGBModel_Alpha158_csi300_custom_step0_s_20260525_15,9e8d4fb011764cf886a7202d65eef667,,,
2026-05-25,SH601901,-0.006505451165139675,EXP_XGBModel_Alpha158_csi300_custom_step0_s_20260525_15,9e8d4fb011764cf886a7202d65eef667,,,
2026-05-25,SH601916,-0.0309466402977705,EXP_XGBModel_Alpha158_csi300_custom_step0_s_20260525_15,9e8d4fb011764cf886a7202d65eef667,,,
2026-05-25,SH601919,-0.04968474432826042,EXP_XGBModel_Alpha158_csi300_custom_step0_s_20260525_15,9e8d4fb011764cf886a7202d65eef667,,,
2026-05-25,SH601939,-0.008518248796463013,EXP_XGBModel_Alpha158_csi300_custom_step0_s_20260525_15,9e8d4fb011764cf886a7202d65eef667,,,
2026-05-25,SH601985,-0.01631619967520237,EXP_XGBModel_Alpha158_csi300_custom_step0_s_20260525_15,9e8d4fb011764cf886a7202d65eef667,,,
2026-05-25,SH601988,-0.007861226797103882,EXP_XGBModel_Alpha158_csi300_custom_step0_s_20260525_15,9e8d4fb011764cf886a7202d65eef667,,,
2026-05-25,SH601995,0.004831882193684578,EXP_XGBModel_Alpha158_csi300_custom_step0_s_20260525_15,9e8d4fb011764cf886a7202d65eef667,,,
2026-05-25,SH601998,-0.03895432502031326,EXP_XGBModel_Alpha158_csi300_custom_step0_s_20260525_15,9e8d4fb011764cf886a7202d65eef667,,,
2026-05-25,SH603019,0.03899814933538437,EXP_XGBModel_Alpha158_csi300_custom_step0_s_20260525_15,9e8d4fb011764cf886a7202d65eef667,,,
2026-05-25,SH603195,0.00898855272680521,EXP_XGBModel_Alpha158_csi300_custom_step0_s_20260525_15,9e8d4fb011764cf886a7202d65eef667,,,
2026-05-25,SH600919,-0.006773612927645445,EXP_XGBModel_Alpha158_csi300_custom_step0_s_20260525_15,9e8d4fb011764cf886a7202d65eef667,,,
2026-05-25,SH601919,-0.06369323581265664,EXP_DEnsembleModel_Alpha158_csi300_custom_step0_s_20260525_15,d6a82acf003d496094ff6fb6a841b386,,,
2026-05-25,SH601916,-0.0021844175725758697,EXP_DEnsembleModel_Alpha158_csi300_custom_step0_s_20260525_15,d6a82acf003d496094ff6fb6a841b386,,,
2026-05-25,SH601901,0.07159272963494602,EXP_DEnsembleModel_Alpha158_csi300_custom_step0_s_20260525_15,d6a82acf003d496094ff6fb6a841b386,,,
2026-05-25,SH601877,0.01081521217196123,EXP_LGBModel_Alpha158_csi300_custom_step0_s_20260525_17,2dcf4baf192b4b6982f5e426ab651c92,,,
2026-05-25,SH601878,-0.0029320614534215183,EXP_LGBModel_Alpha158_csi300_custom_step0_s_20260525_17,2dcf4baf192b4b6982f5e426ab651c92,,,
2026-05-25,SH601881,-0.011526951813205785,EXP_LGBModel_Alpha158_csi300_custom_step0_s_20260525_17,2dcf4baf192b4b6982f5e426ab651c92,,,
2026-05-25,SH601888,0.009578864670864313,EXP_LGBModel_Alpha158_csi300_custom_step0_s_20260525_17,2dcf4baf192b4b6982f5e426ab651c92,,,
2026-05-25,SH601898,0.01357449618277525,EXP_LGBModel_Alpha158_csi300_custom_step0_s_20260525_17,2dcf4baf192b4b6982f5e426ab651c92,,,
2026-05-25,SH601899,-0.008133177508124183,EXP_LGBModel_Alpha158_csi300_custom_step0_s_20260525_17,2dcf4baf192b4b6982f5e426ab651c92,,,
2026-05-25,SH601901,-0.007817907080846159,EXP_LGBModel_Alpha158_csi300_custom_step0_s_20260525_17,2dcf4baf192b4b6982f5e426ab651c92,,,
2026-05-25,SH601916,-0.014694265218519147,EXP_LGBModel_Alpha158_csi300_custom_step0_s_20260525_17,2dcf4baf192b4b6982f5e426ab651c92,,,
2026-05-25,SH601919,-0.015053536194024388,EXP_LGBModel_Alpha158_csi300_custom_step0_s_20260525_17,2dcf4baf192b4b6982f5e426ab651c92,,,
2026-05-25,SH601939,-0.010355488893114606,EXP_LGBModel_Alpha158_csi300_custom_step0_s_20260525_17,2dcf4baf192b4b6982f5e426ab651c92,,,
2026-05-25,SH601985,-0.003134977546543346,EXP_LGBModel_Alpha158_csi300_custom_step0_s_20260525_17,2dcf4baf192b4b6982f5e426ab651c92,,,
2026-05-25,SH601872,0.011685541365333335,EXP_LGBModel_Alpha158_csi300_custom_step0_s_20260525_17,2dcf4baf192b4b6982f5e426ab651c92,,,
2026-05-25,SH601988,0.004384914652341869,EXP_LGBModel_Alpha158_csi300_custom_step0_s_20260525_17,2dcf4baf192b4b6982f5e426ab651c92,,,
2026-05-25,SH601998,-0.015531185794025779,EXP_LGBModel_Alpha158_csi300_custom_step0_s_20260525_17,2dcf4baf192b4b6982f5e426ab651c92,,,
2026-05-25,SH603019,0.03159388517742565,EXP_LGBModel_Alpha158_csi300_custom_step0_s_20260525_17,2dcf4baf192b4b6982f5e426ab651c92,,,
2026-05-25,SH603195,-0.01207390517436943,EXP_LGBModel_Alpha158_csi300_custom_step0_s_20260525_17,2dcf4baf192b4b6982f5e426ab651c92,,,
2026-05-25,SH603259,-0.006483611317559266,EXP_LGBModel_Alpha158_csi300_custom_step0_s_20260525_17,2dcf4baf192b4b6982f5e426ab651c92,,,
2026-05-25,SH603260,-0.008775735618590798,EXP_LGBModel_Alpha158_csi300_custom_step0_s_20260525_17,2dcf4baf192b4b6982f5e426ab651c92,,,
2026-05-25,SH603288,-0.0032007399035478955,EXP_LGBModel_Alpha158_csi300_custom_step0_s_20260525_17,2dcf4baf192b4b6982f5e426ab651c92,,,
2026-05-25,SH603296,0.033853512551039154,EXP_LGBModel_Alpha158_csi300_custom_step0_s_20260525_17,2dcf4baf192b4b6982f5e426ab651c92,,,
2026-05-25,SH603369,0.03963127225650142,EXP_LGBModel_Alpha158_csi300_custom_step0_s_20260525_17,2dcf4baf192b4b6982f5e426ab651c92,,,
2026-05-25,SH603392,0.0010646457257566576,EXP_LGBModel_Alpha158_csi300_custom_step0_s_20260525_17,2dcf4baf192b4b6982f5e426ab651c92,,,
2026-05-25,SH603501,0.02031844836487161,EXP_LGBModel_Alpha158_csi300_custom_step0_s_20260525_17,2dcf4baf192b4b6982f5e426ab651c92,,,
2026-05-25,SH603799,-0.008579061686772726,EXP_LGBModel_Alpha158_csi300_custom_step0_s_20260525_17,2dcf4baf192b4b6982f5e426ab651c92,,,
2026-05-25,SH601995,0.015235266972756317,EXP_LGBModel_Alpha158_csi300_custom_step0_s_20260525_17,2dcf4baf192b4b6982f5e426ab651c92,,,
2026-05-25,SH603893,0.05153284300023376,EXP_LGBModel_Alpha158_csi300_custom_step0_s_20260525_17,2dcf4baf192b4b6982f5e426ab651c92,,,
2026-05-25,SH601868,-0.002417369109788038,EXP_LGBModel_Alpha158_csi300_custom_step0_s_20260525_17,2dcf4baf192b4b6982f5e426ab651c92,,,
2026-05-25,SH601838,-0.018471824895061044,EXP_LGBModel_Alpha158_csi300_custom_step0_s_20260525_17,2dcf4baf192b4b6982f5e426ab651c92,,,
2026-05-25,SH601377,-0.014089203291135067,EXP_LGBModel_Alpha158_csi300_custom_step0_s_20260525_17,2dcf4baf192b4b6982f5e426ab651c92,,,
2026-05-25,SH601390,-0.0005514448302291246,EXP_LGBModel_Alpha158_csi300_custom_step0_s_20260525_17,2dcf4baf192b4b6982f5e426ab651c92,,,
2026-05-25,SH601398,-0.015330679652254495,EXP_LGBModel_Alpha158_csi300_custom_step0_s_20260525_17,2dcf4baf192b4b6982f5e426ab651c92,,,
2026-05-25,SH601456,-0.028527219644593,EXP_LGBModel_Alpha158_csi300_custom_step0_s_20260525_17,2dcf4baf192b4b6982f5e426ab651c92,,,
2026-05-25,SH601600,-0.01188066590550518,EXP_LGBModel_Alpha158_csi300_custom_step0_s_20260525_17,2dcf4baf192b4b6982f5e426ab651c92,,,
2026-05-25,SH601601,-0.007057157284575868,EXP_LGBModel_Alpha158_csi300_custom_step0_s_20260525_17,2dcf4baf192b4b6982f5e426ab651c92,,,
2026-05-25,SH601607,-0.02471335090073188,EXP_LGBModel_Alpha158_csi300_custom_step0_s_20260525_17,2dcf4baf192b4b6982f5e426ab651c92,,,
2026-05-25,SH601618,-0.0036881793901128645,EXP_LGBModel_Alpha158_csi300_custom_step0_s_20260525_17,2dcf4baf192b4b6982f5e426ab651c92,,,
2026-05-25,SH601628,-0.0024830740331684645,EXP_LGBModel_Alpha158_csi300_custom_step0_s_20260525_17,2dcf4baf192b4b6982f5e426ab651c92,,,
2026-05-25,SH601633,0.002588331528496122,EXP_LGBModel_Alpha158_csi300_custom_step0_s_20260525_17,2dcf4baf192b4b6982f5e426ab651c92,,,
2026-05-25,SH601658,-0.012190554823050927,EXP_LGBModel_Alpha158_csi300_custom_step0_s_20260525_17,2dcf4baf192b4b6982f5e426ab651c92,,,
2026-05-25,SH601857,-1.8635784752597674e-06,EXP_LGBModel_Alpha158_csi300_custom_step0_s_20260525_17,2dcf4baf192b4b6982f5e426ab651c92,,,
2026-05-25,SH601668,-0.019679451255882146,EXP_LGBModel_Alpha158_csi300_custom_step0_s_20260525_17,2dcf4baf192b4b6982f5e426ab651c92,,,
2026-05-25,SH601688,-0.0022004124428778174,EXP_LGBModel_Alpha158_csi300_custom_step0_s_20260525_17,2dcf4baf192b4b6982f5e426ab651c92,,,
2026-05-25,SH601689,0.10319144867154421,EXP_LGBModel_Alpha158_csi300_custom_step0_s_20260525_17,2dcf4baf192b4b6982f5e426ab651c92,,,
2026-05-25,SH601698,-0.012149080494076404,EXP_LGBModel_Alpha158_csi300_custom_step0_s_20260525_17,2dcf4baf192b4b6982f5e426ab651c92,,,
2026-05-25,SH601728,-0.002442116086173143,EXP_LGBModel_Alpha158_csi300_custom_step0_s_20260525_17,2dcf4baf192b4b6982f5e426ab651c92,,,
2026-05-25,SH601766,-0.03131481405700999,EXP_LGBModel_Alpha158_csi300_custom_step0_s_20260525_17,2dcf4baf192b4b6982f5e426ab651c92,,,
2026-05-25,SH601788,-0.017471810949494192,EXP_LGBModel_Alpha158_csi300_custom_step0_s_20260525_17,2dcf4baf192b4b6982f5e426ab651c92,,,
2026-05-25,SH601800,0.002588331528496122,EXP_LGBModel_Alpha158_csi300_custom_step0_s_20260525_17,2dcf4baf192b4b6982f5e426ab651c92,,,
2026-05-25,SH601808,0.0008626342657196182,EXP_LGBModel_Alpha158_csi300_custom_step0_s_20260525_17,2dcf4baf192b4b6982f5e426ab651c92,,,
2026-05-25,SH601816,-0.02298157926447761,EXP_LGBModel_Alpha158_csi300_custom_step0_s_20260525_17,2dcf4baf192b4b6982f5e426ab651c92,,,
2026-05-25,SH601818,-0.009146370127812118,EXP_LGBModel_Alpha158_csi300_custom_step0_s_20260525_17,2dcf4baf192b4b6982f5e426ab651c92,,,
2026-05-25,SH601825,-0.01907555391943689,EXP_LGBModel_Alpha158_csi300_custom_step0_s_20260525_17,2dcf4baf192b4b6982f5e426ab651c92,,,
2026-05-25,SH601669,-0.002076993267220826,EXP_LGBModel_Alpha158_csi300_custom_step0_s_20260525_17,2dcf4baf192b4b6982f5e426ab651c92,,,
2026-05-25,SH601360,0.0016438039417019774,EXP_LGBModel_Alpha158_csi300_custom_step0_s_20260525_17,2dcf4baf192b4b6982f5e426ab651c92,,,
2026-05-25,SH603986,-0.009901302797504737,EXP_LGBModel_Alpha158_csi300_custom_step0_s_20260525_17,2dcf4baf192b4b6982f5e426ab651c92,,,
2026-05-25,SH605117,0.06411793428266192,EXP_LGBModel_Alpha158_csi300_custom_step0_s_20260525_17,2dcf4baf192b4b6982f5e426ab651c92,,,
2026-05-25,SZ000338,0.019638753799075773,EXP_LGBModel_Alpha158_csi300_custom_step0_s_20260525_17,2dcf4baf192b4b6982f5e426ab651c92,,,
2026-05-25,SZ000408,-0.002575406580383288,EXP_LGBModel_Alpha158_csi300_custom_step0_s_20260525_17,2dcf4baf192b4b6982f5e426ab651c92,,,
2026-05-25,SZ000425,-0.0009266062310242276,EXP_LGBModel_Alpha158_csi300_custom_step0_s_20260525_17,2dcf4baf192b4b6982f5e426ab651c92,,,
2026-05-25,SZ000538,-0.02488104416229957,EXP_LGBModel_Alpha158_csi300_custom_step0_s_20260525_17,2dcf4baf192b4b6982f5e426ab651c92,,,
2026-05-25,SZ000568,-0.01735061028231765,EXP_LGBModel_Alpha158_csi300_custom_step0_s_20260525_17,2dcf4baf192b4b6982f5e426ab651c92,,,
2026-05-25,SZ000596,0.0029550737407017342,EXP_LGBModel_Alpha158_csi300_custom_step0_s_20260525_17,2dcf4baf192b4b6982f5e426ab651c92,,,
2026-05-25,SZ000617,0.005098730850758089,EXP_LGBModel_Alpha158_csi300_custom_step0_s_20260525_17,2dcf4baf192b4b6982f5e426ab651c92,,,
2026-05-25,SZ000625,-0.0005107444740183724,EXP_LGBModel_Alpha158_csi300_custom_step0_s_20260525_17,2dcf4baf192b4b6982f5e426ab651c92,,,
2026-05-25,SZ000630,0.003265175206319689,EXP_LGBModel_Alpha158_csi300_custom_step0_s_20260525_17,2dcf4baf192b4b6982f5e426ab651c92,,,
2026-05-25,SZ000651,0.000873978657593473,EXP_LGBModel_Alpha158_csi300_custom_step0_s_20260525_17,2dcf4baf192b4b6982f5e426ab651c92,,,
2026-05-25,SZ000661,-0.008591478103938614,EXP_LGBModel_Alpha158_csi300_custom_step0_s_20260525_17,2dcf4baf192b4b6982f5e426ab651c92,,,
2026-05-25,SZ000333,0.02013772186449989,EXP_LGBModel_Alpha158_csi300_custom_step0_s_20260525_17,2dcf4baf192b4b6982f5e426ab651c92,,,
2026-05-25,SZ000708,-0.0011297411246957482,EXP_LGBModel_Alpha158_csi300_custom_step0_s_20260525_17,2dcf4baf192b4b6982f5e426ab651c92,,,
2026-05-25,SZ000768,-0.005461891428870613,EXP_LGBModel_Alpha158_csi300_custom_step0_s_20260525_17,2dcf4baf192b4b6982f5e426ab651c92,,,
2026-05-25,SZ000776,-0.006916291644882269,EXP_LGBModel_Alpha158_csi300_custom_step0_s_20260525_17,2dcf4baf192b4b6982f5e426ab651c92,,,
2026-05-25,SZ000786,-0.01218418317111357,EXP_LGBModel_Alpha158_csi300_custom_step0_s_20260525_17,2dcf4baf192b4b6982f5e426ab651c92,,,
2026-05-25,SZ000792,0.01917886610870561,EXP_LGBModel_Alpha158_csi300_custom_step0_s_20260525_17,2dcf4baf192b4b6982f5e426ab651c92,,,
2026-05-25,SZ000807,0.01587873416024616,EXP_LGBModel_Alpha158_csi300_custom_step0_s_20260525_17,2dcf4baf192b4b6982f5e426ab651c92,,,
2026-05-25,SZ000858,0.0007279700269562485,EXP_LGBModel_Alpha158_csi300_custom_step0_s_20260525_17,2dcf4baf192b4b6982f5e426ab651c92,,,
2026-05-25,SZ000876,-0.020970964152954012,EXP_LGBModel_Alpha158_csi300_custom_step0_s_20260525_17,2dcf4baf192b4b6982f5e426ab651c92,,,
2026-05-25,SZ000895,-0.006234757314102372,EXP_LGBModel_Alpha158_csi300_custom_step0_s_20260525_17,2dcf4baf192b4b6982f5e426ab651c92,,,
2026-05-25,SZ000938,0.06265641815771025,EXP_LGBModel_Alpha158_csi300_custom_step0_s_20260525_17,2dcf4baf192b4b6982f5e426ab651c92,,,
2026-05-25,SZ000963,0.002588331528496122,EXP_LGBModel_Alpha158_csi300_custom_step0_s_20260525_17,2dcf4baf192b4b6982f5e426ab651c92,,,
2026-05-25,SZ000975,0.053662255323700316,EXP_LGBModel_Alpha158_csi300_custom_step0_s_20260525_17,2dcf4baf192b4b6982f5e426ab651c92,,,
2026-05-25,SZ000725,-0.0008318548174046309,EXP_LGBModel_Alpha158_csi300_custom_step0_s_20260525_17,2dcf4baf192b4b6982f5e426ab651c92,,,
2026-05-25,SH603993,0.0020589535373042255,EXP_LGBModel_Alpha158_csi300_custom_step0_s_20260525_17,2dcf4baf192b4b6982f5e426ab651c92,,,
2026-05-25,SZ000301,0.016661655907283107,EXP_LGBModel_Alpha158_csi300_custom_step0_s_20260525_17,2dcf4baf192b4b6982f5e426ab651c92,,,
2026-05-25,SZ000157,-0.0035979545142293566,EXP_LGBModel_Alpha158_csi300_custom_step0_s_20260525_17,2dcf4baf192b4b6982f5e426ab651c92,,,
2026-05-25,SH605499,-0.00999591676561877,EXP_LGBModel_Alpha158_csi300_custom_step0_s_20260525_17,2dcf4baf192b4b6982f5e426ab651c92,,,
2026-05-25,SH688008,0.007979420433191699,EXP_LGBModel_Alpha158_csi300_custom_step0_s_20260525_17,2dcf4baf192b4b6982f5e426ab651c92,,,
2026-05-25,SH688009,-0.014132136270276974,EXP_LGBModel_Alpha158_csi300_custom_step0_s_20260525_17,2dcf4baf192b4b6982f5e426ab651c92,,,
2026-05-25,SH688012,-0.009620477573110176,EXP_LGBModel_Alpha158_csi300_custom_step0_s_20260525_17,2dcf4baf192b4b6982f5e426ab651c92,,,
2026-05-25,SH688036,0.04294018982885521,EXP_LGBModel_Alpha158_csi300_custom_step0_s_20260525_17,2dcf4baf192b4b6982f5e426ab651c92,,,
2026-05-25,SH688041,0.0008882311083128531,EXP_LGBModel_Alpha158_csi300_custom_step0_s_20260525_17,2dcf4baf192b4b6982f5e426ab651c92,,,
2026-05-25,SH688047,0.030509862255901354,EXP_LGBModel_Alpha158_csi300_custom_step0_s_20260525_17,2dcf4baf192b4b6982f5e426ab651c92,,,
2026-05-25,SH688082,-9.442230226494255e-10,EXP_LGBModel_Alpha158_csi300_custom_step0_s_20260525_17,2dcf4baf192b4b6982f5e426ab651c92,,,
2026-05-25,SH688111,0.03182890448396914,EXP_LGBModel_Alpha158_csi300_custom_step0_s_20260525_17,2dcf4baf192b4b6982f5e426ab651c92,,,
2026-05-25,SH688126,-0.015198911174522519,EXP_LGBModel_Alpha158_csi300_custom_step0_s_20260525_17,2dcf4baf192b4b6982f5e426ab651c92,,,
2026-05-25,SH688169,0.011743444564480936,EXP_LGBModel_Alpha158_csi300_custom_step0_s_20260525_17,2dcf4baf192b4b6982f5e426ab651c92,,,
2026-05-25,SZ000166,-0.0176880187826201,EXP_LGBModel_Alpha158_csi300_custom_step0_s_20260525_17,2dcf4baf192b4b6982f5e426ab651c92,,,
2026-05-25,SH688187,0.002059554857512494,EXP_LGBModel_Alpha158_csi300_custom_step0_s_20260525_17,2dcf4baf192b4b6982f5e426ab651c92,,,
2026-05-25,SH688256,0.03745636478657303,EXP_LGBModel_Alpha158_csi300_custom_step0_s_20260525_17,2dcf4baf192b4b6982f5e426ab651c92,,,
2026-05-25,SH688271,-0.00883442457776222,EXP_LGBModel_Alpha158_csi300_custom_step0_s_20260525_17,2dcf4baf192b4b6982f5e426ab651c92,,,
2026-05-25,SH688303,0.002588331528496122,EXP_LGBModel_Alpha158_csi300_custom_step0_s_20260525_17,2dcf4baf192b4b6982f5e426ab651c92,,,
2026-05-25,SH688396,0.022150170382750245,EXP_LGBModel_Alpha158_csi300_custom_step0_s_20260525_17,2dcf4baf192b4b6982f5e426ab651c92,,,
2026-05-25,SH688472,0.0010302118660138492,EXP_LGBModel_Alpha158_csi300_custom_step0_s_20260525_17,2dcf4baf192b4b6982f5e426ab651c92,,,
2026-05-25,SH688506,0.017919698575990742,EXP_LGBModel_Alpha158_csi300_custom_step0_s_20260525_17,2dcf4baf192b4b6982f5e426ab651c92,,,
2026-05-25,SH688981,-9.442230226494255e-10,EXP_LGBModel_Alpha158_csi300_custom_step0_s_20260525_17,2dcf4baf192b4b6982f5e426ab651c92,,,
2026-05-25,SZ000001,-0.013335707220088592,EXP_LGBModel_Alpha158_csi300_custom_step0_s_20260525_17,2dcf4baf192b4b6982f5e426ab651c92,,,
2026-05-25,SZ000002,0.0068364313569738815,EXP_LGBModel_Alpha158_csi300_custom_step0_s_20260525_17,2dcf4baf192b4b6982f5e426ab651c92,,,
2026-05-25,SZ000063,0.020803768850574313,EXP_LGBModel_Alpha158_csi300_custom_step0_s_20260525_17,2dcf4baf192b4b6982f5e426ab651c92,,,
2026-05-25,SZ000100,0.0003417021016355753,EXP_LGBModel_Alpha158_csi300_custom_step0_s_20260525_17,2dcf4baf192b4b6982f5e426ab651c92,,,
2026-05-25,SH688223,-0.012983572459074944,EXP_LGBModel_Alpha158_csi300_custom_step0_s_20260525_17,2dcf4baf192b4b6982f5e426ab651c92,,,
2026-05-25,SH601336,-0.005481767084800838,EXP_LGBModel_Alpha158_csi300_custom_step0_s_20260525_17,2dcf4baf192b4b6982f5e426ab651c92,,,
2026-05-25,SH601328,-0.028527219644593,EXP_LGBModel_Alpha158_csi300_custom_step0_s_20260525_17,2dcf4baf192b4b6982f5e426ab651c92,,,
2026-05-25,SH601319,-0.00989766143131922,EXP_LGBModel_Alpha158_csi300_custom_step0_s_20260525_17,2dcf4baf192b4b6982f5e426ab651c92,,,
2026-05-25,SH600161,-0.022664340124193466,EXP_LGBModel_Alpha158_csi300_custom_step0_s_20260525_17,2dcf4baf192b4b6982f5e426ab651c92,,,
2026-05-25,SH600176,0.015936283031134313,EXP_LGBModel_Alpha158_csi300_custom_step0_s_20260525_17,2dcf4baf192b4b6982f5e426ab651c92,,,
2026-05-25,SH600183,0.01201813108517303,EXP_LGBModel_Alpha158_csi300_custom_step0_s_20260525_17,2dcf4baf192b4b6982f5e426ab651c92,,,
2026-05-25,SH600188,0.03404699987518649,EXP_LGBModel_Alpha158_csi300_custom_step0_s_20260525_17,2dcf4baf192b4b6982f5e426ab651c92,,,
2026-05-25,SH600196,-0.012806444047680936,EXP_LGBModel_Alpha158_csi300_custom_step0_s_20260525_17,2dcf4baf192b4b6982f5e426ab651c92,,,
2026-05-25,SH600219,0.047230445044507796,EXP_LGBModel_Alpha158_csi300_custom_step0_s_20260525_17,2dcf4baf192b4b6982f5e426ab651c92,,,
2026-05-25,SH600233,0.005350731832210207,EXP_LGBModel_Alpha158_csi300_custom_step0_s_20260525_17,2dcf4baf192b4b6982f5e426ab651c92,,,
2026-05-25,SH600276,-0.006312400942662661,EXP_LGBModel_Alpha158_csi300_custom_step0_s_20260525_17,2dcf4baf192b4b6982f5e426ab651c92,,,
2026-05-25,SH600309,0.002588331528496122,EXP_LGBModel_Alpha158_csi300_custom_step0_s_20260525_17,2dcf4baf192b4b6982f5e426ab651c92,,,
2026-05-25,SH600346,0.009578864670864313,EXP_LGBModel_Alpha158_csi300_custom_step0_s_20260525_17,2dcf4baf192b4b6982f5e426ab651c92,,,
2026-05-25,SH600362,-0.01633537304824472,EXP_LGBModel_Alpha158_csi300_custom_step0_s_20260525_17,2dcf4baf192b4b6982f5e426ab651c92,,,
2026-05-25,SH600160,-0.004847941720760286,EXP_LGBModel_Alpha158_csi300_custom_step0_s_20260525_17,2dcf4baf192b4b6982f5e426ab651c92,,,
2026-05-25,SH600372,-0.004534362016639154,EXP_LGBModel_Alpha158_csi300_custom_step0_s_20260525_17,2dcf4baf192b4b6982f5e426ab651c92,,,
2026-05-25,SH600406,-0.007737120390025044,EXP_LGBModel_Alpha158_csi300_custom_step0_s_20260525_17,2dcf4baf192b4b6982f5e426ab651c92,,,
2026-05-25,SH600415,0.0016893431447232016,EXP_LGBModel_Alpha158_csi300_custom_step0_s_20260525_17,2dcf4baf192b4b6982f5e426ab651c92,,,
2026-05-25,SH600426,0.03061877601634653,EXP_LGBModel_Alpha158_csi300_custom_step0_s_20260525_17,2dcf4baf192b4b6982f5e426ab651c92,,,
2026-05-25,SH600436,0.009380306987211248,EXP_LGBModel_Alpha158_csi300_custom_step0_s_20260525_17,2dcf4baf192b4b6982f5e426ab651c92,,,
2026-05-25,SH600438,-0.007744621023788798,EXP_LGBModel_Alpha158_csi300_custom_step0_s_20260525_17,2dcf4baf192b4b6982f5e426ab651c92,,,
2026-05-25,SH600460,0.029074087948239673,EXP_LGBModel_Alpha158_csi300_custom_step0_s_20260525_17,2dcf4baf192b4b6982f5e426ab651c92,,,
2026-05-25,SH600482,-0.003506869244431659,EXP_LGBModel_Alpha158_csi300_custom_step0_s_20260525_17,2dcf4baf192b4b6982f5e426ab651c92,,,
2026-05-25,SH600489,-0.0020234362565805532,EXP_LGBModel_Alpha158_csi300_custom_step0_s_20260525_17,2dcf4baf192b4b6982f5e426ab651c92,,,
2026-05-25,SH600515,-0.0071147059453637905,EXP_LGBModel_Alpha158_csi300_custom_step0_s_20260525_17,2dcf4baf192b4b6982f5e426ab651c92,,,
2026-05-25,SH600519,-0.030208243207064448,EXP_LGBModel_Alpha158_csi300_custom_step0_s_20260525_17,2dcf4baf192b4b6982f5e426ab651c92,,,
2026-05-25,SH600522,0.08860562804306675,EXP_LGBModel_Alpha158_csi300_custom_step0_s_20260525_17,2dcf4baf192b4b6982f5e426ab651c92,,,
2026-05-25,SH600377,0.023997724387185938,EXP_LGBModel_Alpha158_csi300_custom_step0_s_20260525_17,2dcf4baf192b4b6982f5e426ab651c92,,,
2026-05-25,SH600547,0.015157298272276656,EXP_LGBModel_Alpha158_csi300_custom_step0_s_20260525_17,2dcf4baf192b4b6982f5e426ab651c92,,,
2026-05-25,SH600150,0.09614499458740595,EXP_LGBModel_Alpha158_csi300_custom_step0_s_20260525_17,2dcf4baf192b4b6982f5e426ab651c92,,,
2026-05-25,SH600111,-0.003126112198486353,EXP_LGBModel_Alpha158_csi300_custom_step0_s_20260525_17,2dcf4baf192b4b6982f5e426ab651c92,,,
2026-05-25,SH600009,-0.025606942281018043,EXP_LGBModel_Alpha158_csi300_custom_step0_s_20260525_17,2dcf4baf192b4b6982f5e426ab651c92,,,
2026-05-25,SH600010,-0.0025863828744325875,EXP_LGBModel_Alpha158_csi300_custom_step0_s_20260525_17,2dcf4baf192b4b6982f5e426ab651c92,,,
2026-05-25,SH600011,0.01985611104218005,EXP_LGBModel_Alpha158_csi300_custom_step0_s_20260525_17,2dcf4baf192b4b6982f5e426ab651c92,,,
2026-05-25,SH600015,-0.024165188645982733,EXP_LGBModel_Alpha158_csi300_custom_step0_s_20260525_17,2dcf4baf192b4b6982f5e426ab651c92,,,
2026-05-25,SH600016,-0.016665004090484006,EXP_LGBModel_Alpha158_csi300_custom_step0_s_20260525_17,2dcf4baf192b4b6982f5e426ab651c92,,,
2026-05-25,SH600018,-0.01019290098428799,EXP_LGBModel_Alpha158_csi300_custom_step0_s_20260525_17,2dcf4baf192b4b6982f5e426ab651c92,,,
2026-05-25,SH600019,-0.0016158119615220928,EXP_LGBModel_Alpha158_csi300_custom_step0_s_20260525_17,2dcf4baf192b4b6982f5e426ab651c92,,,
2026-05-25,SH600023,0.004197188107615339,EXP_LGBModel_Alpha158_csi300_custom_step0_s_20260525_17,2dcf4baf192b4b6982f5e426ab651c92,,,
2026-05-25,SH600025,-0.02071561047079848,EXP_LGBModel_Alpha158_csi300_custom_step0_s_20260525_17,2dcf4baf192b4b6982f5e426ab651c92,,,
2026-05-25,SH600026,0.010779557297469718,EXP_LGBModel_Alpha158_csi300_custom_step0_s_20260525_17,2dcf4baf192b4b6982f5e426ab651c92,,,
2026-05-25,SH600027,0.016556315521205383,EXP_LGBModel_Alpha158_csi300_custom_step0_s_20260525_17,2dcf4baf192b4b6982f5e426ab651c92,,,
2026-05-25,SH600115,0.0009842602121021907,EXP_LGBModel_Alpha158_csi300_custom_step0_s_20260525_17,2dcf4baf192b4b6982f5e426ab651c92,,,
2026-05-25,SH600028,0.0010646457257566576,EXP_LGBModel_Alpha158_csi300_custom_step0_s_20260525_17,2dcf4baf192b4b6982f5e426ab651c92,,,
2026-05-25,SH600030,0.01263870806871101,EXP_LGBModel_Alpha158_csi300_custom_step0_s_20260525_17,2dcf4baf192b4b6982f5e426ab651c92,,,
2026-05-25,SH600031,-0.0011297411246957482,EXP_LGBModel_Alpha158_csi300_custom_step0_s_20260525_17,2dcf4baf192b4b6982f5e426ab651c92,,,
2026-05-25,SH600036,-0.02822329111928615,EXP_LGBModel_Alpha158_csi300_custom_step0_s_20260525_17,2dcf4baf192b4b6982f5e426ab651c92,,,
2026-05-25,SH600039,-0.004617299587658252,EXP_LGBModel_Alpha158_csi300_custom_step0_s_20260525_17,2dcf4baf192b4b6982f5e426ab651c92,,,
2026-05-25,SH600048,0.007136532287375659,EXP_LGBModel_Alpha158_csi300_custom_step0_s_20260525_17,2dcf4baf192b4b6982f5e426ab651c92,,,
2026-05-25,SH600050,-0.003919884609036068,EXP_LGBModel_Alpha158_csi300_custom_step0_s_20260525_17,2dcf4baf192b4b6982f5e426ab651c92,,,
2026-05-25,SH600061,-0.007951277991092612,EXP_LGBModel_Alpha158_csi300_custom_step0_s_20260525_17,2dcf4baf192b4b6982f5e426ab651c92,,,
2026-05-25,SH600066,0.011500507152829973,EXP_LGBModel_Alpha158_csi300_custom_step0_s_20260525_17,2dcf4baf192b4b6982f5e426ab651c92,,,
2026-05-25,SH600085,-0.011656811058031067,EXP_LGBModel_Alpha158_csi300_custom_step0_s_20260525_17,2dcf4baf192b4b6982f5e426ab651c92,,,
2026-05-25,SH600089,-0.01578974784489495,EXP_LGBModel_Alpha158_csi300_custom_step0_s_20260525_17,2dcf4baf192b4b6982f5e426ab651c92,,,
2026-05-25,SH600104,-0.01430643240512332,EXP_LGBModel_Alpha158_csi300_custom_step0_s_20260525_17,2dcf4baf192b4b6982f5e426ab651c92,,,
2026-05-25,SH600029,-0.0012642351881240698,EXP_LGBModel_Alpha158_csi300_custom_step0_s_20260525_17,2dcf4baf192b4b6982f5e426ab651c92,,,
2026-05-25,SH600570,-0.007367070292294845,EXP_LGBModel_Alpha158_csi300_custom_step0_s_20260525_17,2dcf4baf192b4b6982f5e426ab651c92,,,
2026-05-25,SH600584,-0.01245557028658435,EXP_LGBModel_Alpha158_csi300_custom_step0_s_20260525_17,2dcf4baf192b4b6982f5e426ab651c92,,,
2026-05-25,SH600585,-0.011597624550551999,EXP_LGBModel_Alpha158_csi300_custom_step0_s_20260525_17,2dcf4baf192b4b6982f5e426ab651c92,,,
2026-05-25,SH601018,-0.030275754380290502,EXP_LGBModel_Alpha158_csi300_custom_step0_s_20260525_17,2dcf4baf192b4b6982f5e426ab651c92,,,
2026-05-25,SH601021,-0.0044995813002303535,EXP_LGBModel_Alpha158_csi300_custom_step0_s_20260525_17,2dcf4baf192b4b6982f5e426ab651c92,,,
2026-05-25,SH601058,0.0028338941766537524,EXP_LGBModel_Alpha158_csi300_custom_step0_s_20260525_17,2dcf4baf192b4b6982f5e426ab651c92,,,
2026-05-25,SH601059,0.005372753768557983,EXP_LGBModel_Alpha158_csi300_custom_step0_s_20260525_17,2dcf4baf192b4b6982f5e426ab651c92,,,
2026-05-25,SH601066,0.01965360984555587,EXP_LGBModel_Alpha158_csi300_custom_step0_s_20260525_17,2dcf4baf192b4b6982f5e426ab651c92,,,
2026-05-25,SH601077,-0.020995562915344598,EXP_LGBModel_Alpha158_csi300_custom_step0_s_20260525_17,2dcf4baf192b4b6982f5e426ab651c92,,,
2026-05-25,SH601088,-0.0037085143401814286,EXP_LGBModel_Alpha158_csi300_custom_step0_s_20260525_17,2dcf4baf192b4b6982f5e426ab651c92,,,
2026-05-25,SH601100,0.0054258398469384,EXP_LGBModel_Alpha158_csi300_custom_step0_s_20260525_17,2dcf4baf192b4b6982f5e426ab651c92,,,
2026-05-25,SH601111,0.004811594091493671,EXP_LGBModel_Alpha158_csi300_custom_step0_s_20260525_17,2dcf4baf192b4b6982f5e426ab651c92,,,
2026-05-25,SH601117,-0.012432109791511282,EXP_LGBModel_Alpha158_csi300_custom_step0_s_20260525_17,2dcf4baf192b4b6982f5e426ab651c92,,,
2026-05-25,SH601127,-0.02418282037922277,EXP_LGBModel_Alpha158_csi300_custom_step0_s_20260525_17,2dcf4baf192b4b6982f5e426ab651c92,,,
2026-05-25,SH601012,-0.000958789586600873,EXP_LGBModel_Alpha158_csi300_custom_step0_s_20260525_17,2dcf4baf192b4b6982f5e426ab651c92,,,
2026-05-25,SH601136,-0.002746294693908663,EXP_LGBModel_Alpha158_csi300_custom_step0_s_20260525_17,2dcf4baf192b4b6982f5e426ab651c92,,,
2026-05-25,SH601166,-0.026445309221167095,EXP_LGBModel_Alpha158_csi300_custom_step0_s_20260525_17,2dcf4baf192b4b6982f5e426ab651c92,,,
2026-05-25,SH601169,-0.039938766837215374,EXP_LGBModel_Alpha158_csi300_custom_step0_s_20260525_17,2dcf4baf192b4b6982f5e426ab651c92,,,
2026-05-25,SH601186,-0.019871743279840426,EXP_LGBModel_Alpha158_csi300_custom_step0_s_20260525_17,2dcf4baf192b4b6982f5e426ab651c92,,,
2026-05-25,SH601211,-0.01263412125154832,EXP_LGBModel_Alpha158_csi300_custom_step0_s_20260525_17,2dcf4baf192b4b6982f5e426ab651c92,,,
2026-05-25,SH601225,-0.012686947627199116,EXP_LGBModel_Alpha158_csi300_custom_step0_s_20260525_17,2dcf4baf192b4b6982f5e426ab651c92,,,
2026-05-25,SH601229,-0.0168326973520517,EXP_LGBModel_Alpha158_csi300_custom_step0_s_20260525_17,2dcf4baf192b4b6982f5e426ab651c92,,,
2026-05-25,SH601236,-0.010129470596008928,EXP_LGBModel_Alpha158_csi300_custom_step0_s_20260525_17,2dcf4baf192b4b6982f5e426ab651c92,,,
2026-05-25,SH601238,-0.01079917093094833,EXP_LGBModel_Alpha158_csi300_custom_step0_s_20260525_17,2dcf4baf192b4b6982f5e426ab651c92,,,
2026-05-25,SH601288,-0.015330679652254495,EXP_LGBModel_Alpha158_csi300_custom_step0_s_20260525_17,2dcf4baf192b4b6982f5e426ab651c92,,,
2026-05-25,SH601298,-0.011817179217052413,EXP_LGBModel_Alpha158_csi300_custom_step0_s_20260525_17,2dcf4baf192b4b6982f5e426ab651c92,,,
2026-05-25,SH601318,-0.011306247805179637,EXP_LGBModel_Alpha158_csi300_custom_step0_s_20260525_17,2dcf4baf192b4b6982f5e426ab651c92,,,
2026-05-25,SH601138,0.04611309820629681,EXP_LGBModel_Alpha158_csi300_custom_step0_s_20260525_17,2dcf4baf192b4b6982f5e426ab651c92,,,
2026-05-25,SH601009,-0.015224357253879332,EXP_LGBModel_Alpha158_csi300_custom_step0_s_20260525_17,2dcf4baf192b4b6982f5e426ab651c92,,,
2026-05-25,SH601006,-0.01606770772545462,EXP_LGBModel_Alpha158_csi300_custom_step0_s_20260525_17,2dcf4baf192b4b6982f5e426ab651c92,,,
2026-05-25,SH600999,0.0017494822836270512,EXP_LGBModel_Alpha158_csi300_custom_step0_s_20260525_17,2dcf4baf192b4b6982f5e426ab651c92,,,
2026-05-25,SH600588,0.0003469076493457328,EXP_LGBModel_Alpha158_csi300_custom_step0_s_20260525_17,2dcf4baf192b4b6982f5e426ab651c92,,,
2026-05-25,SH600600,-0.04563831927058345,EXP_LGBModel_Alpha158_csi300_custom_step0_s_20260525_17,2dcf4baf192b4b6982f5e426ab651c92,,,
2026-05-25,SH600660,-0.043902991406401574,EXP_LGBModel_Alpha158_csi300_custom_step0_s_20260525_17,2dcf4baf192b4b6982f5e426ab651c92,,,
2026-05-25,SH600674,0.01214333500776056,EXP_LGBModel_Alpha158_csi300_custom_step0_s_20260525_17,2dcf4baf192b4b6982f5e426ab651c92,,,
2026-05-25,SH600690,-0.016255228747841945,EXP_LGBModel_Alpha158_csi300_custom_step0_s_20260525_17,2dcf4baf192b4b6982f5e426ab651c92,,,
2026-05-25,SH600741,-0.0020344302767578365,EXP_LGBModel_Alpha158_csi300_custom_step0_s_20260525_17,2dcf4baf192b4b6982f5e426ab651c92,,,
2026-05-25,SH600760,-0.008775735618590798,EXP_LGBModel_Alpha158_csi300_custom_step0_s_20260525_17,2dcf4baf192b4b6982f5e426ab651c92,,,
2026-05-25,SH600795,0.02293372755275789,EXP_LGBModel_Alpha158_csi300_custom_step0_s_20260525_17,2dcf4baf192b4b6982f5e426ab651c92,,,
2026-05-25,SH600803,-0.002076993267220826,EXP_LGBModel_Alpha158_csi300_custom_step0_s_20260525_17,2dcf4baf192b4b6982f5e426ab651c92,,,
2026-05-25,SH600809,0.0008147863805650904,EXP_LGBModel_Alpha158_csi300_custom_step0_s_20260525_17,2dcf4baf192b4b6982f5e426ab651c92,,,
2026-05-25,SH600845,-0.014844649406024299,EXP_LGBModel_Alpha158_csi300_custom_step0_s_20260525_17,2dcf4baf192b4b6982f5e426ab651c92,,,
2026-05-25,SH600875,0.0028283723790340333,EXP_LGBModel_Alpha158_csi300_custom_step0_s_20260525_17,2dcf4baf192b4b6982f5e426ab651c92,,,
2026-05-25,SH600886,-0.017524805098557188,EXP_LGBModel_Alpha158_csi300_custom_step0_s_20260525_17,2dcf4baf192b4b6982f5e426ab651c92,,,
2026-05-25,SH600887,0.006512066577851523,EXP_LGBModel_Alpha158_csi300_custom_step0_s_20260525_17,2dcf4baf192b4b6982f5e426ab651c92,,,
2026-05-25,SH600893,0.005871548209124328,EXP_LGBModel_Alpha158_csi300_custom_step0_s_20260525_17,2dcf4baf192b4b6982f5e426ab651c92,,,
2026-05-25,SH600900,-0.013318742863480502,EXP_LGBModel_Alpha158_csi300_custom_step0_s_20260525_17,2dcf4baf192b4b6982f5e426ab651c92,,,
2026-05-25,SH600905,0.001164631634073766,EXP_LGBModel_Alpha158_csi300_custom_step0_s_20260525_17,2dcf4baf192b4b6982f5e426ab651c92,,,
2026-05-25,SH600918,-0.011179619559212121,EXP_LGBModel_Alpha158_csi300_custom_step0_s_20260525_17,2dcf4baf192b4b6982f5e426ab651c92,,,
2026-05-25,SH600919,0.0032062921420667532,EXP_LGBModel_Alpha158_csi300_custom_step0_s_20260525_17,2dcf4baf192b4b6982f5e426ab651c92,,,
2026-05-25,SH600926,-0.01427856465564502,EXP_LGBModel_Alpha158_csi300_custom_step0_s_20260525_17,2dcf4baf192b4b6982f5e426ab651c92,,,
2026-05-25,SH600930,0.018406932099591874,EXP_LGBModel_Alpha158_csi300_custom_step0_s_20260525_17,2dcf4baf192b4b6982f5e426ab651c92,,,
2026-05-25,SH600938,-0.004006759835907929,EXP_LGBModel_Alpha158_csi300_custom_step0_s_20260525_17,2dcf4baf192b4b6982f5e426ab651c92,,,
2026-05-25,SH600941,-0.001956715440632555,EXP_LGBModel_Alpha158_csi300_custom_step0_s_20260525_17,2dcf4baf192b4b6982f5e426ab651c92,,,
2026-05-25,SH600958,0.005600783208547531,EXP_LGBModel_Alpha158_csi300_custom_step0_s_20260525_17,2dcf4baf192b4b6982f5e426ab651c92,,,
2026-05-25,SH600989,0.006622416653497554,EXP_LGBModel_Alpha158_csi300_custom_step0_s_20260525_17,2dcf4baf192b4b6982f5e426ab651c92,,,
2026-05-25,SZ000977,0.04481574304414033,EXP_LGBModel_Alpha158_csi300_custom_step0_s_20260525_17,2dcf4baf192b4b6982f5e426ab651c92,,,
2026-05-25,SZ000983,0.014167211967305297,EXP_LGBModel_Alpha158_csi300_custom_step0_s_20260525_17,2dcf4baf192b4b6982f5e426ab651c92,,,
2026-05-25,SZ000999,-0.008162837195114566,EXP_LGBModel_Alpha158_csi300_custom_step0_s_20260525_17,2dcf4baf192b4b6982f5e426ab651c92,,,
2026-05-25,SZ001391,-0.005822552526018631,EXP_LGBModel_Alpha158_csi300_custom_step0_s_20260525_17,2dcf4baf192b4b6982f5e426ab651c92,,,
2026-05-25,SH600845,-0.006080209065765909,EXP_DEnsembleModel_Alpha158_csi300_custom_step0_s_20260525_15,d6a82acf003d496094ff6fb6a841b386,,,
2026-05-25,SH600875,-0.00922891550442398,EXP_DEnsembleModel_Alpha158_csi300_custom_step0_s_20260525_15,d6a82acf003d496094ff6fb6a841b386,,,
2026-05-25,SH600886,-0.032222281572455956,EXP_DEnsembleModel_Alpha158_csi300_custom_step0_s_20260525_15,d6a82acf003d496094ff6fb6a841b386,,,
2026-05-25,SH600887,-0.03381495955076593,EXP_DEnsembleModel_Alpha158_csi300_custom_step0_s_20260525_15,d6a82acf003d496094ff6fb6a841b386,,,
2026-05-25,SH600893,0.0730551732330947,EXP_DEnsembleModel_Alpha158_csi300_custom_step0_s_20260525_15,d6a82acf003d496094ff6fb6a841b386,,,
2026-05-25,SH600900,-0.011856623432019814,EXP_DEnsembleModel_Alpha158_csi300_custom_step0_s_20260525_15,d6a82acf003d496094ff6fb6a841b386,,,
2026-05-25,SH600905,0.029774983399434154,EXP_DEnsembleModel_Alpha158_csi300_custom_step0_s_20260525_15,d6a82acf003d496094ff6fb6a841b386,,,
2026-05-25,SH600918,-0.03581968962056226,EXP_DEnsembleModel_Alpha158_csi300_custom_step0_s_20260525_15,d6a82acf003d496094ff6fb6a841b386,,,
2026-05-25,SH600919,-0.021285758567073588,EXP_DEnsembleModel_Alpha158_csi300_custom_step0_s_20260525_15,d6a82acf003d496094ff6fb6a841b386,,,
2026-05-25,SH600926,-0.012545401574124839,EXP_DEnsembleModel_Alpha158_csi300_custom_step0_s_20260525_15,d6a82acf003d496094ff6fb6a841b386,,,
2026-05-25,SH600930,0.030668229878876532,EXP_DEnsembleModel_Alpha158_csi300_custom_step0_s_20260525_15,d6a82acf003d496094ff6fb6a841b386,,,
2026-05-25,SH600809,0.0829936701196448,EXP_DEnsembleModel_Alpha158_csi300_custom_step0_s_20260525_15,d6a82acf003d496094ff6fb6a841b386,,,
2026-05-25,SH600938,0.047802321145978335,EXP_DEnsembleModel_Alpha158_csi300_custom_step0_s_20260525_15,d6a82acf003d496094ff6fb6a841b386,,,
2026-05-25,SH600958,0.054317444637015884,EXP_DEnsembleModel_Alpha158_csi300_custom_step0_s_20260525_15,d6a82acf003d496094ff6fb6a841b386,,,
2026-05-25,SH600989,0.08151390767918629,EXP_DEnsembleModel_Alpha158_csi300_custom_step0_s_20260525_15,d6a82acf003d496094ff6fb6a841b386,,,
2026-05-25,SH600999,0.027679895288571,EXP_DEnsembleModel_Alpha158_csi300_custom_step0_s_20260525_15,d6a82acf003d496094ff6fb6a841b386,,,
2026-05-25,SH601006,-0.018708801756540168,EXP_DEnsembleModel_Alpha158_csi300_custom_step0_s_20260525_15,d6a82acf003d496094ff6fb6a841b386,,,
2026-05-25,SH601009,-0.08253961149241491,EXP_DEnsembleModel_Alpha158_csi300_custom_step0_s_20260525_15,d6a82acf003d496094ff6fb6a841b386,,,
2026-05-25,SH601012,0.027843342140403352,EXP_DEnsembleModel_Alpha158_csi300_custom_step0_s_20260525_15,d6a82acf003d496094ff6fb6a841b386,,,
2026-05-25,SH601018,-0.09579525662030472,EXP_DEnsembleModel_Alpha158_csi300_custom_step0_s_20260525_15,d6a82acf003d496094ff6fb6a841b386,,,
2026-05-25,SH601021,-0.03933254859665738,EXP_DEnsembleModel_Alpha158_csi300_custom_step0_s_20260525_15,d6a82acf003d496094ff6fb6a841b386,,,
2026-05-25,SH601058,-0.0077930820094189585,EXP_DEnsembleModel_Alpha158_csi300_custom_step0_s_20260525_15,d6a82acf003d496094ff6fb6a841b386,,,
2026-05-25,SH601059,-0.00458027047267992,EXP_DEnsembleModel_Alpha158_csi300_custom_step0_s_20260525_15,d6a82acf003d496094ff6fb6a841b386,,,
2026-05-25,SH601066,0.075730566511355,EXP_DEnsembleModel_Alpha158_csi300_custom_step0_s_20260525_15,d6a82acf003d496094ff6fb6a841b386,,,
2026-05-25,SH600941,0.010590760544856335,EXP_DEnsembleModel_Alpha158_csi300_custom_step0_s_20260525_15,d6a82acf003d496094ff6fb6a841b386,,,
2026-05-25,SH601077,-0.006489472736976874,EXP_DEnsembleModel_Alpha158_csi300_custom_step0_s_20260525_15,d6a82acf003d496094ff6fb6a841b386,,,
2026-05-25,SH600803,0.02033356990872314,EXP_DEnsembleModel_Alpha158_csi300_custom_step0_s_20260525_15,d6a82acf003d496094ff6fb6a841b386,,,
2026-05-25,SH600760,-0.010536423994229594,EXP_DEnsembleModel_Alpha158_csi300_custom_step0_s_20260525_15,d6a82acf003d496094ff6fb6a841b386,,,
2026-05-25,SH600362,0.05533266798266203,EXP_DEnsembleModel_Alpha158_csi300_custom_step0_s_20260525_15,d6a82acf003d496094ff6fb6a841b386,,,
2026-05-25,SH600372,0.03360306526105082,EXP_DEnsembleModel_Alpha158_csi300_custom_step0_s_20260525_15,d6a82acf003d496094ff6fb6a841b386,,,
2026-05-25,SH600377,0.08300285703791703,EXP_DEnsembleModel_Alpha158_csi300_custom_step0_s_20260525_15,d6a82acf003d496094ff6fb6a841b386,,,
2026-05-25,SH600406,0.04106816066863732,EXP_DEnsembleModel_Alpha158_csi300_custom_step0_s_20260525_15,d6a82acf003d496094ff6fb6a841b386,,,
2026-05-25,SH600415,-0.03668161612838748,EXP_DEnsembleModel_Alpha158_csi300_custom_step0_s_20260525_15,d6a82acf003d496094ff6fb6a841b386,,,
2026-05-25,SH600426,0.19888378709680873,EXP_DEnsembleModel_Alpha158_csi300_custom_step0_s_20260525_15,d6a82acf003d496094ff6fb6a841b386,,,
2026-05-25,SH600436,-0.005138935506810152,EXP_DEnsembleModel_Alpha158_csi300_custom_step0_s_20260525_15,d6a82acf003d496094ff6fb6a841b386,,,
2026-05-25,SH600438,0.032700328232287815,EXP_DEnsembleModel_Alpha158_csi300_custom_step0_s_20260525_15,d6a82acf003d496094ff6fb6a841b386,,,
2026-05-25,SH600460,0.2607617920057704,EXP_DEnsembleModel_Alpha158_csi300_custom_step0_s_20260525_15,d6a82acf003d496094ff6fb6a841b386,,,
2026-05-25,SH600482,-0.05891589725876007,EXP_DEnsembleModel_Alpha158_csi300_custom_step0_s_20260525_15,d6a82acf003d496094ff6fb6a841b386,,,
2026-05-25,SH600489,0.030408269434477848,EXP_DEnsembleModel_Alpha158_csi300_custom_step0_s_20260525_15,d6a82acf003d496094ff6fb6a841b386,,,
2026-05-25,SH600795,0.01855902577245607,EXP_DEnsembleModel_Alpha158_csi300_custom_step0_s_20260525_15,d6a82acf003d496094ff6fb6a841b386,,,
2026-05-25,SH600515,-0.04774550334663219,EXP_DEnsembleModel_Alpha158_csi300_custom_step0_s_20260525_15,d6a82acf003d496094ff6fb6a841b386,,,
2026-05-25,SH600522,0.3029634033592237,EXP_DEnsembleModel_Alpha158_csi300_custom_step0_s_20260525_15,d6a82acf003d496094ff6fb6a841b386,,,
2026-05-25,SH600547,0.22845523027560974,EXP_DEnsembleModel_Alpha158_csi300_custom_step0_s_20260525_15,d6a82acf003d496094ff6fb6a841b386,,,
2026-05-25,SH600570,0.07837674647726901,EXP_DEnsembleModel_Alpha158_csi300_custom_step0_s_20260525_15,d6a82acf003d496094ff6fb6a841b386,,,
2026-05-25,SH600584,-0.09985106598475009,EXP_DEnsembleModel_Alpha158_csi300_custom_step0_s_20260525_15,d6a82acf003d496094ff6fb6a841b386,,,
2026-05-25,SH600585,-0.027496863122670367,EXP_DEnsembleModel_Alpha158_csi300_custom_step0_s_20260525_15,d6a82acf003d496094ff6fb6a841b386,,,
2026-05-25,SH600588,0.11456975185637337,EXP_DEnsembleModel_Alpha158_csi300_custom_step0_s_20260525_15,d6a82acf003d496094ff6fb6a841b386,,,
2026-05-25,SH600600,-0.11463938246510803,EXP_DEnsembleModel_Alpha158_csi300_custom_step0_s_20260525_15,d6a82acf003d496094ff6fb6a841b386,,,
2026-05-25,SH600660,-0.08211676821150997,EXP_DEnsembleModel_Alpha158_csi300_custom_step0_s_20260525_15,d6a82acf003d496094ff6fb6a841b386,,,
2026-05-25,SH600674,0.07599704058226604,EXP_DEnsembleModel_Alpha158_csi300_custom_step0_s_20260525_15,d6a82acf003d496094ff6fb6a841b386,,,
2026-05-25,SH600690,-0.06451560581910955,EXP_DEnsembleModel_Alpha158_csi300_custom_step0_s_20260525_15,d6a82acf003d496094ff6fb6a841b386,,,
2026-05-25,SH600741,-0.0032512060952541856,EXP_DEnsembleModel_Alpha158_csi300_custom_step0_s_20260525_15,d6a82acf003d496094ff6fb6a841b386,,,
2026-05-25,SH600519,-0.06022006145096836,EXP_DEnsembleModel_Alpha158_csi300_custom_step0_s_20260525_15,d6a82acf003d496094ff6fb6a841b386,,,
2026-05-25,SH601088,0.018440100370759892,EXP_DEnsembleModel_Alpha158_csi300_custom_step0_s_20260525_15,d6a82acf003d496094ff6fb6a841b386,,,
2026-05-25,SH601100,0.05331197510792344,EXP_DEnsembleModel_Alpha158_csi300_custom_step0_s_20260525_15,d6a82acf003d496094ff6fb6a841b386,,,
2026-05-25,SH601111,-0.023729098074788037,EXP_DEnsembleModel_Alpha158_csi300_custom_step0_s_20260525_15,d6a82acf003d496094ff6fb6a841b386,,,
2026-05-25,SH601658,-0.030645566364788802,EXP_DEnsembleModel_Alpha158_csi300_custom_step0_s_20260525_15,d6a82acf003d496094ff6fb6a841b386,,,
2026-05-25,SH601668,-0.0724104871375749,EXP_DEnsembleModel_Alpha158_csi300_custom_step0_s_20260525_15,d6a82acf003d496094ff6fb6a841b386,,,
2026-05-25,SH601669,0.025589081905108762,EXP_DEnsembleModel_Alpha158_csi300_custom_step0_s_20260525_15,d6a82acf003d496094ff6fb6a841b386,,,
2026-05-25,SH601688,0.012714997285358813,EXP_DEnsembleModel_Alpha158_csi300_custom_step0_s_20260525_15,d6a82acf003d496094ff6fb6a841b386,,,
2026-05-25,SH601689,0.13605952389536613,EXP_DEnsembleModel_Alpha158_csi300_custom_step0_s_20260525_15,d6a82acf003d496094ff6fb6a841b386,,,
2026-05-25,SH601698,0.025363448962180703,EXP_DEnsembleModel_Alpha158_csi300_custom_step0_s_20260525_15,d6a82acf003d496094ff6fb6a841b386,,,
2026-05-25,SH601728,-0.01284227978772771,EXP_DEnsembleModel_Alpha158_csi300_custom_step0_s_20260525_15,d6a82acf003d496094ff6fb6a841b386,,,
2026-05-25,SH601766,-0.09420123700948439,EXP_DEnsembleModel_Alpha158_csi300_custom_step0_s_20260525_15,d6a82acf003d496094ff6fb6a841b386,,,
2026-05-25,SH601788,-0.0037358423098457962,EXP_DEnsembleModel_Alpha158_csi300_custom_step0_s_20260525_15,d6a82acf003d496094ff6fb6a841b386,,,
2026-05-25,SH601800,-0.006389252479954904,EXP_DEnsembleModel_Alpha158_csi300_custom_step0_s_20260525_15,d6a82acf003d496094ff6fb6a841b386,,,
2026-05-25,SH601808,0.00934410124272249,EXP_DEnsembleModel_Alpha158_csi300_custom_step0_s_20260525_15,d6a82acf003d496094ff6fb6a841b386,,,
2026-05-25,SH601633,0.03272691165637122,EXP_DEnsembleModel_Alpha158_csi300_custom_step0_s_20260525_15,d6a82acf003d496094ff6fb6a841b386,,,
2026-05-25,SH601816,-0.09310953298305573,EXP_DEnsembleModel_Alpha158_csi300_custom_step0_s_20260525_15,d6a82acf003d496094ff6fb6a841b386,,,
2026-05-25,SH601825,-0.06380914713387012,EXP_DEnsembleModel_Alpha158_csi300_custom_step0_s_20260525_15,d6a82acf003d496094ff6fb6a841b386,,,
2026-05-25,SH601838,-0.07765828134902761,EXP_DEnsembleModel_Alpha158_csi300_custom_step0_s_20260525_15,d6a82acf003d496094ff6fb6a841b386,,,
2026-05-25,SH601857,0.04663940070043004,EXP_DEnsembleModel_Alpha158_csi300_custom_step0_s_20260525_15,d6a82acf003d496094ff6fb6a841b386,,,
2026-05-25,SH601868,0.0021417663524909594,EXP_DEnsembleModel_Alpha158_csi300_custom_step0_s_20260525_15,d6a82acf003d496094ff6fb6a841b386,,,
2026-05-25,SH601872,-0.04534766473555868,EXP_DEnsembleModel_Alpha158_csi300_custom_step0_s_20260525_15,d6a82acf003d496094ff6fb6a841b386,,,
2026-05-25,SH601877,0.12398977502847104,EXP_DEnsembleModel_Alpha158_csi300_custom_step0_s_20260525_15,d6a82acf003d496094ff6fb6a841b386,,,
2026-05-25,SH601878,0.005772182950992415,EXP_DEnsembleModel_Alpha158_csi300_custom_step0_s_20260525_15,d6a82acf003d496094ff6fb6a841b386,,,
2026-05-25,SH601881,-0.05030185249444218,EXP_DEnsembleModel_Alpha158_csi300_custom_step0_s_20260525_15,d6a82acf003d496094ff6fb6a841b386,,,
2026-05-25,SH601888,0.0025611626375070524,EXP_DEnsembleModel_Alpha158_csi300_custom_step0_s_20260525_15,d6a82acf003d496094ff6fb6a841b386,,,
2026-05-25,SH601898,0.10257896586436523,EXP_DEnsembleModel_Alpha158_csi300_custom_step0_s_20260525_15,d6a82acf003d496094ff6fb6a841b386,,,
2026-05-25,SH601899,0.024313553326229136,EXP_DEnsembleModel_Alpha158_csi300_custom_step0_s_20260525_15,d6a82acf003d496094ff6fb6a841b386,,,
2026-05-25,SH601818,-0.07548067938550782,EXP_DEnsembleModel_Alpha158_csi300_custom_step0_s_20260525_15,d6a82acf003d496094ff6fb6a841b386,,,
2026-05-25,SH601628,-0.059222403862910215,EXP_DEnsembleModel_Alpha158_csi300_custom_step0_s_20260525_15,d6a82acf003d496094ff6fb6a841b386,,,
2026-05-25,SH601618,0.08035226298541914,EXP_DEnsembleModel_Alpha158_csi300_custom_step0_s_20260525_15,d6a82acf003d496094ff6fb6a841b386,,,
2026-05-25,SH601607,-0.08520162351677694,EXP_DEnsembleModel_Alpha158_csi300_custom_step0_s_20260525_15,d6a82acf003d496094ff6fb6a841b386,,,
2026-05-25,SH601117,0.005453882150187268,EXP_DEnsembleModel_Alpha158_csi300_custom_step0_s_20260525_15,d6a82acf003d496094ff6fb6a841b386,,,
2026-05-25,SH601127,-0.06275049569505077,EXP_DEnsembleModel_Alpha158_csi300_custom_step0_s_20260525_15,d6a82acf003d496094ff6fb6a841b386,,,
2026-05-25,SH601136,0.021893427083843304,EXP_DEnsembleModel_Alpha158_csi300_custom_step0_s_20260525_15,d6a82acf003d496094ff6fb6a841b386,,,
2026-05-25,SH601138,0.019520565064090778,EXP_DEnsembleModel_Alpha158_csi300_custom_step0_s_20260525_15,d6a82acf003d496094ff6fb6a841b386,,,
2026-05-25,SH601166,-0.05841277911019132,EXP_DEnsembleModel_Alpha158_csi300_custom_step0_s_20260525_15,d6a82acf003d496094ff6fb6a841b386,,,
2026-05-25,SH601169,-0.11053321604159118,EXP_DEnsembleModel_Alpha158_csi300_custom_step0_s_20260525_15,d6a82acf003d496094ff6fb6a841b386,,,
2026-05-25,SH601186,-0.08642911251142053,EXP_DEnsembleModel_Alpha158_csi300_custom_step0_s_20260525_15,d6a82acf003d496094ff6fb6a841b386,,,
2026-05-25,SH601211,-0.07673510187387218,EXP_DEnsembleModel_Alpha158_csi300_custom_step0_s_20260525_15,d6a82acf003d496094ff6fb6a841b386,,,
2026-05-25,SH601225,0.047246751824076776,EXP_DEnsembleModel_Alpha158_csi300_custom_step0_s_20260525_15,d6a82acf003d496094ff6fb6a841b386,,,
2026-05-25,SH601229,-0.08850893694931164,EXP_DEnsembleModel_Alpha158_csi300_custom_step0_s_20260525_15,d6a82acf003d496094ff6fb6a841b386,,,
2026-05-25,SH601236,-0.01638138877557711,EXP_DEnsembleModel_Alpha158_csi300_custom_step0_s_20260525_15,d6a82acf003d496094ff6fb6a841b386,,,
2026-05-25,SH601238,-0.009191052826581414,EXP_DEnsembleModel_Alpha158_csi300_custom_step0_s_20260525_15,d6a82acf003d496094ff6fb6a841b386,,,
2026-05-25,SH601288,-0.04284055616299629,EXP_DEnsembleModel_Alpha158_csi300_custom_step0_s_20260525_15,d6a82acf003d496094ff6fb6a841b386,,,
2026-05-25,SH601298,-0.017723690919710235,EXP_DEnsembleModel_Alpha158_csi300_custom_step0_s_20260525_15,d6a82acf003d496094ff6fb6a841b386,,,
2026-05-25,SH601318,-0.029469188039000352,EXP_DEnsembleModel_Alpha158_csi300_custom_step0_s_20260525_15,d6a82acf003d496094ff6fb6a841b386,,,
2026-05-25,SH601319,0.014556495912275907,EXP_DEnsembleModel_Alpha158_csi300_custom_step0_s_20260525_15,d6a82acf003d496094ff6fb6a841b386,,,
2026-05-25,SH601328,-0.062345460386818125,EXP_DEnsembleModel_Alpha158_csi300_custom_step0_s_20260525_15,d6a82acf003d496094ff6fb6a841b386,,,
2026-05-25,SH601336,0.014300427928402113,EXP_DEnsembleModel_Alpha158_csi300_custom_step0_s_20260525_15,d6a82acf003d496094ff6fb6a841b386,,,
2026-05-25,SH601360,0.13829995727754973,EXP_DEnsembleModel_Alpha158_csi300_custom_step0_s_20260525_15,d6a82acf003d496094ff6fb6a841b386,,,
2026-05-25,SH601377,-0.06442919796867441,EXP_DEnsembleModel_Alpha158_csi300_custom_step0_s_20260525_15,d6a82acf003d496094ff6fb6a841b386,,,
2026-05-25,SH601390,-0.0013289693224662654,EXP_DEnsembleModel_Alpha158_csi300_custom_step0_s_20260525_15,d6a82acf003d496094ff6fb6a841b386,,,
2026-05-25,SH601398,-0.01455390497407366,EXP_DEnsembleModel_Alpha158_csi300_custom_step0_s_20260525_15,d6a82acf003d496094ff6fb6a841b386,,,
2026-05-25,SH601456,-0.0708910554249412,EXP_DEnsembleModel_Alpha158_csi300_custom_step0_s_20260525_15,d6a82acf003d496094ff6fb6a841b386,,,
2026-05-25,SH601600,0.07768497481988822,EXP_DEnsembleModel_Alpha158_csi300_custom_step0_s_20260525_15,d6a82acf003d496094ff6fb6a841b386,,,
2026-05-25,SH601601,-0.05602538913393807,EXP_DEnsembleModel_Alpha158_csi300_custom_step0_s_20260525_15,d6a82acf003d496094ff6fb6a841b386,,,
2026-05-25,SH600346,0.17728382686071972,EXP_DEnsembleModel_Alpha158_csi300_custom_step0_s_20260525_15,d6a82acf003d496094ff6fb6a841b386,,,
2026-05-25,SZ301269,-0.9757446050643921,EXP_XGBModel_Alpha158_csi300_custom_step0_s_20260525_15,9e8d4fb011764cf886a7202d65eef667,,,
2026-05-25,SH600309,0.11434462125770964,EXP_DEnsembleModel_Alpha158_csi300_custom_step0_s_20260525_15,d6a82acf003d496094ff6fb6a841b386,,,
2026-05-25,SH600233,0.03299774469735674,EXP_DEnsembleModel_Alpha158_csi300_custom_step0_s_20260525_15,d6a82acf003d496094ff6fb6a841b386,,,
2026-05-25,SZ002600,0.0034949227577942385,EXP_LGBModel_Alpha158_csi300_custom_step0_s_20260525_17,2dcf4baf192b4b6982f5e426ab651c92,,,
2026-05-25,SZ002601,0.002588331528496122,EXP_LGBModel_Alpha158_csi300_custom_step0_s_20260525_17,2dcf4baf192b4b6982f5e426ab651c92,,,
2026-05-25,SZ002625,0.004587557245896396,EXP_LGBModel_Alpha158_csi300_custom_step0_s_20260525_17,2dcf4baf192b4b6982f5e426ab651c92,,,
2026-05-25,SZ002648,0.009384816957211639,EXP_LGBModel_Alpha158_csi300_custom_step0_s_20260525_17,2dcf4baf192b4b6982f5e426ab651c92,,,
2026-05-25,SZ002709,0.02614689093004176,EXP_LGBModel_Alpha158_csi300_custom_step0_s_20260525_17,2dcf4baf192b4b6982f5e426ab651c92,,,
2026-05-25,SZ002714,0.002588331528496122,EXP_LGBModel_Alpha158_csi300_custom_step0_s_20260525_17,2dcf4baf192b4b6982f5e426ab651c92,,,
2026-05-25,SZ002736,0.0023863200684590825,EXP_LGBModel_Alpha158_csi300_custom_step0_s_20260525_17,2dcf4baf192b4b6982f5e426ab651c92,,,
2026-05-25,SZ002916,0.07154306275462691,EXP_LGBModel_Alpha158_csi300_custom_step0_s_20260525_17,2dcf4baf192b4b6982f5e426ab651c92,,,
2026-05-25,SZ002920,-0.0032054190134614196,EXP_LGBModel_Alpha158_csi300_custom_step0_s_20260525_17,2dcf4baf192b4b6982f5e426ab651c92,,,
2026-05-25,SZ002938,0.006080482567824589,EXP_LGBModel_Alpha158_csi300_custom_step0_s_20260525_17,2dcf4baf192b4b6982f5e426ab651c92,,,
2026-05-25,SZ003816,0.00217608070965906,EXP_LGBModel_Alpha158_csi300_custom_step0_s_20260525_17,2dcf4baf192b4b6982f5e426ab651c92,,,
2026-05-25,SZ002594,-0.008280474813705372,EXP_LGBModel_Alpha158_csi300_custom_step0_s_20260525_17,2dcf4baf192b4b6982f5e426ab651c92,,,
2026-05-25,SZ300014,0.01357449618277525,EXP_LGBModel_Alpha158_csi300_custom_step0_s_20260525_17,2dcf4baf192b4b6982f5e426ab651c92,,,
2026-05-25,SZ300033,0.0008701936621335882,EXP_LGBModel_Alpha158_csi300_custom_step0_s_20260525_17,2dcf4baf192b4b6982f5e426ab651c92,,,
2026-05-25,SZ300059,0.014794791417915964,EXP_LGBModel_Alpha158_csi300_custom_step0_s_20260525_17,2dcf4baf192b4b6982f5e426ab651c92,,,
2026-05-25,SZ300122,0.0010646457257566576,EXP_LGBModel_Alpha158_csi300_custom_step0_s_20260525_17,2dcf4baf192b4b6982f5e426ab651c92,,,
2026-05-25,SZ300124,0.01717188571493426,EXP_LGBModel_Alpha158_csi300_custom_step0_s_20260525_17,2dcf4baf192b4b6982f5e426ab651c92,,,
2026-05-25,SZ300251,0.015157298272276656,EXP_LGBModel_Alpha158_csi300_custom_step0_s_20260525_17,2dcf4baf192b4b6982f5e426ab651c92,,,
2026-05-25,SZ300274,0.12225211530774382,EXP_LGBModel_Alpha158_csi300_custom_step0_s_20260525_17,2dcf4baf192b4b6982f5e426ab651c92,,,
2026-05-25,SZ300308,-0.0006354546944266111,EXP_LGBModel_Alpha158_csi300_custom_step0_s_20260525_17,2dcf4baf192b4b6982f5e426ab651c92,,,
2026-05-25,SZ300316,0.05117751025811893,EXP_LGBModel_Alpha158_csi300_custom_step0_s_20260525_17,2dcf4baf192b4b6982f5e426ab651c92,,,
2026-05-25,SZ300347,0.015287408968851912,EXP_LGBModel_Alpha158_csi300_custom_step0_s_20260525_17,2dcf4baf192b4b6982f5e426ab651c92,,,
2026-05-25,SZ300394,0.012677257783763407,EXP_LGBModel_Alpha158_csi300_custom_step0_s_20260525_17,2dcf4baf192b4b6982f5e426ab651c92,,,
2026-05-25,SZ300408,0.027871074775902407,EXP_LGBModel_Alpha158_csi300_custom_step0_s_20260525_17,2dcf4baf192b4b6982f5e426ab651c92,,,
2026-05-25,SZ300015,-0.001357051569744468,EXP_LGBModel_Alpha158_csi300_custom_step0_s_20260525_17,2dcf4baf192b4b6982f5e426ab651c92,,,
2026-05-25,SZ300413,0.005350731832210207,EXP_LGBModel_Alpha158_csi300_custom_step0_s_20260525_17,2dcf4baf192b4b6982f5e426ab651c92,,,
2026-05-25,SZ002493,0.006778010754059732,EXP_LGBModel_Alpha158_csi300_custom_step0_s_20260525_17,2dcf4baf192b4b6982f5e426ab651c92,,,
2026-05-25,SZ002466,0.026096149248686168,EXP_LGBModel_Alpha158_csi300_custom_step0_s_20260525_17,2dcf4baf192b4b6982f5e426ab651c92,,,
2026-05-25,SZ001965,0.02503494708880413,EXP_LGBModel_Alpha158_csi300_custom_step0_s_20260525_17,2dcf4baf192b4b6982f5e426ab651c92,,,
2026-05-25,SZ001979,0.032747990180886664,EXP_LGBModel_Alpha158_csi300_custom_step0_s_20260525_17,2dcf4baf192b4b6982f5e426ab651c92,,,
2026-05-25,SZ002001,0.002588331528496122,EXP_LGBModel_Alpha158_csi300_custom_step0_s_20260525_17,2dcf4baf192b4b6982f5e426ab651c92,,,
2026-05-25,SZ002027,0.004286085162230526,EXP_LGBModel_Alpha158_csi300_custom_step0_s_20260525_17,2dcf4baf192b4b6982f5e426ab651c92,,,
2026-05-25,SZ002028,-0.009782562002440173,EXP_LGBModel_Alpha158_csi300_custom_step0_s_20260525_17,2dcf4baf192b4b6982f5e426ab651c92,,,
2026-05-25,SZ002049,0.03627301237733786,EXP_LGBModel_Alpha158_csi300_custom_step0_s_20260525_17,2dcf4baf192b4b6982f5e426ab651c92,,,
2026-05-25,SZ002050,0.0005906138973590784,EXP_LGBModel_Alpha158_csi300_custom_step0_s_20260525_17,2dcf4baf192b4b6982f5e426ab651c92,,,
2026-05-25,SZ002074,0.002588331528496122,EXP_LGBModel_Alpha158_csi300_custom_step0_s_20260525_17,2dcf4baf192b4b6982f5e426ab651c92,,,
2026-05-25,SZ002142,-0.04021476030941968,EXP_LGBModel_Alpha158_csi300_custom_step0_s_20260525_17,2dcf4baf192b4b6982f5e426ab651c92,,,
2026-05-25,SZ002179,0.037554089282474945,EXP_LGBModel_Alpha158_csi300_custom_step0_s_20260525_17,2dcf4baf192b4b6982f5e426ab651c92,,,
2026-05-25,SZ002230,-0.017582109153566162,EXP_LGBModel_Alpha158_csi300_custom_step0_s_20260525_17,2dcf4baf192b4b6982f5e426ab651c92,,,
2026-05-25,SZ002475,0.019638753799075773,EXP_LGBModel_Alpha158_csi300_custom_step0_s_20260525_17,2dcf4baf192b4b6982f5e426ab651c92,,,
2026-05-25,SZ002236,0.002809075529791711,EXP_LGBModel_Alpha158_csi300_custom_step0_s_20260525_17,2dcf4baf192b4b6982f5e426ab651c92,,,
2026-05-25,SZ002252,-0.021841560659456676,EXP_LGBModel_Alpha158_csi300_custom_step0_s_20260525_17,2dcf4baf192b4b6982f5e426ab651c92,,,
2026-05-25,SZ002304,-0.016496709099149555,EXP_LGBModel_Alpha158_csi300_custom_step0_s_20260525_17,2dcf4baf192b4b6982f5e426ab651c92,,,
2026-05-25,SZ002311,-0.023091049706444947,EXP_LGBModel_Alpha158_csi300_custom_step0_s_20260525_17,2dcf4baf192b4b6982f5e426ab651c92,,,
2026-05-25,SZ002352,-0.009611610464345298,EXP_LGBModel_Alpha158_csi300_custom_step0_s_20260525_17,2dcf4baf192b4b6982f5e426ab651c92,,,
2026-05-25,SZ002371,0.020548387176972237,EXP_LGBModel_Alpha158_csi300_custom_step0_s_20260525_17,2dcf4baf192b4b6982f5e426ab651c92,,,
2026-05-25,SZ002384,0.0054450288176210015,EXP_LGBModel_Alpha158_csi300_custom_step0_s_20260525_17,2dcf4baf192b4b6982f5e426ab651c92,,,
2026-05-25,SZ002415,0.03110592988264836,EXP_LGBModel_Alpha158_csi300_custom_step0_s_20260525_17,2dcf4baf192b4b6982f5e426ab651c92,,,
2026-05-25,SZ002422,-0.0027030648269416434,EXP_LGBModel_Alpha158_csi300_custom_step0_s_20260525_17,2dcf4baf192b4b6982f5e426ab651c92,,,
2026-05-25,SZ002459,0.0036560944913758674,EXP_LGBModel_Alpha158_csi300_custom_step0_s_20260525_17,2dcf4baf192b4b6982f5e426ab651c92,,,
2026-05-25,SZ002460,-0.008579061686772726,EXP_LGBModel_Alpha158_csi300_custom_step0_s_20260525_17,2dcf4baf192b4b6982f5e426ab651c92,,,
2026-05-25,SZ002463,0.009794967452036472,EXP_LGBModel_Alpha158_csi300_custom_step0_s_20260525_17,2dcf4baf192b4b6982f5e426ab651c92,,,
2026-05-25,SZ002241,0.02237539850838676,EXP_LGBModel_Alpha158_csi300_custom_step0_s_20260525_17,2dcf4baf192b4b6982f5e426ab651c92,,,
2026-05-25,SZ300418,0.0009170676058675312,EXP_LGBModel_Alpha158_csi300_custom_step0_s_20260525_17,2dcf4baf192b4b6982f5e426ab651c92,,,
2026-05-25,SZ300433,0.02027420754927936,EXP_LGBModel_Alpha158_csi300_custom_step0_s_20260525_17,2dcf4baf192b4b6982f5e426ab651c92,,,
2026-05-25,SZ300442,-0.0020217498081109894,EXP_LGBModel_Alpha158_csi300_custom_step0_s_20260525_17,2dcf4baf192b4b6982f5e426ab651c92,,,
2026-05-25,SH600027,0.11464031623785648,EXP_DEnsembleModel_Alpha158_csi300_custom_step0_s_20260525_15,d6a82acf003d496094ff6fb6a841b386,,,
2026-05-25,SH600028,-0.014507809154476326,EXP_DEnsembleModel_Alpha158_csi300_custom_step0_s_20260525_15,d6a82acf003d496094ff6fb6a841b386,,,
2026-05-25,SH600029,0.05032755114552976,EXP_DEnsembleModel_Alpha158_csi300_custom_step0_s_20260525_15,d6a82acf003d496094ff6fb6a841b386,,,
2026-05-25,SH600030,0.032547601019369,EXP_DEnsembleModel_Alpha158_csi300_custom_step0_s_20260525_15,d6a82acf003d496094ff6fb6a841b386,,,
2026-05-25,SH600031,0.023003782967224617,EXP_DEnsembleModel_Alpha158_csi300_custom_step0_s_20260525_15,d6a82acf003d496094ff6fb6a841b386,,,
2026-05-25,SH600036,-0.10733714107091026,EXP_DEnsembleModel_Alpha158_csi300_custom_step0_s_20260525_15,d6a82acf003d496094ff6fb6a841b386,,,
2026-05-25,SH600039,-0.10960647859927153,EXP_DEnsembleModel_Alpha158_csi300_custom_step0_s_20260525_15,d6a82acf003d496094ff6fb6a841b386,,,
2026-05-25,SH600048,0.07393686205563986,EXP_DEnsembleModel_Alpha158_csi300_custom_step0_s_20260525_15,d6a82acf003d496094ff6fb6a841b386,,,
2026-05-25,SH600050,-0.05241815318515781,EXP_DEnsembleModel_Alpha158_csi300_custom_step0_s_20260525_15,d6a82acf003d496094ff6fb6a841b386,,,
2026-05-25,SH600061,-0.012426790138336287,EXP_DEnsembleModel_Alpha158_csi300_custom_step0_s_20260525_15,d6a82acf003d496094ff6fb6a841b386,,,
2026-05-25,SH600066,0.0812972058656581,EXP_DEnsembleModel_Alpha158_csi300_custom_step0_s_20260525_15,d6a82acf003d496094ff6fb6a841b386,,,
2026-05-25,SH600026,0.07936797475656972,EXP_DEnsembleModel_Alpha158_csi300_custom_step0_s_20260525_15,d6a82acf003d496094ff6fb6a841b386,,,
2026-05-25,SH600085,-0.03212432105929,EXP_DEnsembleModel_Alpha158_csi300_custom_step0_s_20260525_15,d6a82acf003d496094ff6fb6a841b386,,,
2026-05-25,SH600104,-0.04111919825501195,EXP_DEnsembleModel_Alpha158_csi300_custom_step0_s_20260525_15,d6a82acf003d496094ff6fb6a841b386,,,
2026-05-25,SH600111,0.018833479471946853,EXP_DEnsembleModel_Alpha158_csi300_custom_step0_s_20260525_15,d6a82acf003d496094ff6fb6a841b386,,,
2026-05-25,SH600115,0.03679154604210317,EXP_DEnsembleModel_Alpha158_csi300_custom_step0_s_20260525_15,d6a82acf003d496094ff6fb6a841b386,,,
2026-05-25,SH600150,0.3481245546186084,EXP_DEnsembleModel_Alpha158_csi300_custom_step0_s_20260525_15,d6a82acf003d496094ff6fb6a841b386,,,
2026-05-25,SH600160,-0.019100733691084712,EXP_DEnsembleModel_Alpha158_csi300_custom_step0_s_20260525_15,d6a82acf003d496094ff6fb6a841b386,,,
2026-05-25,SH600161,-0.09978108432744527,EXP_DEnsembleModel_Alpha158_csi300_custom_step0_s_20260525_15,d6a82acf003d496094ff6fb6a841b386,,,
2026-05-25,SH600176,0.013145685559391978,EXP_DEnsembleModel_Alpha158_csi300_custom_step0_s_20260525_15,d6a82acf003d496094ff6fb6a841b386,,,
2026-05-25,SH600183,0.05445334471802166,EXP_DEnsembleModel_Alpha158_csi300_custom_step0_s_20260525_15,d6a82acf003d496094ff6fb6a841b386,,,
2026-05-25,SH600188,0.20031564865117893,EXP_DEnsembleModel_Alpha158_csi300_custom_step0_s_20260525_15,d6a82acf003d496094ff6fb6a841b386,,,
2026-05-25,SH600196,-0.03718588548574608,EXP_DEnsembleModel_Alpha158_csi300_custom_step0_s_20260525_15,d6a82acf003d496094ff6fb6a841b386,,,
2026-05-25,SH600219,0.14545310678487416,EXP_DEnsembleModel_Alpha158_csi300_custom_step0_s_20260525_15,d6a82acf003d496094ff6fb6a841b386,,,
2026-05-25,SH600089,-0.009894075405313877,EXP_DEnsembleModel_Alpha158_csi300_custom_step0_s_20260525_15,d6a82acf003d496094ff6fb6a841b386,,,
2026-05-25,SH600025,-0.0040842383736608085,EXP_DEnsembleModel_Alpha158_csi300_custom_step0_s_20260525_15,d6a82acf003d496094ff6fb6a841b386,,,
2026-05-25,SH600023,-0.13754656145848507,EXP_DEnsembleModel_Alpha158_csi300_custom_step0_s_20260525_15,d6a82acf003d496094ff6fb6a841b386,,,
2026-05-25,SH600019,-0.026749394247490274,EXP_DEnsembleModel_Alpha158_csi300_custom_step0_s_20260525_15,d6a82acf003d496094ff6fb6a841b386,,,
2026-05-25,SZ300476,0.10498660188320769,EXP_LGBModel_Alpha158_csi300_custom_step0_s_20260525_17,2dcf4baf192b4b6982f5e426ab651c92,,,
2026-05-25,SZ300498,0.0011874449744765732,EXP_LGBModel_Alpha158_csi300_custom_step0_s_20260525_17,2dcf4baf192b4b6982f5e426ab651c92,,,
2026-05-25,SZ300502,-9.442230226494255e-10,EXP_LGBModel_Alpha158_csi300_custom_step0_s_20260525_17,2dcf4baf192b4b6982f5e426ab651c92,,,
2026-05-25,SZ300628,0.0337113804910918,EXP_LGBModel_Alpha158_csi300_custom_step0_s_20260525_17,2dcf4baf192b4b6982f5e426ab651c92,,,
2026-05-25,SZ300661,0.07343470716852993,EXP_LGBModel_Alpha158_csi300_custom_step0_s_20260525_17,2dcf4baf192b4b6982f5e426ab651c92,,,
2026-05-25,SZ300750,-0.008375178339968627,EXP_LGBModel_Alpha158_csi300_custom_step0_s_20260525_17,2dcf4baf192b4b6982f5e426ab651c92,,,
2026-05-25,SZ300759,0.06268811081182982,EXP_LGBModel_Alpha158_csi300_custom_step0_s_20260525_17,2dcf4baf192b4b6982f5e426ab651c92,,,
2026-05-25,SZ300760,-0.007513318935968111,EXP_LGBModel_Alpha158_csi300_custom_step0_s_20260525_17,2dcf4baf192b4b6982f5e426ab651c92,,,
2026-05-25,SZ300782,0.12225211530774382,EXP_LGBModel_Alpha158_csi300_custom_step0_s_20260525_17,2dcf4baf192b4b6982f5e426ab651c92,,,
2026-05-25,SZ300803,0.002567176521120843,EXP_LGBModel_Alpha158_csi300_custom_step0_s_20260525_17,2dcf4baf192b4b6982f5e426ab651c92,,,
2026-05-25,SZ300832,0.025964945440369647,EXP_LGBModel_Alpha158_csi300_custom_step0_s_20260525_17,2dcf4baf192b4b6982f5e426ab651c92,,,
2026-05-25,SZ300866,0.021018203414493897,EXP_LGBModel_Alpha158_csi300_custom_step0_s_20260525_17,2dcf4baf192b4b6982f5e426ab651c92,,,
2026-05-25,SZ300896,-0.007960825735077528,EXP_LGBModel_Alpha158_csi300_custom_step0_s_20260525_17,2dcf4baf192b4b6982f5e426ab651c92,,,
2026-05-25,SZ300979,0.0038270460294707424,EXP_LGBModel_Alpha158_csi300_custom_step0_s_20260525_17,2dcf4baf192b4b6982f5e426ab651c92,,,
2026-05-25,SZ300999,-0.002076993267220826,EXP_LGBModel_Alpha158_csi300_custom_step0_s_20260525_17,2dcf4baf192b4b6982f5e426ab651c92,,,
2026-05-25,SZ301236,-0.01736357096091621,EXP_LGBModel_Alpha158_csi300_custom_step0_s_20260525_17,2dcf4baf192b4b6982f5e426ab651c92,,,
2026-05-25,SZ301269,0.004700397134466482,EXP_LGBModel_Alpha158_csi300_custom_step0_s_20260525_17,2dcf4baf192b4b6982f5e426ab651c92,,,
2026-05-25,SZ302132,-0.01268493002715613,EXP_LGBModel_Alpha158_csi300_custom_step0_s_20260525_17,2dcf4baf192b4b6982f5e426ab651c92,,,
2026-05-25,SH600000,-0.14199053563700673,EXP_DEnsembleModel_Alpha158_csi300_custom_step0_s_20260525_15,d6a82acf003d496094ff6fb6a841b386,,,
2026-05-25,SH600009,-0.02023332492717015,EXP_DEnsembleModel_Alpha158_csi300_custom_step0_s_20260525_15,d6a82acf003d496094ff6fb6a841b386,,,
2026-05-25,SH600010,0.040616887443261855,EXP_DEnsembleModel_Alpha158_csi300_custom_step0_s_20260525_15,d6a82acf003d496094ff6fb6a841b386,,,
2026-05-25,SH600011,0.09643928530753126,EXP_DEnsembleModel_Alpha158_csi300_custom_step0_s_20260525_15,d6a82acf003d496094ff6fb6a841b386,,,
2026-05-25,SH600015,-0.08197750745018083,EXP_DEnsembleModel_Alpha158_csi300_custom_step0_s_20260525_15,d6a82acf003d496094ff6fb6a841b386,,,
2026-05-25,SH600016,-0.11988990389401676,EXP_DEnsembleModel_Alpha158_csi300_custom_step0_s_20260525_15,d6a82acf003d496094ff6fb6a841b386,,,
2026-05-25,SH600018,0.03629361591093351,EXP_DEnsembleModel_Alpha158_csi300_custom_step0_s_20260525_15,d6a82acf003d496094ff6fb6a841b386,,,
2026-05-25,SH600276,-0.01412916312457685,EXP_DEnsembleModel_Alpha158_csi300_custom_step0_s_20260525_15,d6a82acf003d496094ff6fb6a841b386,,,
2026-05-25,SZ302132,-0.056083694100379944,EXP_XGBModel_Alpha158_csi300_custom_step0_s_20260525_15,9e8d4fb011764cf886a7202d65eef667,,,
