datetime,instrument,score,exp_name,rid,real_label,error,abs_error
2026-05-13,SH600000,-0.02979280126084262,EXP_LGBModel_Alpha158_csi300_custom_step0_s_20260513_17,a1aa7c24bf0c4fffb3f38bdbb01f6c5b,,,
2026-05-13,SZ300866,0.10508168400822324,EXP_DEnsembleModel_Alpha158_csi300_custom_step0_s_20260513_15,13d5c22ef8e843dc85f2427eb65ad18c,,,
2026-05-13,SZ300896,0.10630518302903945,EXP_DEnsembleModel_Alpha158_csi300_custom_step0_s_20260513_15,13d5c22ef8e843dc85f2427eb65ad18c,,,
2026-05-13,SZ300979,-0.08396015529516009,EXP_DEnsembleModel_Alpha158_csi300_custom_step0_s_20260513_15,13d5c22ef8e843dc85f2427eb65ad18c,,,
2026-05-13,SZ300999,-0.05444476131601502,EXP_DEnsembleModel_Alpha158_csi300_custom_step0_s_20260513_15,13d5c22ef8e843dc85f2427eb65ad18c,,,
2026-05-13,SZ301236,0.11392423855004864,EXP_DEnsembleModel_Alpha158_csi300_custom_step0_s_20260513_15,13d5c22ef8e843dc85f2427eb65ad18c,,,
2026-05-13,SZ301269,0.1252106733065502,EXP_DEnsembleModel_Alpha158_csi300_custom_step0_s_20260513_15,13d5c22ef8e843dc85f2427eb65ad18c,,,
2026-05-13,SZ302132,-0.0719904783526961,EXP_DEnsembleModel_Alpha158_csi300_custom_step0_s_20260513_15,13d5c22ef8e843dc85f2427eb65ad18c,,,
2026-05-13,SH600000,-0.06109650433063507,EXP_XGBModel_Alpha158_csi300_custom_step0_s_20260513_14,0aeac39ef44b4b38a9fda8a6dbf81cdd,,,
2026-05-13,SH600009,-0.05220968648791313,EXP_XGBModel_Alpha158_csi300_custom_step0_s_20260513_14,0aeac39ef44b4b38a9fda8a6dbf81cdd,,,
2026-05-13,SH600010,-0.006303240545094013,EXP_XGBModel_Alpha158_csi300_custom_step0_s_20260513_14,0aeac39ef44b4b38a9fda8a6dbf81cdd,,,
2026-05-13,SH600011,0.005905391648411751,EXP_XGBModel_Alpha158_csi300_custom_step0_s_20260513_14,0aeac39ef44b4b38a9fda8a6dbf81cdd,,,
2026-05-13,SZ300832,0.0061332222093589345,EXP_DEnsembleModel_Alpha158_csi300_custom_step0_s_20260513_15,13d5c22ef8e843dc85f2427eb65ad18c,,,
2026-05-13,SH600015,-0.05222726985812187,EXP_XGBModel_Alpha158_csi300_custom_step0_s_20260513_14,0aeac39ef44b4b38a9fda8a6dbf81cdd,,,
2026-05-13,SH600018,-0.02536369301378727,EXP_XGBModel_Alpha158_csi300_custom_step0_s_20260513_14,0aeac39ef44b4b38a9fda8a6dbf81cdd,,,
2026-05-13,SH600019,-0.04928307607769966,EXP_XGBModel_Alpha158_csi300_custom_step0_s_20260513_14,0aeac39ef44b4b38a9fda8a6dbf81cdd,,,
2026-05-13,SH600023,0.02240000292658806,EXP_XGBModel_Alpha158_csi300_custom_step0_s_20260513_14,0aeac39ef44b4b38a9fda8a6dbf81cdd,,,
2026-05-13,SH600025,-0.017650354653596878,EXP_XGBModel_Alpha158_csi300_custom_step0_s_20260513_14,0aeac39ef44b4b38a9fda8a6dbf81cdd,,,
2026-05-13,SH600026,0.022269682958722115,EXP_XGBModel_Alpha158_csi300_custom_step0_s_20260513_14,0aeac39ef44b4b38a9fda8a6dbf81cdd,,,
2026-05-13,SH600027,-0.09108904749155045,EXP_XGBModel_Alpha158_csi300_custom_step0_s_20260513_14,0aeac39ef44b4b38a9fda8a6dbf81cdd,,,
2026-05-13,SH600028,0.015598900616168976,EXP_XGBModel_Alpha158_csi300_custom_step0_s_20260513_14,0aeac39ef44b4b38a9fda8a6dbf81cdd,,,
2026-05-13,SH600029,0.010967706330120564,EXP_XGBModel_Alpha158_csi300_custom_step0_s_20260513_14,0aeac39ef44b4b38a9fda8a6dbf81cdd,,,
2026-05-13,SH600030,0.019230714067816734,EXP_XGBModel_Alpha158_csi300_custom_step0_s_20260513_14,0aeac39ef44b4b38a9fda8a6dbf81cdd,,,
2026-05-13,SH600031,-0.010001646354794502,EXP_XGBModel_Alpha158_csi300_custom_step0_s_20260513_14,0aeac39ef44b4b38a9fda8a6dbf81cdd,,,
2026-05-13,SH600036,-0.05643405392765999,EXP_XGBModel_Alpha158_csi300_custom_step0_s_20260513_14,0aeac39ef44b4b38a9fda8a6dbf81cdd,,,
2026-05-13,SH600016,-0.05414796993136406,EXP_XGBModel_Alpha158_csi300_custom_step0_s_20260513_14,0aeac39ef44b4b38a9fda8a6dbf81cdd,,,
2026-05-13,SH600039,0.08774229139089584,EXP_XGBModel_Alpha158_csi300_custom_step0_s_20260513_14,0aeac39ef44b4b38a9fda8a6dbf81cdd,,,
2026-05-13,SZ300803,0.09620910552077054,EXP_DEnsembleModel_Alpha158_csi300_custom_step0_s_20260513_15,13d5c22ef8e843dc85f2427eb65ad18c,,,
2026-05-13,SZ300760,-0.0205340943266402,EXP_DEnsembleModel_Alpha158_csi300_custom_step0_s_20260513_15,13d5c22ef8e843dc85f2427eb65ad18c,,,
2026-05-13,SZ300014,0.09919934872004527,EXP_DEnsembleModel_Alpha158_csi300_custom_step0_s_20260513_15,13d5c22ef8e843dc85f2427eb65ad18c,,,
2026-05-13,SZ300015,0.06467898036023613,EXP_DEnsembleModel_Alpha158_csi300_custom_step0_s_20260513_15,13d5c22ef8e843dc85f2427eb65ad18c,,,
2026-05-13,SZ300033,0.09303289578492625,EXP_DEnsembleModel_Alpha158_csi300_custom_step0_s_20260513_15,13d5c22ef8e843dc85f2427eb65ad18c,,,
2026-05-13,SZ300059,0.038786802724959206,EXP_DEnsembleModel_Alpha158_csi300_custom_step0_s_20260513_15,13d5c22ef8e843dc85f2427eb65ad18c,,,
2026-05-13,SZ300122,-0.09714561809972914,EXP_DEnsembleModel_Alpha158_csi300_custom_step0_s_20260513_15,13d5c22ef8e843dc85f2427eb65ad18c,,,
2026-05-13,SZ300124,0.16787993375468307,EXP_DEnsembleModel_Alpha158_csi300_custom_step0_s_20260513_15,13d5c22ef8e843dc85f2427eb65ad18c,,,
2026-05-13,SZ300251,0.05327760928149201,EXP_DEnsembleModel_Alpha158_csi300_custom_step0_s_20260513_15,13d5c22ef8e843dc85f2427eb65ad18c,,,
2026-05-13,SZ300274,-0.11113428552883763,EXP_DEnsembleModel_Alpha158_csi300_custom_step0_s_20260513_15,13d5c22ef8e843dc85f2427eb65ad18c,,,
2026-05-13,SZ300308,0.18967803859581514,EXP_DEnsembleModel_Alpha158_csi300_custom_step0_s_20260513_15,13d5c22ef8e843dc85f2427eb65ad18c,,,
2026-05-13,SZ300316,0.26201382615594043,EXP_DEnsembleModel_Alpha158_csi300_custom_step0_s_20260513_15,13d5c22ef8e843dc85f2427eb65ad18c,,,
2026-05-13,SZ300347,0.10729510815849368,EXP_DEnsembleModel_Alpha158_csi300_custom_step0_s_20260513_15,13d5c22ef8e843dc85f2427eb65ad18c,,,
2026-05-13,SZ300782,0.36361924871095375,EXP_DEnsembleModel_Alpha158_csi300_custom_step0_s_20260513_15,13d5c22ef8e843dc85f2427eb65ad18c,,,
2026-05-13,SZ300394,0.03192731168538311,EXP_DEnsembleModel_Alpha158_csi300_custom_step0_s_20260513_15,13d5c22ef8e843dc85f2427eb65ad18c,,,
2026-05-13,SZ300413,0.0030295905745018983,EXP_DEnsembleModel_Alpha158_csi300_custom_step0_s_20260513_15,13d5c22ef8e843dc85f2427eb65ad18c,,,
2026-05-13,SZ300418,0.07917767847183332,EXP_DEnsembleModel_Alpha158_csi300_custom_step0_s_20260513_15,13d5c22ef8e843dc85f2427eb65ad18c,,,
2026-05-13,SZ300433,0.07867033316786261,EXP_DEnsembleModel_Alpha158_csi300_custom_step0_s_20260513_15,13d5c22ef8e843dc85f2427eb65ad18c,,,
2026-05-13,SZ300442,0.016974170585134264,EXP_DEnsembleModel_Alpha158_csi300_custom_step0_s_20260513_15,13d5c22ef8e843dc85f2427eb65ad18c,,,
2026-05-13,SZ300476,0.34358335902904286,EXP_DEnsembleModel_Alpha158_csi300_custom_step0_s_20260513_15,13d5c22ef8e843dc85f2427eb65ad18c,,,
2026-05-13,SZ300498,-0.052723527699947884,EXP_DEnsembleModel_Alpha158_csi300_custom_step0_s_20260513_15,13d5c22ef8e843dc85f2427eb65ad18c,,,
2026-05-13,SZ300502,0.04142689965023925,EXP_DEnsembleModel_Alpha158_csi300_custom_step0_s_20260513_15,13d5c22ef8e843dc85f2427eb65ad18c,,,
2026-05-13,SZ300628,0.1362518955460253,EXP_DEnsembleModel_Alpha158_csi300_custom_step0_s_20260513_15,13d5c22ef8e843dc85f2427eb65ad18c,,,
2026-05-13,SZ300661,0.3302521546170501,EXP_DEnsembleModel_Alpha158_csi300_custom_step0_s_20260513_15,13d5c22ef8e843dc85f2427eb65ad18c,,,
2026-05-13,SZ300750,0.1747143684290656,EXP_DEnsembleModel_Alpha158_csi300_custom_step0_s_20260513_15,13d5c22ef8e843dc85f2427eb65ad18c,,,
2026-05-13,SZ300759,0.017195003091426218,EXP_DEnsembleModel_Alpha158_csi300_custom_step0_s_20260513_15,13d5c22ef8e843dc85f2427eb65ad18c,,,
2026-05-13,SZ300408,0.15385841525695423,EXP_DEnsembleModel_Alpha158_csi300_custom_step0_s_20260513_15,13d5c22ef8e843dc85f2427eb65ad18c,,,
2026-05-13,SZ003816,-0.05060700226009644,EXP_DEnsembleModel_Alpha158_csi300_custom_step0_s_20260513_15,13d5c22ef8e843dc85f2427eb65ad18c,,,
2026-05-13,SH600048,0.0011139558628201485,EXP_XGBModel_Alpha158_csi300_custom_step0_s_20260513_14,0aeac39ef44b4b38a9fda8a6dbf81cdd,,,
2026-05-13,SH600061,-0.042329560965299606,EXP_XGBModel_Alpha158_csi300_custom_step0_s_20260513_14,0aeac39ef44b4b38a9fda8a6dbf81cdd,,,
2026-05-13,SH600489,-0.021180706098675728,EXP_XGBModel_Alpha158_csi300_custom_step0_s_20260513_14,0aeac39ef44b4b38a9fda8a6dbf81cdd,,,
2026-05-13,SH600515,-0.015061580576002598,EXP_XGBModel_Alpha158_csi300_custom_step0_s_20260513_14,0aeac39ef44b4b38a9fda8a6dbf81cdd,,,
2026-05-13,SH600519,-0.06934138387441635,EXP_XGBModel_Alpha158_csi300_custom_step0_s_20260513_14,0aeac39ef44b4b38a9fda8a6dbf81cdd,,,
2026-05-13,SH600522,0.3862486779689789,EXP_XGBModel_Alpha158_csi300_custom_step0_s_20260513_14,0aeac39ef44b4b38a9fda8a6dbf81cdd,,,
2026-05-13,SH600547,-0.008151151239871979,EXP_XGBModel_Alpha158_csi300_custom_step0_s_20260513_14,0aeac39ef44b4b38a9fda8a6dbf81cdd,,,
2026-05-13,SH600570,0.05631234496831894,EXP_XGBModel_Alpha158_csi300_custom_step0_s_20260513_14,0aeac39ef44b4b38a9fda8a6dbf81cdd,,,
2026-05-13,SH600584,-0.14364396035671234,EXP_XGBModel_Alpha158_csi300_custom_step0_s_20260513_14,0aeac39ef44b4b38a9fda8a6dbf81cdd,,,
2026-05-13,SH600585,-0.05661286786198616,EXP_XGBModel_Alpha158_csi300_custom_step0_s_20260513_14,0aeac39ef44b4b38a9fda8a6dbf81cdd,,,
2026-05-13,SH600588,0.06363489478826523,EXP_XGBModel_Alpha158_csi300_custom_step0_s_20260513_14,0aeac39ef44b4b38a9fda8a6dbf81cdd,,,
2026-05-13,SH600600,-0.043680597096681595,EXP_XGBModel_Alpha158_csi300_custom_step0_s_20260513_14,0aeac39ef44b4b38a9fda8a6dbf81cdd,,,
2026-05-13,SH600660,-0.01282136794179678,EXP_XGBModel_Alpha158_csi300_custom_step0_s_20260513_14,0aeac39ef44b4b38a9fda8a6dbf81cdd,,,
2026-05-13,SH600482,-0.28732559084892273,EXP_XGBModel_Alpha158_csi300_custom_step0_s_20260513_14,0aeac39ef44b4b38a9fda8a6dbf81cdd,,,
2026-05-13,SH600674,0.017839841544628143,EXP_XGBModel_Alpha158_csi300_custom_step0_s_20260513_14,0aeac39ef44b4b38a9fda8a6dbf81cdd,,,
2026-05-13,SH600741,-0.059535201638936996,EXP_XGBModel_Alpha158_csi300_custom_step0_s_20260513_14,0aeac39ef44b4b38a9fda8a6dbf81cdd,,,
2026-05-13,SH600760,-0.05741957575082779,EXP_XGBModel_Alpha158_csi300_custom_step0_s_20260513_14,0aeac39ef44b4b38a9fda8a6dbf81cdd,,,
2026-05-13,SH600795,0.009939270094037056,EXP_XGBModel_Alpha158_csi300_custom_step0_s_20260513_14,0aeac39ef44b4b38a9fda8a6dbf81cdd,,,
2026-05-13,SH600803,-0.00739861698821187,EXP_XGBModel_Alpha158_csi300_custom_step0_s_20260513_14,0aeac39ef44b4b38a9fda8a6dbf81cdd,,,
2026-05-13,SH600809,-0.01878778450191021,EXP_XGBModel_Alpha158_csi300_custom_step0_s_20260513_14,0aeac39ef44b4b38a9fda8a6dbf81cdd,,,
2026-05-13,SH600845,0.02287142165005207,EXP_XGBModel_Alpha158_csi300_custom_step0_s_20260513_14,0aeac39ef44b4b38a9fda8a6dbf81cdd,,,
2026-05-13,SH600875,-0.2235749363899231,EXP_XGBModel_Alpha158_csi300_custom_step0_s_20260513_14,0aeac39ef44b4b38a9fda8a6dbf81cdd,,,
2026-05-13,SH600886,-0.03577188774943352,EXP_XGBModel_Alpha158_csi300_custom_step0_s_20260513_14,0aeac39ef44b4b38a9fda8a6dbf81cdd,,,
2026-05-13,SH600887,-0.0009556400473229587,EXP_XGBModel_Alpha158_csi300_custom_step0_s_20260513_14,0aeac39ef44b4b38a9fda8a6dbf81cdd,,,
2026-05-13,SH600893,-0.08739170432090759,EXP_XGBModel_Alpha158_csi300_custom_step0_s_20260513_14,0aeac39ef44b4b38a9fda8a6dbf81cdd,,,
2026-05-13,SH600900,-0.018569301813840866,EXP_XGBModel_Alpha158_csi300_custom_step0_s_20260513_14,0aeac39ef44b4b38a9fda8a6dbf81cdd,,,
2026-05-13,SH600690,-0.022095205262303352,EXP_XGBModel_Alpha158_csi300_custom_step0_s_20260513_14,0aeac39ef44b4b38a9fda8a6dbf81cdd,,,
2026-05-13,SH600050,0.0048974379897117615,EXP_XGBModel_Alpha158_csi300_custom_step0_s_20260513_14,0aeac39ef44b4b38a9fda8a6dbf81cdd,,,
2026-05-13,SH600460,0.18423834443092346,EXP_XGBModel_Alpha158_csi300_custom_step0_s_20260513_14,0aeac39ef44b4b38a9fda8a6dbf81cdd,,,
2026-05-13,SH600436,-0.047080978751182556,EXP_XGBModel_Alpha158_csi300_custom_step0_s_20260513_14,0aeac39ef44b4b38a9fda8a6dbf81cdd,,,
2026-05-13,SH600066,0.0040886057540774345,EXP_XGBModel_Alpha158_csi300_custom_step0_s_20260513_14,0aeac39ef44b4b38a9fda8a6dbf81cdd,,,
2026-05-13,SH600085,-0.04635780677199364,EXP_XGBModel_Alpha158_csi300_custom_step0_s_20260513_14,0aeac39ef44b4b38a9fda8a6dbf81cdd,,,
2026-05-13,SH600089,0.0029107974842190742,EXP_XGBModel_Alpha158_csi300_custom_step0_s_20260513_14,0aeac39ef44b4b38a9fda8a6dbf81cdd,,,
2026-05-13,SH600104,-0.031380441039800644,EXP_XGBModel_Alpha158_csi300_custom_step0_s_20260513_14,0aeac39ef44b4b38a9fda8a6dbf81cdd,,,
2026-05-13,SH600111,0.014156117103993893,EXP_XGBModel_Alpha158_csi300_custom_step0_s_20260513_14,0aeac39ef44b4b38a9fda8a6dbf81cdd,,,
2026-05-13,SH600115,0.01644114777445793,EXP_XGBModel_Alpha158_csi300_custom_step0_s_20260513_14,0aeac39ef44b4b38a9fda8a6dbf81cdd,,,
2026-05-13,SH600150,0.1633630245923996,EXP_XGBModel_Alpha158_csi300_custom_step0_s_20260513_14,0aeac39ef44b4b38a9fda8a6dbf81cdd,,,
2026-05-13,SH600160,-0.001297648879699409,EXP_XGBModel_Alpha158_csi300_custom_step0_s_20260513_14,0aeac39ef44b4b38a9fda8a6dbf81cdd,,,
2026-05-13,SH600161,-0.06214003637433052,EXP_XGBModel_Alpha158_csi300_custom_step0_s_20260513_14,0aeac39ef44b4b38a9fda8a6dbf81cdd,,,
2026-05-13,SH600176,0.11009248346090317,EXP_XGBModel_Alpha158_csi300_custom_step0_s_20260513_14,0aeac39ef44b4b38a9fda8a6dbf81cdd,,,
2026-05-13,SH600183,0.1951717883348465,EXP_XGBModel_Alpha158_csi300_custom_step0_s_20260513_14,0aeac39ef44b4b38a9fda8a6dbf81cdd,,,
2026-05-13,SH600438,0.027441559359431267,EXP_XGBModel_Alpha158_csi300_custom_step0_s_20260513_14,0aeac39ef44b4b38a9fda8a6dbf81cdd,,,
2026-05-13,SH600188,-0.05289151147007942,EXP_XGBModel_Alpha158_csi300_custom_step0_s_20260513_14,0aeac39ef44b4b38a9fda8a6dbf81cdd,,,
2026-05-13,SH600219,-0.18865765631198883,EXP_XGBModel_Alpha158_csi300_custom_step0_s_20260513_14,0aeac39ef44b4b38a9fda8a6dbf81cdd,,,
2026-05-13,SH600233,-0.01375595387071371,EXP_XGBModel_Alpha158_csi300_custom_step0_s_20260513_14,0aeac39ef44b4b38a9fda8a6dbf81cdd,,,
2026-05-13,SH600276,0.008684420958161354,EXP_XGBModel_Alpha158_csi300_custom_step0_s_20260513_14,0aeac39ef44b4b38a9fda8a6dbf81cdd,,,
2026-05-13,SH600309,-0.03165578097105026,EXP_XGBModel_Alpha158_csi300_custom_step0_s_20260513_14,0aeac39ef44b4b38a9fda8a6dbf81cdd,,,
2026-05-13,SH600346,-0.04008958861231804,EXP_XGBModel_Alpha158_csi300_custom_step0_s_20260513_14,0aeac39ef44b4b38a9fda8a6dbf81cdd,,,
2026-05-13,SH600362,0.04314139112830162,EXP_XGBModel_Alpha158_csi300_custom_step0_s_20260513_14,0aeac39ef44b4b38a9fda8a6dbf81cdd,,,
2026-05-13,SH600372,0.018916158005595207,EXP_XGBModel_Alpha158_csi300_custom_step0_s_20260513_14,0aeac39ef44b4b38a9fda8a6dbf81cdd,,,
2026-05-13,SH600377,-0.009260561317205429,EXP_XGBModel_Alpha158_csi300_custom_step0_s_20260513_14,0aeac39ef44b4b38a9fda8a6dbf81cdd,,,
2026-05-13,SH600406,0.02378339134156704,EXP_XGBModel_Alpha158_csi300_custom_step0_s_20260513_14,0aeac39ef44b4b38a9fda8a6dbf81cdd,,,
2026-05-13,SH600415,0.00036916157114319503,EXP_XGBModel_Alpha158_csi300_custom_step0_s_20260513_14,0aeac39ef44b4b38a9fda8a6dbf81cdd,,,
2026-05-13,SH600426,-0.05569414794445038,EXP_XGBModel_Alpha158_csi300_custom_step0_s_20260513_14,0aeac39ef44b4b38a9fda8a6dbf81cdd,,,
2026-05-13,SH600196,-0.08000927418470383,EXP_XGBModel_Alpha158_csi300_custom_step0_s_20260513_14,0aeac39ef44b4b38a9fda8a6dbf81cdd,,,
2026-05-13,SZ002938,0.2195413549300497,EXP_DEnsembleModel_Alpha158_csi300_custom_step0_s_20260513_15,13d5c22ef8e843dc85f2427eb65ad18c,,,
2026-05-13,SZ002920,-2.6355291062983222e-05,EXP_DEnsembleModel_Alpha158_csi300_custom_step0_s_20260513_15,13d5c22ef8e843dc85f2427eb65ad18c,,,
2026-05-13,SZ002916,0.14646681469443093,EXP_DEnsembleModel_Alpha158_csi300_custom_step0_s_20260513_15,13d5c22ef8e843dc85f2427eb65ad18c,,,
2026-05-13,SH688169,0.0297745336449317,EXP_DEnsembleModel_Alpha158_csi300_custom_step0_s_20260513_15,13d5c22ef8e843dc85f2427eb65ad18c,,,
2026-05-13,SH688187,0.10002572669064266,EXP_DEnsembleModel_Alpha158_csi300_custom_step0_s_20260513_15,13d5c22ef8e843dc85f2427eb65ad18c,,,
2026-05-13,SH688223,0.15855735898813794,EXP_DEnsembleModel_Alpha158_csi300_custom_step0_s_20260513_15,13d5c22ef8e843dc85f2427eb65ad18c,,,
2026-05-13,SH688256,0.2611244040121024,EXP_DEnsembleModel_Alpha158_csi300_custom_step0_s_20260513_15,13d5c22ef8e843dc85f2427eb65ad18c,,,
2026-05-13,SH688271,-0.022453864035163067,EXP_DEnsembleModel_Alpha158_csi300_custom_step0_s_20260513_15,13d5c22ef8e843dc85f2427eb65ad18c,,,
2026-05-13,SH688303,0.027280661159955696,EXP_DEnsembleModel_Alpha158_csi300_custom_step0_s_20260513_15,13d5c22ef8e843dc85f2427eb65ad18c,,,
2026-05-13,SH688396,0.17847956286689345,EXP_DEnsembleModel_Alpha158_csi300_custom_step0_s_20260513_15,13d5c22ef8e843dc85f2427eb65ad18c,,,
2026-05-13,SH688472,0.1455057569991639,EXP_DEnsembleModel_Alpha158_csi300_custom_step0_s_20260513_15,13d5c22ef8e843dc85f2427eb65ad18c,,,
2026-05-13,SH688506,0.14013334992223606,EXP_DEnsembleModel_Alpha158_csi300_custom_step0_s_20260513_15,13d5c22ef8e843dc85f2427eb65ad18c,,,
2026-05-13,SH688981,-0.007035627730630941,EXP_DEnsembleModel_Alpha158_csi300_custom_step0_s_20260513_15,13d5c22ef8e843dc85f2427eb65ad18c,,,
2026-05-13,SZ000001,-0.060815856161609255,EXP_DEnsembleModel_Alpha158_csi300_custom_step0_s_20260513_15,13d5c22ef8e843dc85f2427eb65ad18c,,,
2026-05-13,SH688126,0.20174944306019316,EXP_DEnsembleModel_Alpha158_csi300_custom_step0_s_20260513_15,13d5c22ef8e843dc85f2427eb65ad18c,,,
2026-05-13,SZ000002,-0.06828809605364472,EXP_DEnsembleModel_Alpha158_csi300_custom_step0_s_20260513_15,13d5c22ef8e843dc85f2427eb65ad18c,,,
2026-05-13,SZ000100,-0.08157327997223872,EXP_DEnsembleModel_Alpha158_csi300_custom_step0_s_20260513_15,13d5c22ef8e843dc85f2427eb65ad18c,,,
2026-05-13,SZ000157,-0.02888082857820469,EXP_DEnsembleModel_Alpha158_csi300_custom_step0_s_20260513_15,13d5c22ef8e843dc85f2427eb65ad18c,,,
2026-05-13,SZ000166,-0.008030004906546786,EXP_DEnsembleModel_Alpha158_csi300_custom_step0_s_20260513_15,13d5c22ef8e843dc85f2427eb65ad18c,,,
2026-05-13,SZ000301,0.08124256872582272,EXP_DEnsembleModel_Alpha158_csi300_custom_step0_s_20260513_15,13d5c22ef8e843dc85f2427eb65ad18c,,,
2026-05-13,SZ000333,0.05964733320394819,EXP_DEnsembleModel_Alpha158_csi300_custom_step0_s_20260513_15,13d5c22ef8e843dc85f2427eb65ad18c,,,
2026-05-13,SZ000338,0.056416139305304897,EXP_DEnsembleModel_Alpha158_csi300_custom_step0_s_20260513_15,13d5c22ef8e843dc85f2427eb65ad18c,,,
2026-05-13,SZ000408,0.15313807422192371,EXP_DEnsembleModel_Alpha158_csi300_custom_step0_s_20260513_15,13d5c22ef8e843dc85f2427eb65ad18c,,,
2026-05-13,SZ000425,-0.03546754949425511,EXP_DEnsembleModel_Alpha158_csi300_custom_step0_s_20260513_15,13d5c22ef8e843dc85f2427eb65ad18c,,,
2026-05-13,SZ000538,-0.11971988934699448,EXP_DEnsembleModel_Alpha158_csi300_custom_step0_s_20260513_15,13d5c22ef8e843dc85f2427eb65ad18c,,,
2026-05-13,SZ000568,-0.006344691281947327,EXP_DEnsembleModel_Alpha158_csi300_custom_step0_s_20260513_15,13d5c22ef8e843dc85f2427eb65ad18c,,,
2026-05-13,SZ000596,0.020645628236933437,EXP_DEnsembleModel_Alpha158_csi300_custom_step0_s_20260513_15,13d5c22ef8e843dc85f2427eb65ad18c,,,
2026-05-13,SZ000063,0.09885958326572908,EXP_DEnsembleModel_Alpha158_csi300_custom_step0_s_20260513_15,13d5c22ef8e843dc85f2427eb65ad18c,,,
2026-05-13,SZ000617,-0.029473493720046973,EXP_DEnsembleModel_Alpha158_csi300_custom_step0_s_20260513_15,13d5c22ef8e843dc85f2427eb65ad18c,,,
2026-05-13,SH688111,0.026629301681639957,EXP_DEnsembleModel_Alpha158_csi300_custom_step0_s_20260513_15,13d5c22ef8e843dc85f2427eb65ad18c,,,
2026-05-13,SH688047,-0.07626470445539783,EXP_DEnsembleModel_Alpha158_csi300_custom_step0_s_20260513_15,13d5c22ef8e843dc85f2427eb65ad18c,,,
2026-05-13,SH601985,0.016434275316979215,EXP_DEnsembleModel_Alpha158_csi300_custom_step0_s_20260513_15,13d5c22ef8e843dc85f2427eb65ad18c,,,
2026-05-13,SH601988,-0.004654788622307835,EXP_DEnsembleModel_Alpha158_csi300_custom_step0_s_20260513_15,13d5c22ef8e843dc85f2427eb65ad18c,,,
2026-05-13,SH601995,0.07649346515092235,EXP_DEnsembleModel_Alpha158_csi300_custom_step0_s_20260513_15,13d5c22ef8e843dc85f2427eb65ad18c,,,
2026-05-13,SH601998,-0.0485367320436373,EXP_DEnsembleModel_Alpha158_csi300_custom_step0_s_20260513_15,13d5c22ef8e843dc85f2427eb65ad18c,,,
2026-05-13,SH603019,0.11599453381775977,EXP_DEnsembleModel_Alpha158_csi300_custom_step0_s_20260513_15,13d5c22ef8e843dc85f2427eb65ad18c,,,
2026-05-13,SH603195,-0.04983429638911124,EXP_DEnsembleModel_Alpha158_csi300_custom_step0_s_20260513_15,13d5c22ef8e843dc85f2427eb65ad18c,,,
2026-05-13,SH603259,0.005041701954469439,EXP_DEnsembleModel_Alpha158_csi300_custom_step0_s_20260513_15,13d5c22ef8e843dc85f2427eb65ad18c,,,
2026-05-13,SH603260,0.07652342592675297,EXP_DEnsembleModel_Alpha158_csi300_custom_step0_s_20260513_15,13d5c22ef8e843dc85f2427eb65ad18c,,,
2026-05-13,SH603288,-0.06923487806608895,EXP_DEnsembleModel_Alpha158_csi300_custom_step0_s_20260513_15,13d5c22ef8e843dc85f2427eb65ad18c,,,
2026-05-13,SH603296,-0.05322260035557556,EXP_DEnsembleModel_Alpha158_csi300_custom_step0_s_20260513_15,13d5c22ef8e843dc85f2427eb65ad18c,,,
2026-05-13,SH603369,-0.03865551179549575,EXP_DEnsembleModel_Alpha158_csi300_custom_step0_s_20260513_15,13d5c22ef8e843dc85f2427eb65ad18c,,,
2026-05-13,SH688082,0.08685396323839598,EXP_DEnsembleModel_Alpha158_csi300_custom_step0_s_20260513_15,13d5c22ef8e843dc85f2427eb65ad18c,,,
2026-05-13,SH603392,-0.11324703798699431,EXP_DEnsembleModel_Alpha158_csi300_custom_step0_s_20260513_15,13d5c22ef8e843dc85f2427eb65ad18c,,,
2026-05-13,SH603799,0.03320522610392398,EXP_DEnsembleModel_Alpha158_csi300_custom_step0_s_20260513_15,13d5c22ef8e843dc85f2427eb65ad18c,,,
2026-05-13,SH603893,0.0413517961508846,EXP_DEnsembleModel_Alpha158_csi300_custom_step0_s_20260513_15,13d5c22ef8e843dc85f2427eb65ad18c,,,
2026-05-13,SH603986,0.24342763986269542,EXP_DEnsembleModel_Alpha158_csi300_custom_step0_s_20260513_15,13d5c22ef8e843dc85f2427eb65ad18c,,,
2026-05-13,SH603993,0.06837664157162285,EXP_DEnsembleModel_Alpha158_csi300_custom_step0_s_20260513_15,13d5c22ef8e843dc85f2427eb65ad18c,,,
2026-05-13,SH605117,0.13887407109802444,EXP_DEnsembleModel_Alpha158_csi300_custom_step0_s_20260513_15,13d5c22ef8e843dc85f2427eb65ad18c,,,
2026-05-13,SH605499,-0.04829222731592359,EXP_DEnsembleModel_Alpha158_csi300_custom_step0_s_20260513_15,13d5c22ef8e843dc85f2427eb65ad18c,,,
2026-05-13,SH688008,0.3439929193566078,EXP_DEnsembleModel_Alpha158_csi300_custom_step0_s_20260513_15,13d5c22ef8e843dc85f2427eb65ad18c,,,
2026-05-13,SH688009,-0.13247699515312747,EXP_DEnsembleModel_Alpha158_csi300_custom_step0_s_20260513_15,13d5c22ef8e843dc85f2427eb65ad18c,,,
2026-05-13,SH688012,0.1747972550946657,EXP_DEnsembleModel_Alpha158_csi300_custom_step0_s_20260513_15,13d5c22ef8e843dc85f2427eb65ad18c,,,
2026-05-13,SH688036,0.019829030199916074,EXP_DEnsembleModel_Alpha158_csi300_custom_step0_s_20260513_15,13d5c22ef8e843dc85f2427eb65ad18c,,,
2026-05-13,SH688041,0.04077386337317982,EXP_DEnsembleModel_Alpha158_csi300_custom_step0_s_20260513_15,13d5c22ef8e843dc85f2427eb65ad18c,,,
2026-05-13,SH603501,0.037292359828953854,EXP_DEnsembleModel_Alpha158_csi300_custom_step0_s_20260513_15,13d5c22ef8e843dc85f2427eb65ad18c,,,
2026-05-13,SZ000625,-0.038914742509050235,EXP_DEnsembleModel_Alpha158_csi300_custom_step0_s_20260513_15,13d5c22ef8e843dc85f2427eb65ad18c,,,
2026-05-13,SZ000630,0.04868627379330171,EXP_DEnsembleModel_Alpha158_csi300_custom_step0_s_20260513_15,13d5c22ef8e843dc85f2427eb65ad18c,,,
2026-05-13,SZ000651,-0.001962373611493308,EXP_DEnsembleModel_Alpha158_csi300_custom_step0_s_20260513_15,13d5c22ef8e843dc85f2427eb65ad18c,,,
2026-05-13,SZ002236,0.058096131749166745,EXP_DEnsembleModel_Alpha158_csi300_custom_step0_s_20260513_15,13d5c22ef8e843dc85f2427eb65ad18c,,,
2026-05-13,SZ002241,0.10487530995423631,EXP_DEnsembleModel_Alpha158_csi300_custom_step0_s_20260513_15,13d5c22ef8e843dc85f2427eb65ad18c,,,
2026-05-13,SZ002252,-0.06461537074257165,EXP_DEnsembleModel_Alpha158_csi300_custom_step0_s_20260513_15,13d5c22ef8e843dc85f2427eb65ad18c,,,
2026-05-13,SZ002304,-0.060881551768484594,EXP_DEnsembleModel_Alpha158_csi300_custom_step0_s_20260513_15,13d5c22ef8e843dc85f2427eb65ad18c,,,
2026-05-13,SZ002311,0.03883089629831289,EXP_DEnsembleModel_Alpha158_csi300_custom_step0_s_20260513_15,13d5c22ef8e843dc85f2427eb65ad18c,,,
2026-05-13,SZ002352,-0.05304102637908717,EXP_DEnsembleModel_Alpha158_csi300_custom_step0_s_20260513_15,13d5c22ef8e843dc85f2427eb65ad18c,,,
2026-05-13,SZ002371,0.1850146689309399,EXP_DEnsembleModel_Alpha158_csi300_custom_step0_s_20260513_15,13d5c22ef8e843dc85f2427eb65ad18c,,,
2026-05-13,SZ002384,0.23955631153346318,EXP_DEnsembleModel_Alpha158_csi300_custom_step0_s_20260513_15,13d5c22ef8e843dc85f2427eb65ad18c,,,
2026-05-13,SZ002415,0.0665189289590181,EXP_DEnsembleModel_Alpha158_csi300_custom_step0_s_20260513_15,13d5c22ef8e843dc85f2427eb65ad18c,,,
2026-05-13,SZ002422,-0.012512514453448637,EXP_DEnsembleModel_Alpha158_csi300_custom_step0_s_20260513_15,13d5c22ef8e843dc85f2427eb65ad18c,,,
2026-05-13,SZ002459,0.00785342240751529,EXP_DEnsembleModel_Alpha158_csi300_custom_step0_s_20260513_15,13d5c22ef8e843dc85f2427eb65ad18c,,,
2026-05-13,SZ002230,0.05951598303981701,EXP_DEnsembleModel_Alpha158_csi300_custom_step0_s_20260513_15,13d5c22ef8e843dc85f2427eb65ad18c,,,
2026-05-13,SZ002460,0.1160594118715625,EXP_DEnsembleModel_Alpha158_csi300_custom_step0_s_20260513_15,13d5c22ef8e843dc85f2427eb65ad18c,,,
2026-05-13,SZ002466,0.2891476093518725,EXP_DEnsembleModel_Alpha158_csi300_custom_step0_s_20260513_15,13d5c22ef8e843dc85f2427eb65ad18c,,,
2026-05-13,SZ002475,0.27475445385411335,EXP_DEnsembleModel_Alpha158_csi300_custom_step0_s_20260513_15,13d5c22ef8e843dc85f2427eb65ad18c,,,
2026-05-13,SZ002493,0.12315129326347221,EXP_DEnsembleModel_Alpha158_csi300_custom_step0_s_20260513_15,13d5c22ef8e843dc85f2427eb65ad18c,,,
2026-05-13,SZ002594,-0.005386180415955218,EXP_DEnsembleModel_Alpha158_csi300_custom_step0_s_20260513_15,13d5c22ef8e843dc85f2427eb65ad18c,,,
2026-05-13,SZ002600,0.1880868913942192,EXP_DEnsembleModel_Alpha158_csi300_custom_step0_s_20260513_15,13d5c22ef8e843dc85f2427eb65ad18c,,,
2026-05-13,SZ002601,-0.03536684431692106,EXP_DEnsembleModel_Alpha158_csi300_custom_step0_s_20260513_15,13d5c22ef8e843dc85f2427eb65ad18c,,,
2026-05-13,SZ002625,0.13131879819586476,EXP_DEnsembleModel_Alpha158_csi300_custom_step0_s_20260513_15,13d5c22ef8e843dc85f2427eb65ad18c,,,
2026-05-13,SZ002648,0.05726227912894642,EXP_DEnsembleModel_Alpha158_csi300_custom_step0_s_20260513_15,13d5c22ef8e843dc85f2427eb65ad18c,,,
2026-05-13,SZ002709,0.2740007647706469,EXP_DEnsembleModel_Alpha158_csi300_custom_step0_s_20260513_15,13d5c22ef8e843dc85f2427eb65ad18c,,,
2026-05-13,SZ002714,-0.09577725003292847,EXP_DEnsembleModel_Alpha158_csi300_custom_step0_s_20260513_15,13d5c22ef8e843dc85f2427eb65ad18c,,,
2026-05-13,SZ002736,-0.12229017385736012,EXP_DEnsembleModel_Alpha158_csi300_custom_step0_s_20260513_15,13d5c22ef8e843dc85f2427eb65ad18c,,,
2026-05-13,SZ002463,0.2140479257125553,EXP_DEnsembleModel_Alpha158_csi300_custom_step0_s_20260513_15,13d5c22ef8e843dc85f2427eb65ad18c,,,
2026-05-13,SZ002179,0.23511724096490322,EXP_DEnsembleModel_Alpha158_csi300_custom_step0_s_20260513_15,13d5c22ef8e843dc85f2427eb65ad18c,,,
2026-05-13,SZ002142,0.030403743523867113,EXP_DEnsembleModel_Alpha158_csi300_custom_step0_s_20260513_15,13d5c22ef8e843dc85f2427eb65ad18c,,,
2026-05-13,SZ002074,0.07560838628997005,EXP_DEnsembleModel_Alpha158_csi300_custom_step0_s_20260513_15,13d5c22ef8e843dc85f2427eb65ad18c,,,
2026-05-13,SZ000661,-0.07311518539473996,EXP_DEnsembleModel_Alpha158_csi300_custom_step0_s_20260513_15,13d5c22ef8e843dc85f2427eb65ad18c,,,
2026-05-13,SZ000708,-0.09544244891911847,EXP_DEnsembleModel_Alpha158_csi300_custom_step0_s_20260513_15,13d5c22ef8e843dc85f2427eb65ad18c,,,
2026-05-13,SZ000725,0.02403596368611384,EXP_DEnsembleModel_Alpha158_csi300_custom_step0_s_20260513_15,13d5c22ef8e843dc85f2427eb65ad18c,,,
2026-05-13,SZ000768,-0.027078824949255197,EXP_DEnsembleModel_Alpha158_csi300_custom_step0_s_20260513_15,13d5c22ef8e843dc85f2427eb65ad18c,,,
2026-05-13,SZ000776,0.015850522683795883,EXP_DEnsembleModel_Alpha158_csi300_custom_step0_s_20260513_15,13d5c22ef8e843dc85f2427eb65ad18c,,,
2026-05-13,SZ000786,-0.03724058191321737,EXP_DEnsembleModel_Alpha158_csi300_custom_step0_s_20260513_15,13d5c22ef8e843dc85f2427eb65ad18c,,,
2026-05-13,SZ000792,-0.0014285809668143797,EXP_DEnsembleModel_Alpha158_csi300_custom_step0_s_20260513_15,13d5c22ef8e843dc85f2427eb65ad18c,,,
2026-05-13,SZ000807,-0.020825837081724943,EXP_DEnsembleModel_Alpha158_csi300_custom_step0_s_20260513_15,13d5c22ef8e843dc85f2427eb65ad18c,,,
2026-05-13,SZ000858,-0.015840934471098876,EXP_DEnsembleModel_Alpha158_csi300_custom_step0_s_20260513_15,13d5c22ef8e843dc85f2427eb65ad18c,,,
2026-05-13,SZ000876,-0.0218458858111751,EXP_DEnsembleModel_Alpha158_csi300_custom_step0_s_20260513_15,13d5c22ef8e843dc85f2427eb65ad18c,,,
2026-05-13,SZ000895,-0.026083934975278954,EXP_DEnsembleModel_Alpha158_csi300_custom_step0_s_20260513_15,13d5c22ef8e843dc85f2427eb65ad18c,,,
2026-05-13,SZ000938,0.004193438142971404,EXP_DEnsembleModel_Alpha158_csi300_custom_step0_s_20260513_15,13d5c22ef8e843dc85f2427eb65ad18c,,,
2026-05-13,SZ000963,-0.12992640301553068,EXP_DEnsembleModel_Alpha158_csi300_custom_step0_s_20260513_15,13d5c22ef8e843dc85f2427eb65ad18c,,,
2026-05-13,SZ000975,-0.11419225511710443,EXP_DEnsembleModel_Alpha158_csi300_custom_step0_s_20260513_15,13d5c22ef8e843dc85f2427eb65ad18c,,,
2026-05-13,SZ000977,0.04120467347720767,EXP_DEnsembleModel_Alpha158_csi300_custom_step0_s_20260513_15,13d5c22ef8e843dc85f2427eb65ad18c,,,
2026-05-13,SZ000983,-0.054101377554875284,EXP_DEnsembleModel_Alpha158_csi300_custom_step0_s_20260513_15,13d5c22ef8e843dc85f2427eb65ad18c,,,
2026-05-13,SZ000999,-0.10866568032755451,EXP_DEnsembleModel_Alpha158_csi300_custom_step0_s_20260513_15,13d5c22ef8e843dc85f2427eb65ad18c,,,
2026-05-13,SZ001391,-0.023819751325903,EXP_DEnsembleModel_Alpha158_csi300_custom_step0_s_20260513_15,13d5c22ef8e843dc85f2427eb65ad18c,,,
2026-05-13,SZ001965,0.014452913405427049,EXP_DEnsembleModel_Alpha158_csi300_custom_step0_s_20260513_15,13d5c22ef8e843dc85f2427eb65ad18c,,,
2026-05-13,SZ001979,0.031325208367366124,EXP_DEnsembleModel_Alpha158_csi300_custom_step0_s_20260513_15,13d5c22ef8e843dc85f2427eb65ad18c,,,
2026-05-13,SZ002001,-0.013479592174869463,EXP_DEnsembleModel_Alpha158_csi300_custom_step0_s_20260513_15,13d5c22ef8e843dc85f2427eb65ad18c,,,
2026-05-13,SZ002027,-0.07178812362995975,EXP_DEnsembleModel_Alpha158_csi300_custom_step0_s_20260513_15,13d5c22ef8e843dc85f2427eb65ad18c,,,
2026-05-13,SZ002028,-0.14422323951297936,EXP_DEnsembleModel_Alpha158_csi300_custom_step0_s_20260513_15,13d5c22ef8e843dc85f2427eb65ad18c,,,
2026-05-13,SZ002049,0.25237390012016486,EXP_DEnsembleModel_Alpha158_csi300_custom_step0_s_20260513_15,13d5c22ef8e843dc85f2427eb65ad18c,,,
2026-05-13,SZ002050,0.17487608867171958,EXP_DEnsembleModel_Alpha158_csi300_custom_step0_s_20260513_15,13d5c22ef8e843dc85f2427eb65ad18c,,,
2026-05-13,SH600905,-0.006708071567118168,EXP_XGBModel_Alpha158_csi300_custom_step0_s_20260513_14,0aeac39ef44b4b38a9fda8a6dbf81cdd,,,
2026-05-13,SH601939,-0.01592678912727957,EXP_DEnsembleModel_Alpha158_csi300_custom_step0_s_20260513_15,13d5c22ef8e843dc85f2427eb65ad18c,,,
2026-05-13,SH600918,-0.06332667171955109,EXP_XGBModel_Alpha158_csi300_custom_step0_s_20260513_14,0aeac39ef44b4b38a9fda8a6dbf81cdd,,,
2026-05-13,SH600926,-0.03439466655254364,EXP_XGBModel_Alpha158_csi300_custom_step0_s_20260513_14,0aeac39ef44b4b38a9fda8a6dbf81cdd,,,
2026-05-13,SZ000895,-0.021727988496422768,EXP_XGBModel_Alpha158_csi300_custom_step0_s_20260513_14,0aeac39ef44b4b38a9fda8a6dbf81cdd,,,
2026-05-13,SZ000938,-0.24001768231391907,EXP_XGBModel_Alpha158_csi300_custom_step0_s_20260513_14,0aeac39ef44b4b38a9fda8a6dbf81cdd,,,
2026-05-13,SZ000963,-0.06676723808050156,EXP_XGBModel_Alpha158_csi300_custom_step0_s_20260513_14,0aeac39ef44b4b38a9fda8a6dbf81cdd,,,
2026-05-13,SZ000975,-0.0643482431769371,EXP_XGBModel_Alpha158_csi300_custom_step0_s_20260513_14,0aeac39ef44b4b38a9fda8a6dbf81cdd,,,
2026-05-13,SZ000977,-0.22327785193920135,EXP_XGBModel_Alpha158_csi300_custom_step0_s_20260513_14,0aeac39ef44b4b38a9fda8a6dbf81cdd,,,
2026-05-13,SZ000983,-0.035291917622089386,EXP_XGBModel_Alpha158_csi300_custom_step0_s_20260513_14,0aeac39ef44b4b38a9fda8a6dbf81cdd,,,
2026-05-13,SZ000999,-0.02320289984345436,EXP_XGBModel_Alpha158_csi300_custom_step0_s_20260513_14,0aeac39ef44b4b38a9fda8a6dbf81cdd,,,
2026-05-13,SZ001391,-0.023391278460621834,EXP_XGBModel_Alpha158_csi300_custom_step0_s_20260513_14,0aeac39ef44b4b38a9fda8a6dbf81cdd,,,
2026-05-13,SZ001965,0.016248071566224098,EXP_XGBModel_Alpha158_csi300_custom_step0_s_20260513_14,0aeac39ef44b4b38a9fda8a6dbf81cdd,,,
2026-05-13,SZ001979,0.16645699739456177,EXP_XGBModel_Alpha158_csi300_custom_step0_s_20260513_14,0aeac39ef44b4b38a9fda8a6dbf81cdd,,,
2026-05-13,SZ002001,-0.024263961240649223,EXP_XGBModel_Alpha158_csi300_custom_step0_s_20260513_14,0aeac39ef44b4b38a9fda8a6dbf81cdd,,,
2026-05-13,SZ000876,-0.010356480255723,EXP_XGBModel_Alpha158_csi300_custom_step0_s_20260513_14,0aeac39ef44b4b38a9fda8a6dbf81cdd,,,
2026-05-13,SZ002027,-0.05629458278417587,EXP_XGBModel_Alpha158_csi300_custom_step0_s_20260513_14,0aeac39ef44b4b38a9fda8a6dbf81cdd,,,
2026-05-13,SZ002049,0.03341604024171829,EXP_XGBModel_Alpha158_csi300_custom_step0_s_20260513_14,0aeac39ef44b4b38a9fda8a6dbf81cdd,,,
2026-05-13,SZ002050,0.12306059896945953,EXP_XGBModel_Alpha158_csi300_custom_step0_s_20260513_14,0aeac39ef44b4b38a9fda8a6dbf81cdd,,,
2026-05-13,SZ002074,0.05003875494003296,EXP_XGBModel_Alpha158_csi300_custom_step0_s_20260513_14,0aeac39ef44b4b38a9fda8a6dbf81cdd,,,
2026-05-13,SZ002142,0.005060158669948578,EXP_XGBModel_Alpha158_csi300_custom_step0_s_20260513_14,0aeac39ef44b4b38a9fda8a6dbf81cdd,,,
2026-05-13,SZ002179,0.1419847458600998,EXP_XGBModel_Alpha158_csi300_custom_step0_s_20260513_14,0aeac39ef44b4b38a9fda8a6dbf81cdd,,,
2026-05-13,SZ002230,0.06587768346071243,EXP_XGBModel_Alpha158_csi300_custom_step0_s_20260513_14,0aeac39ef44b4b38a9fda8a6dbf81cdd,,,
2026-05-13,SZ002236,0.021621057763695717,EXP_XGBModel_Alpha158_csi300_custom_step0_s_20260513_14,0aeac39ef44b4b38a9fda8a6dbf81cdd,,,
2026-05-13,SZ002241,0.027990160509943962,EXP_XGBModel_Alpha158_csi300_custom_step0_s_20260513_14,0aeac39ef44b4b38a9fda8a6dbf81cdd,,,
2026-05-13,SZ002252,-0.04989660903811455,EXP_XGBModel_Alpha158_csi300_custom_step0_s_20260513_14,0aeac39ef44b4b38a9fda8a6dbf81cdd,,,
2026-05-13,SZ002304,-0.0616195872426033,EXP_XGBModel_Alpha158_csi300_custom_step0_s_20260513_14,0aeac39ef44b4b38a9fda8a6dbf81cdd,,,
2026-05-13,SZ002311,-0.012147094123065472,EXP_XGBModel_Alpha158_csi300_custom_step0_s_20260513_14,0aeac39ef44b4b38a9fda8a6dbf81cdd,,,
2026-05-13,SZ002028,-0.07756346464157104,EXP_XGBModel_Alpha158_csi300_custom_step0_s_20260513_14,0aeac39ef44b4b38a9fda8a6dbf81cdd,,,
2026-05-13,SZ002352,-0.04244374483823776,EXP_XGBModel_Alpha158_csi300_custom_step0_s_20260513_14,0aeac39ef44b4b38a9fda8a6dbf81cdd,,,
2026-05-13,SZ000858,0.0011850418522953987,EXP_XGBModel_Alpha158_csi300_custom_step0_s_20260513_14,0aeac39ef44b4b38a9fda8a6dbf81cdd,,,
2026-05-13,SZ000792,-0.028172774240374565,EXP_XGBModel_Alpha158_csi300_custom_step0_s_20260513_14,0aeac39ef44b4b38a9fda8a6dbf81cdd,,,
2026-05-13,SZ000001,-0.018864644691348076,EXP_XGBModel_Alpha158_csi300_custom_step0_s_20260513_14,0aeac39ef44b4b38a9fda8a6dbf81cdd,,,
2026-05-13,SZ000002,-0.0433838851749897,EXP_XGBModel_Alpha158_csi300_custom_step0_s_20260513_14,0aeac39ef44b4b38a9fda8a6dbf81cdd,,,
2026-05-13,SZ000063,0.015155037865042686,EXP_XGBModel_Alpha158_csi300_custom_step0_s_20260513_14,0aeac39ef44b4b38a9fda8a6dbf81cdd,,,
2026-05-13,SZ000100,-0.02247430942952633,EXP_XGBModel_Alpha158_csi300_custom_step0_s_20260513_14,0aeac39ef44b4b38a9fda8a6dbf81cdd,,,
2026-05-13,SZ000157,-0.01818796433508396,EXP_XGBModel_Alpha158_csi300_custom_step0_s_20260513_14,0aeac39ef44b4b38a9fda8a6dbf81cdd,,,
2026-05-13,SZ000166,-0.02609323523938656,EXP_XGBModel_Alpha158_csi300_custom_step0_s_20260513_14,0aeac39ef44b4b38a9fda8a6dbf81cdd,,,
2026-05-13,SZ000301,0.10748609900474548,EXP_XGBModel_Alpha158_csi300_custom_step0_s_20260513_14,0aeac39ef44b4b38a9fda8a6dbf81cdd,,,
2026-05-13,SZ000333,0.011453621089458466,EXP_XGBModel_Alpha158_csi300_custom_step0_s_20260513_14,0aeac39ef44b4b38a9fda8a6dbf81cdd,,,
2026-05-13,SZ000338,-0.16434292495250702,EXP_XGBModel_Alpha158_csi300_custom_step0_s_20260513_14,0aeac39ef44b4b38a9fda8a6dbf81cdd,,,
2026-05-13,SZ000408,0.12351302057504654,EXP_XGBModel_Alpha158_csi300_custom_step0_s_20260513_14,0aeac39ef44b4b38a9fda8a6dbf81cdd,,,
2026-05-13,SZ000425,-0.032705191522836685,EXP_XGBModel_Alpha158_csi300_custom_step0_s_20260513_14,0aeac39ef44b4b38a9fda8a6dbf81cdd,,,
2026-05-13,SZ000807,-0.03281862288713455,EXP_XGBModel_Alpha158_csi300_custom_step0_s_20260513_14,0aeac39ef44b4b38a9fda8a6dbf81cdd,,,
2026-05-13,SZ000538,-0.06484537571668625,EXP_XGBModel_Alpha158_csi300_custom_step0_s_20260513_14,0aeac39ef44b4b38a9fda8a6dbf81cdd,,,
2026-05-13,SZ000596,0.10610761493444443,EXP_XGBModel_Alpha158_csi300_custom_step0_s_20260513_14,0aeac39ef44b4b38a9fda8a6dbf81cdd,,,
2026-05-13,SZ000617,0.0035570384934544563,EXP_XGBModel_Alpha158_csi300_custom_step0_s_20260513_14,0aeac39ef44b4b38a9fda8a6dbf81cdd,,,
2026-05-13,SZ000625,-0.051012784242630005,EXP_XGBModel_Alpha158_csi300_custom_step0_s_20260513_14,0aeac39ef44b4b38a9fda8a6dbf81cdd,,,
2026-05-13,SZ000630,-0.018474286422133446,EXP_XGBModel_Alpha158_csi300_custom_step0_s_20260513_14,0aeac39ef44b4b38a9fda8a6dbf81cdd,,,
2026-05-13,SZ000651,-0.03321896493434906,EXP_XGBModel_Alpha158_csi300_custom_step0_s_20260513_14,0aeac39ef44b4b38a9fda8a6dbf81cdd,,,
2026-05-13,SZ000661,0.05757131427526474,EXP_XGBModel_Alpha158_csi300_custom_step0_s_20260513_14,0aeac39ef44b4b38a9fda8a6dbf81cdd,,,
2026-05-13,SZ000708,-0.05403658375144005,EXP_XGBModel_Alpha158_csi300_custom_step0_s_20260513_14,0aeac39ef44b4b38a9fda8a6dbf81cdd,,,
2026-05-13,SZ000725,0.00918249785900116,EXP_XGBModel_Alpha158_csi300_custom_step0_s_20260513_14,0aeac39ef44b4b38a9fda8a6dbf81cdd,,,
2026-05-13,SZ000768,0.09128406643867493,EXP_XGBModel_Alpha158_csi300_custom_step0_s_20260513_14,0aeac39ef44b4b38a9fda8a6dbf81cdd,,,
2026-05-13,SZ000776,0.023673877120018005,EXP_XGBModel_Alpha158_csi300_custom_step0_s_20260513_14,0aeac39ef44b4b38a9fda8a6dbf81cdd,,,
2026-05-13,SZ000786,-0.006277899723500013,EXP_XGBModel_Alpha158_csi300_custom_step0_s_20260513_14,0aeac39ef44b4b38a9fda8a6dbf81cdd,,,
2026-05-13,SZ000568,-0.01775452122092247,EXP_XGBModel_Alpha158_csi300_custom_step0_s_20260513_14,0aeac39ef44b4b38a9fda8a6dbf81cdd,,,
2026-05-13,SH688981,0.009690213948488235,EXP_XGBModel_Alpha158_csi300_custom_step0_s_20260513_14,0aeac39ef44b4b38a9fda8a6dbf81cdd,,,
2026-05-13,SZ002371,0.033172380179166794,EXP_XGBModel_Alpha158_csi300_custom_step0_s_20260513_14,0aeac39ef44b4b38a9fda8a6dbf81cdd,,,
2026-05-13,SZ002415,0.04854724556207657,EXP_XGBModel_Alpha158_csi300_custom_step0_s_20260513_14,0aeac39ef44b4b38a9fda8a6dbf81cdd,,,
2026-05-13,SZ300316,0.714565634727478,EXP_XGBModel_Alpha158_csi300_custom_step0_s_20260513_14,0aeac39ef44b4b38a9fda8a6dbf81cdd,,,
2026-05-13,SZ300347,0.08316639065742493,EXP_XGBModel_Alpha158_csi300_custom_step0_s_20260513_14,0aeac39ef44b4b38a9fda8a6dbf81cdd,,,
2026-05-13,SZ300394,-0.2181951254606247,EXP_XGBModel_Alpha158_csi300_custom_step0_s_20260513_14,0aeac39ef44b4b38a9fda8a6dbf81cdd,,,
2026-05-13,SZ300408,-0.0042466698214411736,EXP_XGBModel_Alpha158_csi300_custom_step0_s_20260513_14,0aeac39ef44b4b38a9fda8a6dbf81cdd,,,
2026-05-13,SZ300413,-0.022923437878489494,EXP_XGBModel_Alpha158_csi300_custom_step0_s_20260513_14,0aeac39ef44b4b38a9fda8a6dbf81cdd,,,
2026-05-13,SZ300418,0.06521535664796829,EXP_XGBModel_Alpha158_csi300_custom_step0_s_20260513_14,0aeac39ef44b4b38a9fda8a6dbf81cdd,,,
2026-05-13,SZ300433,-0.3037814795970917,EXP_XGBModel_Alpha158_csi300_custom_step0_s_20260513_14,0aeac39ef44b4b38a9fda8a6dbf81cdd,,,
2026-05-13,SZ300442,0.038002606481313705,EXP_XGBModel_Alpha158_csi300_custom_step0_s_20260513_14,0aeac39ef44b4b38a9fda8a6dbf81cdd,,,
2026-05-13,SZ300476,0.2622372806072235,EXP_XGBModel_Alpha158_csi300_custom_step0_s_20260513_14,0aeac39ef44b4b38a9fda8a6dbf81cdd,,,
2026-05-13,SZ300498,-0.06374668329954147,EXP_XGBModel_Alpha158_csi300_custom_step0_s_20260513_14,0aeac39ef44b4b38a9fda8a6dbf81cdd,,,
2026-05-13,SZ300502,0.03554782271385193,EXP_XGBModel_Alpha158_csi300_custom_step0_s_20260513_14,0aeac39ef44b4b38a9fda8a6dbf81cdd,,,
2026-05-13,SZ300308,0.13245835900306702,EXP_XGBModel_Alpha158_csi300_custom_step0_s_20260513_14,0aeac39ef44b4b38a9fda8a6dbf81cdd,,,
2026-05-13,SZ300628,0.19538871943950653,EXP_XGBModel_Alpha158_csi300_custom_step0_s_20260513_14,0aeac39ef44b4b38a9fda8a6dbf81cdd,,,
2026-05-13,SZ300750,0.04183248057961464,EXP_XGBModel_Alpha158_csi300_custom_step0_s_20260513_14,0aeac39ef44b4b38a9fda8a6dbf81cdd,,,
2026-05-13,SZ300759,-0.03816699981689453,EXP_XGBModel_Alpha158_csi300_custom_step0_s_20260513_14,0aeac39ef44b4b38a9fda8a6dbf81cdd,,,
2026-05-13,SZ300760,-0.008953973650932312,EXP_XGBModel_Alpha158_csi300_custom_step0_s_20260513_14,0aeac39ef44b4b38a9fda8a6dbf81cdd,,,
2026-05-13,SZ300782,0.8219417333602905,EXP_XGBModel_Alpha158_csi300_custom_step0_s_20260513_14,0aeac39ef44b4b38a9fda8a6dbf81cdd,,,
2026-05-13,SZ300803,-0.02483239583671093,EXP_XGBModel_Alpha158_csi300_custom_step0_s_20260513_14,0aeac39ef44b4b38a9fda8a6dbf81cdd,,,
2026-05-13,SZ300832,-0.03580506145954132,EXP_XGBModel_Alpha158_csi300_custom_step0_s_20260513_14,0aeac39ef44b4b38a9fda8a6dbf81cdd,,,
2026-05-13,SZ300866,-0.021339567378163338,EXP_XGBModel_Alpha158_csi300_custom_step0_s_20260513_14,0aeac39ef44b4b38a9fda8a6dbf81cdd,,,
2026-05-13,SZ300896,0.02912168577313423,EXP_XGBModel_Alpha158_csi300_custom_step0_s_20260513_14,0aeac39ef44b4b38a9fda8a6dbf81cdd,,,
2026-05-13,SZ300979,-0.07043395191431046,EXP_XGBModel_Alpha158_csi300_custom_step0_s_20260513_14,0aeac39ef44b4b38a9fda8a6dbf81cdd,,,
2026-05-13,SZ300999,-0.025566574186086655,EXP_XGBModel_Alpha158_csi300_custom_step0_s_20260513_14,0aeac39ef44b4b38a9fda8a6dbf81cdd,,,
2026-05-13,SZ301236,0.05161699652671814,EXP_XGBModel_Alpha158_csi300_custom_step0_s_20260513_14,0aeac39ef44b4b38a9fda8a6dbf81cdd,,,
2026-05-13,SZ300661,0.14600898325443268,EXP_XGBModel_Alpha158_csi300_custom_step0_s_20260513_14,0aeac39ef44b4b38a9fda8a6dbf81cdd,,,
2026-05-13,SZ002384,0.8068998456001282,EXP_XGBModel_Alpha158_csi300_custom_step0_s_20260513_14,0aeac39ef44b4b38a9fda8a6dbf81cdd,,,
2026-05-13,SZ300274,0.05676907300949097,EXP_XGBModel_Alpha158_csi300_custom_step0_s_20260513_14,0aeac39ef44b4b38a9fda8a6dbf81cdd,,,
2026-05-13,SZ300124,-0.14287298917770386,EXP_XGBModel_Alpha158_csi300_custom_step0_s_20260513_14,0aeac39ef44b4b38a9fda8a6dbf81cdd,,,
2026-05-13,SZ002422,0.012555234134197235,EXP_XGBModel_Alpha158_csi300_custom_step0_s_20260513_14,0aeac39ef44b4b38a9fda8a6dbf81cdd,,,
2026-05-13,SZ002459,-0.005897052586078644,EXP_XGBModel_Alpha158_csi300_custom_step0_s_20260513_14,0aeac39ef44b4b38a9fda8a6dbf81cdd,,,
2026-05-13,SZ002460,0.055492233484983444,EXP_XGBModel_Alpha158_csi300_custom_step0_s_20260513_14,0aeac39ef44b4b38a9fda8a6dbf81cdd,,,
2026-05-13,SZ002463,0.17946866154670715,EXP_XGBModel_Alpha158_csi300_custom_step0_s_20260513_14,0aeac39ef44b4b38a9fda8a6dbf81cdd,,,
2026-05-13,SZ002466,0.2570740282535553,EXP_XGBModel_Alpha158_csi300_custom_step0_s_20260513_14,0aeac39ef44b4b38a9fda8a6dbf81cdd,,,
2026-05-13,SZ002475,-0.09809251129627228,EXP_XGBModel_Alpha158_csi300_custom_step0_s_20260513_14,0aeac39ef44b4b38a9fda8a6dbf81cdd,,,
2026-05-13,SZ002493,0.07674863189458847,EXP_XGBModel_Alpha158_csi300_custom_step0_s_20260513_14,0aeac39ef44b4b38a9fda8a6dbf81cdd,,,
2026-05-13,SZ002594,-0.014870298095047474,EXP_XGBModel_Alpha158_csi300_custom_step0_s_20260513_14,0aeac39ef44b4b38a9fda8a6dbf81cdd,,,
2026-05-13,SZ002600,0.06542513519525528,EXP_XGBModel_Alpha158_csi300_custom_step0_s_20260513_14,0aeac39ef44b4b38a9fda8a6dbf81cdd,,,
2026-05-13,SZ002601,-0.019092487171292305,EXP_XGBModel_Alpha158_csi300_custom_step0_s_20260513_14,0aeac39ef44b4b38a9fda8a6dbf81cdd,,,
2026-05-13,SZ002625,0.006298708729445934,EXP_XGBModel_Alpha158_csi300_custom_step0_s_20260513_14,0aeac39ef44b4b38a9fda8a6dbf81cdd,,,
2026-05-13,SZ300251,0.7373475432395935,EXP_XGBModel_Alpha158_csi300_custom_step0_s_20260513_14,0aeac39ef44b4b38a9fda8a6dbf81cdd,,,
2026-05-13,SZ002648,0.01764879748225212,EXP_XGBModel_Alpha158_csi300_custom_step0_s_20260513_14,0aeac39ef44b4b38a9fda8a6dbf81cdd,,,
2026-05-13,SZ002714,-0.030393525958061218,EXP_XGBModel_Alpha158_csi300_custom_step0_s_20260513_14,0aeac39ef44b4b38a9fda8a6dbf81cdd,,,
2026-05-13,SZ002736,-0.0730729028582573,EXP_XGBModel_Alpha158_csi300_custom_step0_s_20260513_14,0aeac39ef44b4b38a9fda8a6dbf81cdd,,,
2026-05-13,SZ002916,-0.04565316066145897,EXP_XGBModel_Alpha158_csi300_custom_step0_s_20260513_14,0aeac39ef44b4b38a9fda8a6dbf81cdd,,,
2026-05-13,SZ002920,0.004258362576365471,EXP_XGBModel_Alpha158_csi300_custom_step0_s_20260513_14,0aeac39ef44b4b38a9fda8a6dbf81cdd,,,
2026-05-13,SZ002938,-0.08473914116621017,EXP_XGBModel_Alpha158_csi300_custom_step0_s_20260513_14,0aeac39ef44b4b38a9fda8a6dbf81cdd,,,
2026-05-13,SZ003816,-0.03127969428896904,EXP_XGBModel_Alpha158_csi300_custom_step0_s_20260513_14,0aeac39ef44b4b38a9fda8a6dbf81cdd,,,
2026-05-13,SZ300014,0.01141770463436842,EXP_XGBModel_Alpha158_csi300_custom_step0_s_20260513_14,0aeac39ef44b4b38a9fda8a6dbf81cdd,,,
2026-05-13,SZ300015,0.0067840032279491425,EXP_XGBModel_Alpha158_csi300_custom_step0_s_20260513_14,0aeac39ef44b4b38a9fda8a6dbf81cdd,,,
2026-05-13,SZ300033,-0.001844835584051907,EXP_XGBModel_Alpha158_csi300_custom_step0_s_20260513_14,0aeac39ef44b4b38a9fda8a6dbf81cdd,,,
2026-05-13,SZ300059,0.05401222035288811,EXP_XGBModel_Alpha158_csi300_custom_step0_s_20260513_14,0aeac39ef44b4b38a9fda8a6dbf81cdd,,,
2026-05-13,SZ300122,-0.0047562918625772,EXP_XGBModel_Alpha158_csi300_custom_step0_s_20260513_14,0aeac39ef44b4b38a9fda8a6dbf81cdd,,,
2026-05-13,SZ002709,0.03727303072810173,EXP_XGBModel_Alpha158_csi300_custom_step0_s_20260513_14,0aeac39ef44b4b38a9fda8a6dbf81cdd,,,
2026-05-13,SH688506,0.04238523170351982,EXP_XGBModel_Alpha158_csi300_custom_step0_s_20260513_14,0aeac39ef44b4b38a9fda8a6dbf81cdd,,,
2026-05-13,SH688472,0.05447908863425255,EXP_XGBModel_Alpha158_csi300_custom_step0_s_20260513_14,0aeac39ef44b4b38a9fda8a6dbf81cdd,,,
2026-05-13,SH688396,-0.016122587025165558,EXP_XGBModel_Alpha158_csi300_custom_step0_s_20260513_14,0aeac39ef44b4b38a9fda8a6dbf81cdd,,,
2026-05-13,SH601236,-0.05704142898321152,EXP_XGBModel_Alpha158_csi300_custom_step0_s_20260513_14,0aeac39ef44b4b38a9fda8a6dbf81cdd,,,
2026-05-13,SH601238,0.0009863298619166017,EXP_XGBModel_Alpha158_csi300_custom_step0_s_20260513_14,0aeac39ef44b4b38a9fda8a6dbf81cdd,,,
2026-05-13,SH601288,-0.016690852120518684,EXP_XGBModel_Alpha158_csi300_custom_step0_s_20260513_14,0aeac39ef44b4b38a9fda8a6dbf81cdd,,,
2026-05-13,SH601298,0.019001370295882225,EXP_XGBModel_Alpha158_csi300_custom_step0_s_20260513_14,0aeac39ef44b4b38a9fda8a6dbf81cdd,,,
2026-05-13,SH601318,-0.02151220105588436,EXP_XGBModel_Alpha158_csi300_custom_step0_s_20260513_14,0aeac39ef44b4b38a9fda8a6dbf81cdd,,,
2026-05-13,SH601319,-8.024621638469398e-05,EXP_XGBModel_Alpha158_csi300_custom_step0_s_20260513_14,0aeac39ef44b4b38a9fda8a6dbf81cdd,,,
2026-05-13,SH601328,-0.042954009026288986,EXP_XGBModel_Alpha158_csi300_custom_step0_s_20260513_14,0aeac39ef44b4b38a9fda8a6dbf81cdd,,,
2026-05-13,SH601336,-0.027550945058465004,EXP_XGBModel_Alpha158_csi300_custom_step0_s_20260513_14,0aeac39ef44b4b38a9fda8a6dbf81cdd,,,
2026-05-13,SH601360,0.007488043047487736,EXP_XGBModel_Alpha158_csi300_custom_step0_s_20260513_14,0aeac39ef44b4b38a9fda8a6dbf81cdd,,,
2026-05-13,SH601377,0.001817354466766119,EXP_XGBModel_Alpha158_csi300_custom_step0_s_20260513_14,0aeac39ef44b4b38a9fda8a6dbf81cdd,,,
2026-05-13,SH601390,-0.15313221514225006,EXP_XGBModel_Alpha158_csi300_custom_step0_s_20260513_14,0aeac39ef44b4b38a9fda8a6dbf81cdd,,,
2026-05-13,SH601229,-0.030801095068454742,EXP_XGBModel_Alpha158_csi300_custom_step0_s_20260513_14,0aeac39ef44b4b38a9fda8a6dbf81cdd,,,
2026-05-13,SH601398,-0.05374567583203316,EXP_XGBModel_Alpha158_csi300_custom_step0_s_20260513_14,0aeac39ef44b4b38a9fda8a6dbf81cdd,,,
2026-05-13,SH601600,-0.0286384467035532,EXP_XGBModel_Alpha158_csi300_custom_step0_s_20260513_14,0aeac39ef44b4b38a9fda8a6dbf81cdd,,,
2026-05-13,SH601601,0.016280893236398697,EXP_XGBModel_Alpha158_csi300_custom_step0_s_20260513_14,0aeac39ef44b4b38a9fda8a6dbf81cdd,,,
2026-05-13,SH601607,-0.04857878386974335,EXP_XGBModel_Alpha158_csi300_custom_step0_s_20260513_14,0aeac39ef44b4b38a9fda8a6dbf81cdd,,,
2026-05-13,SH601618,-0.03622666001319885,EXP_XGBModel_Alpha158_csi300_custom_step0_s_20260513_14,0aeac39ef44b4b38a9fda8a6dbf81cdd,,,
2026-05-13,SH601628,-0.009908235631883144,EXP_XGBModel_Alpha158_csi300_custom_step0_s_20260513_14,0aeac39ef44b4b38a9fda8a6dbf81cdd,,,
2026-05-13,SH601633,-0.061880458146333694,EXP_XGBModel_Alpha158_csi300_custom_step0_s_20260513_14,0aeac39ef44b4b38a9fda8a6dbf81cdd,,,
2026-05-13,SH601658,-0.026616156101226807,EXP_XGBModel_Alpha158_csi300_custom_step0_s_20260513_14,0aeac39ef44b4b38a9fda8a6dbf81cdd,,,
2026-05-13,SH601668,-0.04423636943101883,EXP_XGBModel_Alpha158_csi300_custom_step0_s_20260513_14,0aeac39ef44b4b38a9fda8a6dbf81cdd,,,
2026-05-13,SH601669,0.023047761991620064,EXP_XGBModel_Alpha158_csi300_custom_step0_s_20260513_14,0aeac39ef44b4b38a9fda8a6dbf81cdd,,,
2026-05-13,SH601688,0.010303047485649586,EXP_XGBModel_Alpha158_csi300_custom_step0_s_20260513_14,0aeac39ef44b4b38a9fda8a6dbf81cdd,,,
2026-05-13,SH601689,0.09286519140005112,EXP_XGBModel_Alpha158_csi300_custom_step0_s_20260513_14,0aeac39ef44b4b38a9fda8a6dbf81cdd,,,
2026-05-13,SH601456,0.011912332847714424,EXP_XGBModel_Alpha158_csi300_custom_step0_s_20260513_14,0aeac39ef44b4b38a9fda8a6dbf81cdd,,,
2026-05-13,SH601698,0.05937185138463974,EXP_XGBModel_Alpha158_csi300_custom_step0_s_20260513_14,0aeac39ef44b4b38a9fda8a6dbf81cdd,,,
2026-05-13,SH601225,-0.035327691584825516,EXP_XGBModel_Alpha158_csi300_custom_step0_s_20260513_14,0aeac39ef44b4b38a9fda8a6dbf81cdd,,,
2026-05-13,SH601186,-0.009244045242667198,EXP_XGBModel_Alpha158_csi300_custom_step0_s_20260513_14,0aeac39ef44b4b38a9fda8a6dbf81cdd,,,
2026-05-13,SH600930,0.06208781152963638,EXP_XGBModel_Alpha158_csi300_custom_step0_s_20260513_14,0aeac39ef44b4b38a9fda8a6dbf81cdd,,,
2026-05-13,SH600938,-0.008935894817113876,EXP_XGBModel_Alpha158_csi300_custom_step0_s_20260513_14,0aeac39ef44b4b38a9fda8a6dbf81cdd,,,
2026-05-13,SH600941,0.023043949156999588,EXP_XGBModel_Alpha158_csi300_custom_step0_s_20260513_14,0aeac39ef44b4b38a9fda8a6dbf81cdd,,,
2026-05-13,SH600958,0.11241042613983154,EXP_XGBModel_Alpha158_csi300_custom_step0_s_20260513_14,0aeac39ef44b4b38a9fda8a6dbf81cdd,,,
2026-05-13,SH600989,0.02231399156153202,EXP_XGBModel_Alpha158_csi300_custom_step0_s_20260513_14,0aeac39ef44b4b38a9fda8a6dbf81cdd,,,
2026-05-13,SH600999,-0.005005733110010624,EXP_XGBModel_Alpha158_csi300_custom_step0_s_20260513_14,0aeac39ef44b4b38a9fda8a6dbf81cdd,,,
2026-05-13,SH601006,-0.005743790417909622,EXP_XGBModel_Alpha158_csi300_custom_step0_s_20260513_14,0aeac39ef44b4b38a9fda8a6dbf81cdd,,,
2026-05-13,SH601009,-0.007935895584523678,EXP_XGBModel_Alpha158_csi300_custom_step0_s_20260513_14,0aeac39ef44b4b38a9fda8a6dbf81cdd,,,
2026-05-13,SH601012,-0.01756684109568596,EXP_XGBModel_Alpha158_csi300_custom_step0_s_20260513_14,0aeac39ef44b4b38a9fda8a6dbf81cdd,,,
2026-05-13,SH601018,-0.04279572516679764,EXP_XGBModel_Alpha158_csi300_custom_step0_s_20260513_14,0aeac39ef44b4b38a9fda8a6dbf81cdd,,,
2026-05-13,SH601021,-0.008392302319407463,EXP_XGBModel_Alpha158_csi300_custom_step0_s_20260513_14,0aeac39ef44b4b38a9fda8a6dbf81cdd,,,
2026-05-13,SH601211,-0.015239134430885315,EXP_XGBModel_Alpha158_csi300_custom_step0_s_20260513_14,0aeac39ef44b4b38a9fda8a6dbf81cdd,,,
2026-05-13,SH601058,0.016306454315781593,EXP_XGBModel_Alpha158_csi300_custom_step0_s_20260513_14,0aeac39ef44b4b38a9fda8a6dbf81cdd,,,
2026-05-13,SH601066,-0.005262924358248711,EXP_XGBModel_Alpha158_csi300_custom_step0_s_20260513_14,0aeac39ef44b4b38a9fda8a6dbf81cdd,,,
2026-05-13,SH601077,-0.017885984852910042,EXP_XGBModel_Alpha158_csi300_custom_step0_s_20260513_14,0aeac39ef44b4b38a9fda8a6dbf81cdd,,,
2026-05-13,SH601088,0.0026738145388662815,EXP_XGBModel_Alpha158_csi300_custom_step0_s_20260513_14,0aeac39ef44b4b38a9fda8a6dbf81cdd,,,
2026-05-13,SH601100,-0.031226538121700287,EXP_XGBModel_Alpha158_csi300_custom_step0_s_20260513_14,0aeac39ef44b4b38a9fda8a6dbf81cdd,,,
2026-05-13,SH601111,0.027005380019545555,EXP_XGBModel_Alpha158_csi300_custom_step0_s_20260513_14,0aeac39ef44b4b38a9fda8a6dbf81cdd,,,
2026-05-13,SH601117,-0.01835843361914158,EXP_XGBModel_Alpha158_csi300_custom_step0_s_20260513_14,0aeac39ef44b4b38a9fda8a6dbf81cdd,,,
2026-05-13,SH601127,0.056166283786296844,EXP_XGBModel_Alpha158_csi300_custom_step0_s_20260513_14,0aeac39ef44b4b38a9fda8a6dbf81cdd,,,
2026-05-13,SH601136,0.014239795506000519,EXP_XGBModel_Alpha158_csi300_custom_step0_s_20260513_14,0aeac39ef44b4b38a9fda8a6dbf81cdd,,,
2026-05-13,SH601138,0.1723632961511612,EXP_XGBModel_Alpha158_csi300_custom_step0_s_20260513_14,0aeac39ef44b4b38a9fda8a6dbf81cdd,,,
2026-05-13,SH601166,-0.06609196960926056,EXP_XGBModel_Alpha158_csi300_custom_step0_s_20260513_14,0aeac39ef44b4b38a9fda8a6dbf81cdd,,,
2026-05-13,SH601169,-0.04137681797146797,EXP_XGBModel_Alpha158_csi300_custom_step0_s_20260513_14,0aeac39ef44b4b38a9fda8a6dbf81cdd,,,
2026-05-13,SH601059,-0.012203614227473736,EXP_XGBModel_Alpha158_csi300_custom_step0_s_20260513_14,0aeac39ef44b4b38a9fda8a6dbf81cdd,,,
2026-05-13,SH601728,0.018512321636080742,EXP_XGBModel_Alpha158_csi300_custom_step0_s_20260513_14,0aeac39ef44b4b38a9fda8a6dbf81cdd,,,
2026-05-13,SH601766,-0.041138701140880585,EXP_XGBModel_Alpha158_csi300_custom_step0_s_20260513_14,0aeac39ef44b4b38a9fda8a6dbf81cdd,,,
2026-05-13,SH601788,-0.028650136664509773,EXP_XGBModel_Alpha158_csi300_custom_step0_s_20260513_14,0aeac39ef44b4b38a9fda8a6dbf81cdd,,,
2026-05-13,SH603369,-0.10545273125171661,EXP_XGBModel_Alpha158_csi300_custom_step0_s_20260513_14,0aeac39ef44b4b38a9fda8a6dbf81cdd,,,
2026-05-13,SH603392,-0.05229287967085838,EXP_XGBModel_Alpha158_csi300_custom_step0_s_20260513_14,0aeac39ef44b4b38a9fda8a6dbf81cdd,,,
2026-05-13,SH603501,0.027111703529953957,EXP_XGBModel_Alpha158_csi300_custom_step0_s_20260513_14,0aeac39ef44b4b38a9fda8a6dbf81cdd,,,
2026-05-13,SH603799,-0.015361067838966846,EXP_XGBModel_Alpha158_csi300_custom_step0_s_20260513_14,0aeac39ef44b4b38a9fda8a6dbf81cdd,,,
2026-05-13,SH603893,-0.011041305959224701,EXP_XGBModel_Alpha158_csi300_custom_step0_s_20260513_14,0aeac39ef44b4b38a9fda8a6dbf81cdd,,,
2026-05-13,SH603986,0.10596022754907608,EXP_XGBModel_Alpha158_csi300_custom_step0_s_20260513_14,0aeac39ef44b4b38a9fda8a6dbf81cdd,,,
2026-05-13,SH603993,0.07690192759037018,EXP_XGBModel_Alpha158_csi300_custom_step0_s_20260513_14,0aeac39ef44b4b38a9fda8a6dbf81cdd,,,
2026-05-13,SH605117,0.09427502751350403,EXP_XGBModel_Alpha158_csi300_custom_step0_s_20260513_14,0aeac39ef44b4b38a9fda8a6dbf81cdd,,,
2026-05-13,SH605499,-0.018177105113863945,EXP_XGBModel_Alpha158_csi300_custom_step0_s_20260513_14,0aeac39ef44b4b38a9fda8a6dbf81cdd,,,
2026-05-13,SH688008,0.3429620563983917,EXP_XGBModel_Alpha158_csi300_custom_step0_s_20260513_14,0aeac39ef44b4b38a9fda8a6dbf81cdd,,,
2026-05-13,SH688009,-0.057685736566782,EXP_XGBModel_Alpha158_csi300_custom_step0_s_20260513_14,0aeac39ef44b4b38a9fda8a6dbf81cdd,,,
2026-05-13,SH603296,-0.04171730577945709,EXP_XGBModel_Alpha158_csi300_custom_step0_s_20260513_14,0aeac39ef44b4b38a9fda8a6dbf81cdd,,,
2026-05-13,SH688012,-0.012087732553482056,EXP_XGBModel_Alpha158_csi300_custom_step0_s_20260513_14,0aeac39ef44b4b38a9fda8a6dbf81cdd,,,
2026-05-13,SH688041,0.09618443250656128,EXP_XGBModel_Alpha158_csi300_custom_step0_s_20260513_14,0aeac39ef44b4b38a9fda8a6dbf81cdd,,,
2026-05-13,SH688047,-0.10380272567272186,EXP_XGBModel_Alpha158_csi300_custom_step0_s_20260513_14,0aeac39ef44b4b38a9fda8a6dbf81cdd,,,
2026-05-13,SH688082,-0.08655975013971329,EXP_XGBModel_Alpha158_csi300_custom_step0_s_20260513_14,0aeac39ef44b4b38a9fda8a6dbf81cdd,,,
2026-05-13,SH688111,0.0398687906563282,EXP_XGBModel_Alpha158_csi300_custom_step0_s_20260513_14,0aeac39ef44b4b38a9fda8a6dbf81cdd,,,
2026-05-13,SH688126,0.14313238859176636,EXP_XGBModel_Alpha158_csi300_custom_step0_s_20260513_14,0aeac39ef44b4b38a9fda8a6dbf81cdd,,,
2026-05-13,SH688169,-0.03010757826268673,EXP_XGBModel_Alpha158_csi300_custom_step0_s_20260513_14,0aeac39ef44b4b38a9fda8a6dbf81cdd,,,
2026-05-13,SH688187,0.02745100110769272,EXP_XGBModel_Alpha158_csi300_custom_step0_s_20260513_14,0aeac39ef44b4b38a9fda8a6dbf81cdd,,,
2026-05-13,SH688223,0.2928354740142822,EXP_XGBModel_Alpha158_csi300_custom_step0_s_20260513_14,0aeac39ef44b4b38a9fda8a6dbf81cdd,,,
2026-05-13,SH688256,-0.6612661480903625,EXP_XGBModel_Alpha158_csi300_custom_step0_s_20260513_14,0aeac39ef44b4b38a9fda8a6dbf81cdd,,,
2026-05-13,SH688271,0.016188427805900574,EXP_XGBModel_Alpha158_csi300_custom_step0_s_20260513_14,0aeac39ef44b4b38a9fda8a6dbf81cdd,,,
2026-05-13,SH688303,0.05796787887811661,EXP_XGBModel_Alpha158_csi300_custom_step0_s_20260513_14,0aeac39ef44b4b38a9fda8a6dbf81cdd,,,
2026-05-13,SH688036,0.014031010679900646,EXP_XGBModel_Alpha158_csi300_custom_step0_s_20260513_14,0aeac39ef44b4b38a9fda8a6dbf81cdd,,,
2026-05-13,SH603288,-0.03576022759079933,EXP_XGBModel_Alpha158_csi300_custom_step0_s_20260513_14,0aeac39ef44b4b38a9fda8a6dbf81cdd,,,
2026-05-13,SH603260,-0.03048214316368103,EXP_XGBModel_Alpha158_csi300_custom_step0_s_20260513_14,0aeac39ef44b4b38a9fda8a6dbf81cdd,,,
2026-05-13,SH603259,0.005667736753821373,EXP_XGBModel_Alpha158_csi300_custom_step0_s_20260513_14,0aeac39ef44b4b38a9fda8a6dbf81cdd,,,
2026-05-13,SH601800,-0.06818846613168716,EXP_XGBModel_Alpha158_csi300_custom_step0_s_20260513_14,0aeac39ef44b4b38a9fda8a6dbf81cdd,,,
2026-05-13,SH601808,-0.03775897994637489,EXP_XGBModel_Alpha158_csi300_custom_step0_s_20260513_14,0aeac39ef44b4b38a9fda8a6dbf81cdd,,,
2026-05-13,SH601816,-0.0702887624502182,EXP_XGBModel_Alpha158_csi300_custom_step0_s_20260513_14,0aeac39ef44b4b38a9fda8a6dbf81cdd,,,
2026-05-13,SH601818,-0.03818690776824951,EXP_XGBModel_Alpha158_csi300_custom_step0_s_20260513_14,0aeac39ef44b4b38a9fda8a6dbf81cdd,,,
2026-05-13,SH601825,-0.022269200533628464,EXP_XGBModel_Alpha158_csi300_custom_step0_s_20260513_14,0aeac39ef44b4b38a9fda8a6dbf81cdd,,,
2026-05-13,SH601838,0.04690492898225784,EXP_XGBModel_Alpha158_csi300_custom_step0_s_20260513_14,0aeac39ef44b4b38a9fda8a6dbf81cdd,,,
2026-05-13,SH601857,-0.028353670611977577,EXP_XGBModel_Alpha158_csi300_custom_step0_s_20260513_14,0aeac39ef44b4b38a9fda8a6dbf81cdd,,,
2026-05-13,SH601868,0.2979062497615814,EXP_XGBModel_Alpha158_csi300_custom_step0_s_20260513_14,0aeac39ef44b4b38a9fda8a6dbf81cdd,,,
2026-05-13,SH601872,-0.30567029118537903,EXP_XGBModel_Alpha158_csi300_custom_step0_s_20260513_14,0aeac39ef44b4b38a9fda8a6dbf81cdd,,,
2026-05-13,SH601877,0.02778673730790615,EXP_XGBModel_Alpha158_csi300_custom_step0_s_20260513_14,0aeac39ef44b4b38a9fda8a6dbf81cdd,,,
2026-05-13,SH601878,7.881814963184297e-05,EXP_XGBModel_Alpha158_csi300_custom_step0_s_20260513_14,0aeac39ef44b4b38a9fda8a6dbf81cdd,,,
2026-05-13,SH601881,-0.016834691166877747,EXP_XGBModel_Alpha158_csi300_custom_step0_s_20260513_14,0aeac39ef44b4b38a9fda8a6dbf81cdd,,,
2026-05-13,SH601888,0.14610128104686737,EXP_XGBModel_Alpha158_csi300_custom_step0_s_20260513_14,0aeac39ef44b4b38a9fda8a6dbf81cdd,,,
2026-05-13,SH601898,-0.034828830510377884,EXP_XGBModel_Alpha158_csi300_custom_step0_s_20260513_14,0aeac39ef44b4b38a9fda8a6dbf81cdd,,,
2026-05-13,SH601899,0.0020398125052452087,EXP_XGBModel_Alpha158_csi300_custom_step0_s_20260513_14,0aeac39ef44b4b38a9fda8a6dbf81cdd,,,
2026-05-13,SH601901,0.009018884971737862,EXP_XGBModel_Alpha158_csi300_custom_step0_s_20260513_14,0aeac39ef44b4b38a9fda8a6dbf81cdd,,,
2026-05-13,SH601916,-0.024861212819814682,EXP_XGBModel_Alpha158_csi300_custom_step0_s_20260513_14,0aeac39ef44b4b38a9fda8a6dbf81cdd,,,
2026-05-13,SH601919,-0.042151059955358505,EXP_XGBModel_Alpha158_csi300_custom_step0_s_20260513_14,0aeac39ef44b4b38a9fda8a6dbf81cdd,,,
2026-05-13,SH601939,0.004635379649698734,EXP_XGBModel_Alpha158_csi300_custom_step0_s_20260513_14,0aeac39ef44b4b38a9fda8a6dbf81cdd,,,
2026-05-13,SH601985,0.02123137190937996,EXP_XGBModel_Alpha158_csi300_custom_step0_s_20260513_14,0aeac39ef44b4b38a9fda8a6dbf81cdd,,,
2026-05-13,SH601988,-0.004891024436801672,EXP_XGBModel_Alpha158_csi300_custom_step0_s_20260513_14,0aeac39ef44b4b38a9fda8a6dbf81cdd,,,
2026-05-13,SH601995,0.017229102551937103,EXP_XGBModel_Alpha158_csi300_custom_step0_s_20260513_14,0aeac39ef44b4b38a9fda8a6dbf81cdd,,,
2026-05-13,SH601998,-0.011446340940892696,EXP_XGBModel_Alpha158_csi300_custom_step0_s_20260513_14,0aeac39ef44b4b38a9fda8a6dbf81cdd,,,
2026-05-13,SH603019,-0.05026568844914436,EXP_XGBModel_Alpha158_csi300_custom_step0_s_20260513_14,0aeac39ef44b4b38a9fda8a6dbf81cdd,,,
2026-05-13,SH603195,-0.01857626810669899,EXP_XGBModel_Alpha158_csi300_custom_step0_s_20260513_14,0aeac39ef44b4b38a9fda8a6dbf81cdd,,,
2026-05-13,SH600919,0.04100563004612923,EXP_XGBModel_Alpha158_csi300_custom_step0_s_20260513_14,0aeac39ef44b4b38a9fda8a6dbf81cdd,,,
2026-05-13,SH601919,-0.07398258838728419,EXP_DEnsembleModel_Alpha158_csi300_custom_step0_s_20260513_15,13d5c22ef8e843dc85f2427eb65ad18c,,,
2026-05-13,SH601916,-0.021452228664663887,EXP_DEnsembleModel_Alpha158_csi300_custom_step0_s_20260513_15,13d5c22ef8e843dc85f2427eb65ad18c,,,
2026-05-13,SH601901,0.056825498789195496,EXP_DEnsembleModel_Alpha158_csi300_custom_step0_s_20260513_15,13d5c22ef8e843dc85f2427eb65ad18c,,,
2026-05-13,SH601877,0.007954578009172163,EXP_LGBModel_Alpha158_csi300_custom_step0_s_20260513_17,a1aa7c24bf0c4fffb3f38bdbb01f6c5b,,,
2026-05-13,SH601878,0.004753227905728042,EXP_LGBModel_Alpha158_csi300_custom_step0_s_20260513_17,a1aa7c24bf0c4fffb3f38bdbb01f6c5b,,,
2026-05-13,SH601881,-0.021039659217934513,EXP_LGBModel_Alpha158_csi300_custom_step0_s_20260513_17,a1aa7c24bf0c4fffb3f38bdbb01f6c5b,,,
2026-05-13,SH601888,-0.015723382115497647,EXP_LGBModel_Alpha158_csi300_custom_step0_s_20260513_17,a1aa7c24bf0c4fffb3f38bdbb01f6c5b,,,
2026-05-13,SH601898,-0.007319507188610392,EXP_LGBModel_Alpha158_csi300_custom_step0_s_20260513_17,a1aa7c24bf0c4fffb3f38bdbb01f6c5b,,,
2026-05-13,SH601899,-0.0019066784225638908,EXP_LGBModel_Alpha158_csi300_custom_step0_s_20260513_17,a1aa7c24bf0c4fffb3f38bdbb01f6c5b,,,
2026-05-13,SH601901,0.016248935828484155,EXP_LGBModel_Alpha158_csi300_custom_step0_s_20260513_17,a1aa7c24bf0c4fffb3f38bdbb01f6c5b,,,
2026-05-13,SH601916,-0.024598228813614096,EXP_LGBModel_Alpha158_csi300_custom_step0_s_20260513_17,a1aa7c24bf0c4fffb3f38bdbb01f6c5b,,,
2026-05-13,SH601919,-0.031100811302387458,EXP_LGBModel_Alpha158_csi300_custom_step0_s_20260513_17,a1aa7c24bf0c4fffb3f38bdbb01f6c5b,,,
2026-05-13,SH601939,-0.0024652007650220586,EXP_LGBModel_Alpha158_csi300_custom_step0_s_20260513_17,a1aa7c24bf0c4fffb3f38bdbb01f6c5b,,,
2026-05-13,SH601985,0.029564158100866204,EXP_LGBModel_Alpha158_csi300_custom_step0_s_20260513_17,a1aa7c24bf0c4fffb3f38bdbb01f6c5b,,,
2026-05-13,SH601872,0.0022445554657233467,EXP_LGBModel_Alpha158_csi300_custom_step0_s_20260513_17,a1aa7c24bf0c4fffb3f38bdbb01f6c5b,,,
2026-05-13,SH601988,-0.012564461368581883,EXP_LGBModel_Alpha158_csi300_custom_step0_s_20260513_17,a1aa7c24bf0c4fffb3f38bdbb01f6c5b,,,
2026-05-13,SH601998,-0.018736442036618603,EXP_LGBModel_Alpha158_csi300_custom_step0_s_20260513_17,a1aa7c24bf0c4fffb3f38bdbb01f6c5b,,,
2026-05-13,SH603019,0.06646239960134984,EXP_LGBModel_Alpha158_csi300_custom_step0_s_20260513_17,a1aa7c24bf0c4fffb3f38bdbb01f6c5b,,,
2026-05-13,SH603195,-0.031667197219099955,EXP_LGBModel_Alpha158_csi300_custom_step0_s_20260513_17,a1aa7c24bf0c4fffb3f38bdbb01f6c5b,,,
2026-05-13,SH603259,0.004090184267339803,EXP_LGBModel_Alpha158_csi300_custom_step0_s_20260513_17,a1aa7c24bf0c4fffb3f38bdbb01f6c5b,,,
2026-05-13,SH603260,0.01996640587031661,EXP_LGBModel_Alpha158_csi300_custom_step0_s_20260513_17,a1aa7c24bf0c4fffb3f38bdbb01f6c5b,,,
2026-05-13,SH603288,-0.018832210029123855,EXP_LGBModel_Alpha158_csi300_custom_step0_s_20260513_17,a1aa7c24bf0c4fffb3f38bdbb01f6c5b,,,
2026-05-13,SH603296,0.017027246353793723,EXP_LGBModel_Alpha158_csi300_custom_step0_s_20260513_17,a1aa7c24bf0c4fffb3f38bdbb01f6c5b,,,
2026-05-13,SH603369,-0.03439977009855577,EXP_LGBModel_Alpha158_csi300_custom_step0_s_20260513_17,a1aa7c24bf0c4fffb3f38bdbb01f6c5b,,,
2026-05-13,SH603392,-0.02612891365289745,EXP_LGBModel_Alpha158_csi300_custom_step0_s_20260513_17,a1aa7c24bf0c4fffb3f38bdbb01f6c5b,,,
2026-05-13,SH603501,0.010068767038904716,EXP_LGBModel_Alpha158_csi300_custom_step0_s_20260513_17,a1aa7c24bf0c4fffb3f38bdbb01f6c5b,,,
2026-05-13,SH603799,-0.003715590473340651,EXP_LGBModel_Alpha158_csi300_custom_step0_s_20260513_17,a1aa7c24bf0c4fffb3f38bdbb01f6c5b,,,
2026-05-13,SH601995,0.0193356326458716,EXP_LGBModel_Alpha158_csi300_custom_step0_s_20260513_17,a1aa7c24bf0c4fffb3f38bdbb01f6c5b,,,
2026-05-13,SH603893,0.027794775643258225,EXP_LGBModel_Alpha158_csi300_custom_step0_s_20260513_17,a1aa7c24bf0c4fffb3f38bdbb01f6c5b,,,
2026-05-13,SH601868,0.040322846631252636,EXP_LGBModel_Alpha158_csi300_custom_step0_s_20260513_17,a1aa7c24bf0c4fffb3f38bdbb01f6c5b,,,
2026-05-13,SH601838,0.022667380742726142,EXP_LGBModel_Alpha158_csi300_custom_step0_s_20260513_17,a1aa7c24bf0c4fffb3f38bdbb01f6c5b,,,
2026-05-13,SH601377,0.008504418467951986,EXP_LGBModel_Alpha158_csi300_custom_step0_s_20260513_17,a1aa7c24bf0c4fffb3f38bdbb01f6c5b,,,
2026-05-13,SH601390,-0.028095667182544182,EXP_LGBModel_Alpha158_csi300_custom_step0_s_20260513_17,a1aa7c24bf0c4fffb3f38bdbb01f6c5b,,,
2026-05-13,SH601398,-0.060207094841375416,EXP_LGBModel_Alpha158_csi300_custom_step0_s_20260513_17,a1aa7c24bf0c4fffb3f38bdbb01f6c5b,,,
2026-05-13,SH601456,0.016164682177945703,EXP_LGBModel_Alpha158_csi300_custom_step0_s_20260513_17,a1aa7c24bf0c4fffb3f38bdbb01f6c5b,,,
2026-05-13,SH601600,-0.03739084490346377,EXP_LGBModel_Alpha158_csi300_custom_step0_s_20260513_17,a1aa7c24bf0c4fffb3f38bdbb01f6c5b,,,
2026-05-13,SH601601,-0.04012595017919109,EXP_LGBModel_Alpha158_csi300_custom_step0_s_20260513_17,a1aa7c24bf0c4fffb3f38bdbb01f6c5b,,,
2026-05-13,SH601607,-0.056800437166847684,EXP_LGBModel_Alpha158_csi300_custom_step0_s_20260513_17,a1aa7c24bf0c4fffb3f38bdbb01f6c5b,,,
2026-05-13,SH601618,-0.018205527840306043,EXP_LGBModel_Alpha158_csi300_custom_step0_s_20260513_17,a1aa7c24bf0c4fffb3f38bdbb01f6c5b,,,
2026-05-13,SH601628,-0.03323079570662387,EXP_LGBModel_Alpha158_csi300_custom_step0_s_20260513_17,a1aa7c24bf0c4fffb3f38bdbb01f6c5b,,,
2026-05-13,SH601633,-0.06552746069850794,EXP_LGBModel_Alpha158_csi300_custom_step0_s_20260513_17,a1aa7c24bf0c4fffb3f38bdbb01f6c5b,,,
2026-05-13,SH601658,-0.022308173289385676,EXP_LGBModel_Alpha158_csi300_custom_step0_s_20260513_17,a1aa7c24bf0c4fffb3f38bdbb01f6c5b,,,
2026-05-13,SH601857,-0.004420432688065305,EXP_LGBModel_Alpha158_csi300_custom_step0_s_20260513_17,a1aa7c24bf0c4fffb3f38bdbb01f6c5b,,,
2026-05-13,SH601668,-0.0499277668928851,EXP_LGBModel_Alpha158_csi300_custom_step0_s_20260513_17,a1aa7c24bf0c4fffb3f38bdbb01f6c5b,,,
2026-05-13,SH601688,-0.011489391130138318,EXP_LGBModel_Alpha158_csi300_custom_step0_s_20260513_17,a1aa7c24bf0c4fffb3f38bdbb01f6c5b,,,
2026-05-13,SH601689,0.017885790505189923,EXP_LGBModel_Alpha158_csi300_custom_step0_s_20260513_17,a1aa7c24bf0c4fffb3f38bdbb01f6c5b,,,
2026-05-13,SH601698,0.0012875694613784213,EXP_LGBModel_Alpha158_csi300_custom_step0_s_20260513_17,a1aa7c24bf0c4fffb3f38bdbb01f6c5b,,,
2026-05-13,SH601728,0.01774201572553685,EXP_LGBModel_Alpha158_csi300_custom_step0_s_20260513_17,a1aa7c24bf0c4fffb3f38bdbb01f6c5b,,,
2026-05-13,SH601766,-0.061419752933947226,EXP_LGBModel_Alpha158_csi300_custom_step0_s_20260513_17,a1aa7c24bf0c4fffb3f38bdbb01f6c5b,,,
2026-05-13,SH601788,-0.035644201567761685,EXP_LGBModel_Alpha158_csi300_custom_step0_s_20260513_17,a1aa7c24bf0c4fffb3f38bdbb01f6c5b,,,
2026-05-13,SH601800,-0.03524837875525179,EXP_LGBModel_Alpha158_csi300_custom_step0_s_20260513_17,a1aa7c24bf0c4fffb3f38bdbb01f6c5b,,,
2026-05-13,SH601808,-0.008926127653356462,EXP_LGBModel_Alpha158_csi300_custom_step0_s_20260513_17,a1aa7c24bf0c4fffb3f38bdbb01f6c5b,,,
2026-05-13,SH601816,-0.05652766930267687,EXP_LGBModel_Alpha158_csi300_custom_step0_s_20260513_17,a1aa7c24bf0c4fffb3f38bdbb01f6c5b,,,
2026-05-13,SH601818,-0.04364555887683187,EXP_LGBModel_Alpha158_csi300_custom_step0_s_20260513_17,a1aa7c24bf0c4fffb3f38bdbb01f6c5b,,,
2026-05-13,SH601825,-0.022760335852353958,EXP_LGBModel_Alpha158_csi300_custom_step0_s_20260513_17,a1aa7c24bf0c4fffb3f38bdbb01f6c5b,,,
2026-05-13,SH601669,0.04558332962179879,EXP_LGBModel_Alpha158_csi300_custom_step0_s_20260513_17,a1aa7c24bf0c4fffb3f38bdbb01f6c5b,,,
2026-05-13,SH601360,0.0017174007502005328,EXP_LGBModel_Alpha158_csi300_custom_step0_s_20260513_17,a1aa7c24bf0c4fffb3f38bdbb01f6c5b,,,
2026-05-13,SH603986,0.02404776410861266,EXP_LGBModel_Alpha158_csi300_custom_step0_s_20260513_17,a1aa7c24bf0c4fffb3f38bdbb01f6c5b,,,
2026-05-13,SH605117,0.11422061756034406,EXP_LGBModel_Alpha158_csi300_custom_step0_s_20260513_17,a1aa7c24bf0c4fffb3f38bdbb01f6c5b,,,
2026-05-13,SZ000338,0.02756668204987433,EXP_LGBModel_Alpha158_csi300_custom_step0_s_20260513_17,a1aa7c24bf0c4fffb3f38bdbb01f6c5b,,,
2026-05-13,SZ000408,0.03147150506929596,EXP_LGBModel_Alpha158_csi300_custom_step0_s_20260513_17,a1aa7c24bf0c4fffb3f38bdbb01f6c5b,,,
2026-05-13,SZ000425,-0.038442553374057394,EXP_LGBModel_Alpha158_csi300_custom_step0_s_20260513_17,a1aa7c24bf0c4fffb3f38bdbb01f6c5b,,,
2026-05-13,SZ000538,-0.06505459043246749,EXP_LGBModel_Alpha158_csi300_custom_step0_s_20260513_17,a1aa7c24bf0c4fffb3f38bdbb01f6c5b,,,
2026-05-13,SZ000568,-0.006872390195960562,EXP_LGBModel_Alpha158_csi300_custom_step0_s_20260513_17,a1aa7c24bf0c4fffb3f38bdbb01f6c5b,,,
2026-05-13,SZ000596,-0.0019634686264302396,EXP_LGBModel_Alpha158_csi300_custom_step0_s_20260513_17,a1aa7c24bf0c4fffb3f38bdbb01f6c5b,,,
2026-05-13,SZ000617,-0.005606475430598095,EXP_LGBModel_Alpha158_csi300_custom_step0_s_20260513_17,a1aa7c24bf0c4fffb3f38bdbb01f6c5b,,,
2026-05-13,SZ000625,-0.026192749457749524,EXP_LGBModel_Alpha158_csi300_custom_step0_s_20260513_17,a1aa7c24bf0c4fffb3f38bdbb01f6c5b,,,
2026-05-13,SZ000630,-0.00720181873386646,EXP_LGBModel_Alpha158_csi300_custom_step0_s_20260513_17,a1aa7c24bf0c4fffb3f38bdbb01f6c5b,,,
2026-05-13,SZ000651,-0.001941696597689791,EXP_LGBModel_Alpha158_csi300_custom_step0_s_20260513_17,a1aa7c24bf0c4fffb3f38bdbb01f6c5b,,,
2026-05-13,SZ000661,-0.0431761573672252,EXP_LGBModel_Alpha158_csi300_custom_step0_s_20260513_17,a1aa7c24bf0c4fffb3f38bdbb01f6c5b,,,
2026-05-13,SZ000333,0.03744032896131431,EXP_LGBModel_Alpha158_csi300_custom_step0_s_20260513_17,a1aa7c24bf0c4fffb3f38bdbb01f6c5b,,,
2026-05-13,SZ000708,-0.03517268820020139,EXP_LGBModel_Alpha158_csi300_custom_step0_s_20260513_17,a1aa7c24bf0c4fffb3f38bdbb01f6c5b,,,
2026-05-13,SZ000768,-0.029100291016686937,EXP_LGBModel_Alpha158_csi300_custom_step0_s_20260513_17,a1aa7c24bf0c4fffb3f38bdbb01f6c5b,,,
2026-05-13,SZ000776,0.00649614688688421,EXP_LGBModel_Alpha158_csi300_custom_step0_s_20260513_17,a1aa7c24bf0c4fffb3f38bdbb01f6c5b,,,
2026-05-13,SZ000786,-0.024306807508802826,EXP_LGBModel_Alpha158_csi300_custom_step0_s_20260513_17,a1aa7c24bf0c4fffb3f38bdbb01f6c5b,,,
2026-05-13,SZ000792,-0.02483932066646079,EXP_LGBModel_Alpha158_csi300_custom_step0_s_20260513_17,a1aa7c24bf0c4fffb3f38bdbb01f6c5b,,,
2026-05-13,SZ000807,0.008524822173679052,EXP_LGBModel_Alpha158_csi300_custom_step0_s_20260513_17,a1aa7c24bf0c4fffb3f38bdbb01f6c5b,,,
2026-05-13,SZ000858,-0.0035309634947030956,EXP_LGBModel_Alpha158_csi300_custom_step0_s_20260513_17,a1aa7c24bf0c4fffb3f38bdbb01f6c5b,,,
2026-05-13,SZ000876,-0.01635544086813431,EXP_LGBModel_Alpha158_csi300_custom_step0_s_20260513_17,a1aa7c24bf0c4fffb3f38bdbb01f6c5b,,,
2026-05-13,SZ000895,-0.005129797995404374,EXP_LGBModel_Alpha158_csi300_custom_step0_s_20260513_17,a1aa7c24bf0c4fffb3f38bdbb01f6c5b,,,
2026-05-13,SZ000938,0.031692415194360335,EXP_LGBModel_Alpha158_csi300_custom_step0_s_20260513_17,a1aa7c24bf0c4fffb3f38bdbb01f6c5b,,,
2026-05-13,SZ000963,-0.06513995919270196,EXP_LGBModel_Alpha158_csi300_custom_step0_s_20260513_17,a1aa7c24bf0c4fffb3f38bdbb01f6c5b,,,
2026-05-13,SZ000975,-0.03453969731938307,EXP_LGBModel_Alpha158_csi300_custom_step0_s_20260513_17,a1aa7c24bf0c4fffb3f38bdbb01f6c5b,,,
2026-05-13,SZ000725,0.021720073513955187,EXP_LGBModel_Alpha158_csi300_custom_step0_s_20260513_17,a1aa7c24bf0c4fffb3f38bdbb01f6c5b,,,
2026-05-13,SH603993,0.017924821785763274,EXP_LGBModel_Alpha158_csi300_custom_step0_s_20260513_17,a1aa7c24bf0c4fffb3f38bdbb01f6c5b,,,
2026-05-13,SZ000301,0.029108370715905142,EXP_LGBModel_Alpha158_csi300_custom_step0_s_20260513_17,a1aa7c24bf0c4fffb3f38bdbb01f6c5b,,,
2026-05-13,SZ000157,-0.031572922760355795,EXP_LGBModel_Alpha158_csi300_custom_step0_s_20260513_17,a1aa7c24bf0c4fffb3f38bdbb01f6c5b,,,
2026-05-13,SH605499,-0.028362375319648685,EXP_LGBModel_Alpha158_csi300_custom_step0_s_20260513_17,a1aa7c24bf0c4fffb3f38bdbb01f6c5b,,,
2026-05-13,SH688008,0.0501568941233295,EXP_LGBModel_Alpha158_csi300_custom_step0_s_20260513_17,a1aa7c24bf0c4fffb3f38bdbb01f6c5b,,,
2026-05-13,SH688009,-0.04318761348415038,EXP_LGBModel_Alpha158_csi300_custom_step0_s_20260513_17,a1aa7c24bf0c4fffb3f38bdbb01f6c5b,,,
2026-05-13,SH688012,0.04121616147519538,EXP_LGBModel_Alpha158_csi300_custom_step0_s_20260513_17,a1aa7c24bf0c4fffb3f38bdbb01f6c5b,,,
2026-05-13,SH688036,0.00742027750594517,EXP_LGBModel_Alpha158_csi300_custom_step0_s_20260513_17,a1aa7c24bf0c4fffb3f38bdbb01f6c5b,,,
2026-05-13,SH688041,0.03816304230658167,EXP_LGBModel_Alpha158_csi300_custom_step0_s_20260513_17,a1aa7c24bf0c4fffb3f38bdbb01f6c5b,,,
2026-05-13,SH688047,0.008476893995974788,EXP_LGBModel_Alpha158_csi300_custom_step0_s_20260513_17,a1aa7c24bf0c4fffb3f38bdbb01f6c5b,,,
2026-05-13,SH688082,0.020924451639035276,EXP_LGBModel_Alpha158_csi300_custom_step0_s_20260513_17,a1aa7c24bf0c4fffb3f38bdbb01f6c5b,,,
2026-05-13,SH688111,-0.0005206787189544707,EXP_LGBModel_Alpha158_csi300_custom_step0_s_20260513_17,a1aa7c24bf0c4fffb3f38bdbb01f6c5b,,,
2026-05-13,SH688126,0.04986252652769554,EXP_LGBModel_Alpha158_csi300_custom_step0_s_20260513_17,a1aa7c24bf0c4fffb3f38bdbb01f6c5b,,,
2026-05-13,SH688169,-0.0262722912515094,EXP_LGBModel_Alpha158_csi300_custom_step0_s_20260513_17,a1aa7c24bf0c4fffb3f38bdbb01f6c5b,,,
2026-05-13,SZ000166,-0.02579524170067324,EXP_LGBModel_Alpha158_csi300_custom_step0_s_20260513_17,a1aa7c24bf0c4fffb3f38bdbb01f6c5b,,,
2026-05-13,SH688187,0.00515816127967055,EXP_LGBModel_Alpha158_csi300_custom_step0_s_20260513_17,a1aa7c24bf0c4fffb3f38bdbb01f6c5b,,,
2026-05-13,SH688256,0.05375900791008898,EXP_LGBModel_Alpha158_csi300_custom_step0_s_20260513_17,a1aa7c24bf0c4fffb3f38bdbb01f6c5b,,,
2026-05-13,SH688271,0.004233401246976447,EXP_LGBModel_Alpha158_csi300_custom_step0_s_20260513_17,a1aa7c24bf0c4fffb3f38bdbb01f6c5b,,,
2026-05-13,SH688303,0.016944448531466604,EXP_LGBModel_Alpha158_csi300_custom_step0_s_20260513_17,a1aa7c24bf0c4fffb3f38bdbb01f6c5b,,,
2026-05-13,SH688396,0.023771561398166004,EXP_LGBModel_Alpha158_csi300_custom_step0_s_20260513_17,a1aa7c24bf0c4fffb3f38bdbb01f6c5b,,,
2026-05-13,SH688472,0.04759294908065601,EXP_LGBModel_Alpha158_csi300_custom_step0_s_20260513_17,a1aa7c24bf0c4fffb3f38bdbb01f6c5b,,,
2026-05-13,SH688506,0.018599667809101342,EXP_LGBModel_Alpha158_csi300_custom_step0_s_20260513_17,a1aa7c24bf0c4fffb3f38bdbb01f6c5b,,,
2026-05-13,SH688981,0.016884401380414416,EXP_LGBModel_Alpha158_csi300_custom_step0_s_20260513_17,a1aa7c24bf0c4fffb3f38bdbb01f6c5b,,,
2026-05-13,SZ000001,-0.022508809993678016,EXP_LGBModel_Alpha158_csi300_custom_step0_s_20260513_17,a1aa7c24bf0c4fffb3f38bdbb01f6c5b,,,
2026-05-13,SZ000002,-0.05010285110279538,EXP_LGBModel_Alpha158_csi300_custom_step0_s_20260513_17,a1aa7c24bf0c4fffb3f38bdbb01f6c5b,,,
2026-05-13,SZ000063,0.041611488069037195,EXP_LGBModel_Alpha158_csi300_custom_step0_s_20260513_17,a1aa7c24bf0c4fffb3f38bdbb01f6c5b,,,
2026-05-13,SZ000100,-0.025372440443444354,EXP_LGBModel_Alpha158_csi300_custom_step0_s_20260513_17,a1aa7c24bf0c4fffb3f38bdbb01f6c5b,,,
2026-05-13,SH688223,0.01384926095977993,EXP_LGBModel_Alpha158_csi300_custom_step0_s_20260513_17,a1aa7c24bf0c4fffb3f38bdbb01f6c5b,,,
2026-05-13,SH601336,-0.007424938111284508,EXP_LGBModel_Alpha158_csi300_custom_step0_s_20260513_17,a1aa7c24bf0c4fffb3f38bdbb01f6c5b,,,
2026-05-13,SH601328,-0.04844532719049412,EXP_LGBModel_Alpha158_csi300_custom_step0_s_20260513_17,a1aa7c24bf0c4fffb3f38bdbb01f6c5b,,,
2026-05-13,SH601319,-0.024799658235335153,EXP_LGBModel_Alpha158_csi300_custom_step0_s_20260513_17,a1aa7c24bf0c4fffb3f38bdbb01f6c5b,,,
2026-05-13,SH600161,-0.06279779169415939,EXP_LGBModel_Alpha158_csi300_custom_step0_s_20260513_17,a1aa7c24bf0c4fffb3f38bdbb01f6c5b,,,
2026-05-13,SH600176,0.04459682210769511,EXP_LGBModel_Alpha158_csi300_custom_step0_s_20260513_17,a1aa7c24bf0c4fffb3f38bdbb01f6c5b,,,
2026-05-13,SH600183,0.003234473593497599,EXP_LGBModel_Alpha158_csi300_custom_step0_s_20260513_17,a1aa7c24bf0c4fffb3f38bdbb01f6c5b,,,
2026-05-13,SH600188,-0.00027890460771170253,EXP_LGBModel_Alpha158_csi300_custom_step0_s_20260513_17,a1aa7c24bf0c4fffb3f38bdbb01f6c5b,,,
2026-05-13,SH600196,-0.07270542209297969,EXP_LGBModel_Alpha158_csi300_custom_step0_s_20260513_17,a1aa7c24bf0c4fffb3f38bdbb01f6c5b,,,
2026-05-13,SH600219,-0.054929715958372954,EXP_LGBModel_Alpha158_csi300_custom_step0_s_20260513_17,a1aa7c24bf0c4fffb3f38bdbb01f6c5b,,,
2026-05-13,SH600233,-0.015354802749372537,EXP_LGBModel_Alpha158_csi300_custom_step0_s_20260513_17,a1aa7c24bf0c4fffb3f38bdbb01f6c5b,,,
2026-05-13,SH600276,-0.009856147706922742,EXP_LGBModel_Alpha158_csi300_custom_step0_s_20260513_17,a1aa7c24bf0c4fffb3f38bdbb01f6c5b,,,
2026-05-13,SH600309,-0.003224726688469744,EXP_LGBModel_Alpha158_csi300_custom_step0_s_20260513_17,a1aa7c24bf0c4fffb3f38bdbb01f6c5b,,,
2026-05-13,SH600346,-0.01737152766547214,EXP_LGBModel_Alpha158_csi300_custom_step0_s_20260513_17,a1aa7c24bf0c4fffb3f38bdbb01f6c5b,,,
2026-05-13,SH600362,0.0028247012811123007,EXP_LGBModel_Alpha158_csi300_custom_step0_s_20260513_17,a1aa7c24bf0c4fffb3f38bdbb01f6c5b,,,
2026-05-13,SH600160,0.000357771789995626,EXP_LGBModel_Alpha158_csi300_custom_step0_s_20260513_17,a1aa7c24bf0c4fffb3f38bdbb01f6c5b,,,
2026-05-13,SH600372,0.018108222168390406,EXP_LGBModel_Alpha158_csi300_custom_step0_s_20260513_17,a1aa7c24bf0c4fffb3f38bdbb01f6c5b,,,
2026-05-13,SH600406,0.018471532466209122,EXP_LGBModel_Alpha158_csi300_custom_step0_s_20260513_17,a1aa7c24bf0c4fffb3f38bdbb01f6c5b,,,
2026-05-13,SH600415,-0.010526985313843457,EXP_LGBModel_Alpha158_csi300_custom_step0_s_20260513_17,a1aa7c24bf0c4fffb3f38bdbb01f6c5b,,,
2026-05-13,SH600426,-0.049954941388679355,EXP_LGBModel_Alpha158_csi300_custom_step0_s_20260513_17,a1aa7c24bf0c4fffb3f38bdbb01f6c5b,,,
2026-05-13,SH600436,-0.05094338440714655,EXP_LGBModel_Alpha158_csi300_custom_step0_s_20260513_17,a1aa7c24bf0c4fffb3f38bdbb01f6c5b,,,
2026-05-13,SH600438,0.03914869254551808,EXP_LGBModel_Alpha158_csi300_custom_step0_s_20260513_17,a1aa7c24bf0c4fffb3f38bdbb01f6c5b,,,
2026-05-13,SH600460,0.0489067005751581,EXP_LGBModel_Alpha158_csi300_custom_step0_s_20260513_17,a1aa7c24bf0c4fffb3f38bdbb01f6c5b,,,
2026-05-13,SH600482,0.01179574622136514,EXP_LGBModel_Alpha158_csi300_custom_step0_s_20260513_17,a1aa7c24bf0c4fffb3f38bdbb01f6c5b,,,
2026-05-13,SH600489,-0.01670910790950873,EXP_LGBModel_Alpha158_csi300_custom_step0_s_20260513_17,a1aa7c24bf0c4fffb3f38bdbb01f6c5b,,,
2026-05-13,SH600515,-0.003720327073179517,EXP_LGBModel_Alpha158_csi300_custom_step0_s_20260513_17,a1aa7c24bf0c4fffb3f38bdbb01f6c5b,,,
2026-05-13,SH600519,-0.05878019471316945,EXP_LGBModel_Alpha158_csi300_custom_step0_s_20260513_17,a1aa7c24bf0c4fffb3f38bdbb01f6c5b,,,
2026-05-13,SH600522,0.12037136756004332,EXP_LGBModel_Alpha158_csi300_custom_step0_s_20260513_17,a1aa7c24bf0c4fffb3f38bdbb01f6c5b,,,
2026-05-13,SH600377,-0.014283124242635677,EXP_LGBModel_Alpha158_csi300_custom_step0_s_20260513_17,a1aa7c24bf0c4fffb3f38bdbb01f6c5b,,,
2026-05-13,SH600547,-0.03121390699557528,EXP_LGBModel_Alpha158_csi300_custom_step0_s_20260513_17,a1aa7c24bf0c4fffb3f38bdbb01f6c5b,,,
2026-05-13,SH600150,0.08124224995124558,EXP_LGBModel_Alpha158_csi300_custom_step0_s_20260513_17,a1aa7c24bf0c4fffb3f38bdbb01f6c5b,,,
2026-05-13,SH600111,0.05731841889291034,EXP_LGBModel_Alpha158_csi300_custom_step0_s_20260513_17,a1aa7c24bf0c4fffb3f38bdbb01f6c5b,,,
2026-05-13,SH600009,-0.06471833459982526,EXP_LGBModel_Alpha158_csi300_custom_step0_s_20260513_17,a1aa7c24bf0c4fffb3f38bdbb01f6c5b,,,
2026-05-13,SH600010,0.03658932143082451,EXP_LGBModel_Alpha158_csi300_custom_step0_s_20260513_17,a1aa7c24bf0c4fffb3f38bdbb01f6c5b,,,
2026-05-13,SH600011,0.008137054584671313,EXP_LGBModel_Alpha158_csi300_custom_step0_s_20260513_17,a1aa7c24bf0c4fffb3f38bdbb01f6c5b,,,
2026-05-13,SH600015,-0.034427248259645216,EXP_LGBModel_Alpha158_csi300_custom_step0_s_20260513_17,a1aa7c24bf0c4fffb3f38bdbb01f6c5b,,,
2026-05-13,SH600016,-0.058807531958832815,EXP_LGBModel_Alpha158_csi300_custom_step0_s_20260513_17,a1aa7c24bf0c4fffb3f38bdbb01f6c5b,,,
2026-05-13,SH600018,-0.042651085506675894,EXP_LGBModel_Alpha158_csi300_custom_step0_s_20260513_17,a1aa7c24bf0c4fffb3f38bdbb01f6c5b,,,
2026-05-13,SH600019,-0.06020244630893452,EXP_LGBModel_Alpha158_csi300_custom_step0_s_20260513_17,a1aa7c24bf0c4fffb3f38bdbb01f6c5b,,,
2026-05-13,SH600023,0.02691785367921328,EXP_LGBModel_Alpha158_csi300_custom_step0_s_20260513_17,a1aa7c24bf0c4fffb3f38bdbb01f6c5b,,,
2026-05-13,SH600025,-0.004060178143722231,EXP_LGBModel_Alpha158_csi300_custom_step0_s_20260513_17,a1aa7c24bf0c4fffb3f38bdbb01f6c5b,,,
2026-05-13,SH600026,0.007096342863454026,EXP_LGBModel_Alpha158_csi300_custom_step0_s_20260513_17,a1aa7c24bf0c4fffb3f38bdbb01f6c5b,,,
2026-05-13,SH600027,0.009809300178458647,EXP_LGBModel_Alpha158_csi300_custom_step0_s_20260513_17,a1aa7c24bf0c4fffb3f38bdbb01f6c5b,,,
2026-05-13,SH600115,-0.004542258929305921,EXP_LGBModel_Alpha158_csi300_custom_step0_s_20260513_17,a1aa7c24bf0c4fffb3f38bdbb01f6c5b,,,
2026-05-13,SH600028,-0.048819896519125584,EXP_LGBModel_Alpha158_csi300_custom_step0_s_20260513_17,a1aa7c24bf0c4fffb3f38bdbb01f6c5b,,,
2026-05-13,SH600030,0.02473779867270943,EXP_LGBModel_Alpha158_csi300_custom_step0_s_20260513_17,a1aa7c24bf0c4fffb3f38bdbb01f6c5b,,,
2026-05-13,SH600031,-0.00028454766512658446,EXP_LGBModel_Alpha158_csi300_custom_step0_s_20260513_17,a1aa7c24bf0c4fffb3f38bdbb01f6c5b,,,
2026-05-13,SH600036,-0.04379815145921476,EXP_LGBModel_Alpha158_csi300_custom_step0_s_20260513_17,a1aa7c24bf0c4fffb3f38bdbb01f6c5b,,,
2026-05-13,SH600039,-0.018264799525639,EXP_LGBModel_Alpha158_csi300_custom_step0_s_20260513_17,a1aa7c24bf0c4fffb3f38bdbb01f6c5b,,,
2026-05-13,SH600048,-0.03023332517574682,EXP_LGBModel_Alpha158_csi300_custom_step0_s_20260513_17,a1aa7c24bf0c4fffb3f38bdbb01f6c5b,,,
2026-05-13,SH600050,0.0015917893732274248,EXP_LGBModel_Alpha158_csi300_custom_step0_s_20260513_17,a1aa7c24bf0c4fffb3f38bdbb01f6c5b,,,
2026-05-13,SH600061,-0.05060324342657084,EXP_LGBModel_Alpha158_csi300_custom_step0_s_20260513_17,a1aa7c24bf0c4fffb3f38bdbb01f6c5b,,,
2026-05-13,SH600066,0.0011078986946563775,EXP_LGBModel_Alpha158_csi300_custom_step0_s_20260513_17,a1aa7c24bf0c4fffb3f38bdbb01f6c5b,,,
2026-05-13,SH600085,-0.0597966870327734,EXP_LGBModel_Alpha158_csi300_custom_step0_s_20260513_17,a1aa7c24bf0c4fffb3f38bdbb01f6c5b,,,
2026-05-13,SH600089,0.01499395941311273,EXP_LGBModel_Alpha158_csi300_custom_step0_s_20260513_17,a1aa7c24bf0c4fffb3f38bdbb01f6c5b,,,
2026-05-13,SH600104,-0.01570218682764606,EXP_LGBModel_Alpha158_csi300_custom_step0_s_20260513_17,a1aa7c24bf0c4fffb3f38bdbb01f6c5b,,,
2026-05-13,SH600029,-0.006979347006373168,EXP_LGBModel_Alpha158_csi300_custom_step0_s_20260513_17,a1aa7c24bf0c4fffb3f38bdbb01f6c5b,,,
2026-05-13,SH600570,0.022287469874442967,EXP_LGBModel_Alpha158_csi300_custom_step0_s_20260513_17,a1aa7c24bf0c4fffb3f38bdbb01f6c5b,,,
2026-05-13,SH600584,0.04065427240151374,EXP_LGBModel_Alpha158_csi300_custom_step0_s_20260513_17,a1aa7c24bf0c4fffb3f38bdbb01f6c5b,,,
2026-05-13,SH600585,-0.06052401598268814,EXP_LGBModel_Alpha158_csi300_custom_step0_s_20260513_17,a1aa7c24bf0c4fffb3f38bdbb01f6c5b,,,
2026-05-13,SH601018,-0.011056617814558543,EXP_LGBModel_Alpha158_csi300_custom_step0_s_20260513_17,a1aa7c24bf0c4fffb3f38bdbb01f6c5b,,,
2026-05-13,SH601021,-0.01804687565878819,EXP_LGBModel_Alpha158_csi300_custom_step0_s_20260513_17,a1aa7c24bf0c4fffb3f38bdbb01f6c5b,,,
2026-05-13,SH601058,-0.017173683840812505,EXP_LGBModel_Alpha158_csi300_custom_step0_s_20260513_17,a1aa7c24bf0c4fffb3f38bdbb01f6c5b,,,
2026-05-13,SH601059,-0.006888382038222788,EXP_LGBModel_Alpha158_csi300_custom_step0_s_20260513_17,a1aa7c24bf0c4fffb3f38bdbb01f6c5b,,,
2026-05-13,SH601066,0.002824863080762527,EXP_LGBModel_Alpha158_csi300_custom_step0_s_20260513_17,a1aa7c24bf0c4fffb3f38bdbb01f6c5b,,,
2026-05-13,SH601077,-0.010386686196757557,EXP_LGBModel_Alpha158_csi300_custom_step0_s_20260513_17,a1aa7c24bf0c4fffb3f38bdbb01f6c5b,,,
2026-05-13,SH601088,-0.024115981129818977,EXP_LGBModel_Alpha158_csi300_custom_step0_s_20260513_17,a1aa7c24bf0c4fffb3f38bdbb01f6c5b,,,
2026-05-13,SH601100,0.004415422637117774,EXP_LGBModel_Alpha158_csi300_custom_step0_s_20260513_17,a1aa7c24bf0c4fffb3f38bdbb01f6c5b,,,
2026-05-13,SH601111,-0.014394760624597006,EXP_LGBModel_Alpha158_csi300_custom_step0_s_20260513_17,a1aa7c24bf0c4fffb3f38bdbb01f6c5b,,,
2026-05-13,SH601117,-0.017156717302352947,EXP_LGBModel_Alpha158_csi300_custom_step0_s_20260513_17,a1aa7c24bf0c4fffb3f38bdbb01f6c5b,,,
2026-05-13,SH601127,-0.009773246076270769,EXP_LGBModel_Alpha158_csi300_custom_step0_s_20260513_17,a1aa7c24bf0c4fffb3f38bdbb01f6c5b,,,
2026-05-13,SH601012,-0.017130027422375457,EXP_LGBModel_Alpha158_csi300_custom_step0_s_20260513_17,a1aa7c24bf0c4fffb3f38bdbb01f6c5b,,,
2026-05-13,SH601136,-6.938506610878895e-05,EXP_LGBModel_Alpha158_csi300_custom_step0_s_20260513_17,a1aa7c24bf0c4fffb3f38bdbb01f6c5b,,,
2026-05-13,SH601166,-0.06737030625824206,EXP_LGBModel_Alpha158_csi300_custom_step0_s_20260513_17,a1aa7c24bf0c4fffb3f38bdbb01f6c5b,,,
2026-05-13,SH601169,-0.033788352457860604,EXP_LGBModel_Alpha158_csi300_custom_step0_s_20260513_17,a1aa7c24bf0c4fffb3f38bdbb01f6c5b,,,
2026-05-13,SH601186,-0.027278264326383136,EXP_LGBModel_Alpha158_csi300_custom_step0_s_20260513_17,a1aa7c24bf0c4fffb3f38bdbb01f6c5b,,,
2026-05-13,SH601211,-0.002103687236478075,EXP_LGBModel_Alpha158_csi300_custom_step0_s_20260513_17,a1aa7c24bf0c4fffb3f38bdbb01f6c5b,,,
2026-05-13,SH601225,-0.028669735687424768,EXP_LGBModel_Alpha158_csi300_custom_step0_s_20260513_17,a1aa7c24bf0c4fffb3f38bdbb01f6c5b,,,
2026-05-13,SH601229,-0.024963659369843797,EXP_LGBModel_Alpha158_csi300_custom_step0_s_20260513_17,a1aa7c24bf0c4fffb3f38bdbb01f6c5b,,,
2026-05-13,SH601236,-0.06482778979915631,EXP_LGBModel_Alpha158_csi300_custom_step0_s_20260513_17,a1aa7c24bf0c4fffb3f38bdbb01f6c5b,,,
2026-05-13,SH601238,0.016068457746385323,EXP_LGBModel_Alpha158_csi300_custom_step0_s_20260513_17,a1aa7c24bf0c4fffb3f38bdbb01f6c5b,,,
2026-05-13,SH601288,-0.006656960900053401,EXP_LGBModel_Alpha158_csi300_custom_step0_s_20260513_17,a1aa7c24bf0c4fffb3f38bdbb01f6c5b,,,
2026-05-13,SH601298,-0.008178573203160735,EXP_LGBModel_Alpha158_csi300_custom_step0_s_20260513_17,a1aa7c24bf0c4fffb3f38bdbb01f6c5b,,,
2026-05-13,SH601318,-0.024944603170592234,EXP_LGBModel_Alpha158_csi300_custom_step0_s_20260513_17,a1aa7c24bf0c4fffb3f38bdbb01f6c5b,,,
2026-05-13,SH601138,0.05082087874672113,EXP_LGBModel_Alpha158_csi300_custom_step0_s_20260513_17,a1aa7c24bf0c4fffb3f38bdbb01f6c5b,,,
2026-05-13,SH601009,-0.01976096024494642,EXP_LGBModel_Alpha158_csi300_custom_step0_s_20260513_17,a1aa7c24bf0c4fffb3f38bdbb01f6c5b,,,
2026-05-13,SH601006,-0.0055285136183486315,EXP_LGBModel_Alpha158_csi300_custom_step0_s_20260513_17,a1aa7c24bf0c4fffb3f38bdbb01f6c5b,,,
2026-05-13,SH600999,-0.00363578637391349,EXP_LGBModel_Alpha158_csi300_custom_step0_s_20260513_17,a1aa7c24bf0c4fffb3f38bdbb01f6c5b,,,
2026-05-13,SH600588,0.00011694178085588924,EXP_LGBModel_Alpha158_csi300_custom_step0_s_20260513_17,a1aa7c24bf0c4fffb3f38bdbb01f6c5b,,,
2026-05-13,SH600600,-0.060463212444017284,EXP_LGBModel_Alpha158_csi300_custom_step0_s_20260513_17,a1aa7c24bf0c4fffb3f38bdbb01f6c5b,,,
2026-05-13,SH600660,-0.017548445901651374,EXP_LGBModel_Alpha158_csi300_custom_step0_s_20260513_17,a1aa7c24bf0c4fffb3f38bdbb01f6c5b,,,
2026-05-13,SH600674,0.030154442924255998,EXP_LGBModel_Alpha158_csi300_custom_step0_s_20260513_17,a1aa7c24bf0c4fffb3f38bdbb01f6c5b,,,
2026-05-13,SH600690,-0.04434806036112989,EXP_LGBModel_Alpha158_csi300_custom_step0_s_20260513_17,a1aa7c24bf0c4fffb3f38bdbb01f6c5b,,,
2026-05-13,SH600741,-0.019545171144330208,EXP_LGBModel_Alpha158_csi300_custom_step0_s_20260513_17,a1aa7c24bf0c4fffb3f38bdbb01f6c5b,,,
2026-05-13,SH600760,-0.06394839823333769,EXP_LGBModel_Alpha158_csi300_custom_step0_s_20260513_17,a1aa7c24bf0c4fffb3f38bdbb01f6c5b,,,
2026-05-13,SH600795,0.02504785191006862,EXP_LGBModel_Alpha158_csi300_custom_step0_s_20260513_17,a1aa7c24bf0c4fffb3f38bdbb01f6c5b,,,
2026-05-13,SH600803,-0.004396083685385773,EXP_LGBModel_Alpha158_csi300_custom_step0_s_20260513_17,a1aa7c24bf0c4fffb3f38bdbb01f6c5b,,,
2026-05-13,SH600809,-0.04651782108725975,EXP_LGBModel_Alpha158_csi300_custom_step0_s_20260513_17,a1aa7c24bf0c4fffb3f38bdbb01f6c5b,,,
2026-05-13,SH600845,0.06025597938359549,EXP_LGBModel_Alpha158_csi300_custom_step0_s_20260513_17,a1aa7c24bf0c4fffb3f38bdbb01f6c5b,,,
2026-05-13,SH600875,0.023762628626164243,EXP_LGBModel_Alpha158_csi300_custom_step0_s_20260513_17,a1aa7c24bf0c4fffb3f38bdbb01f6c5b,,,
2026-05-13,SH600886,-0.014995523366311197,EXP_LGBModel_Alpha158_csi300_custom_step0_s_20260513_17,a1aa7c24bf0c4fffb3f38bdbb01f6c5b,,,
2026-05-13,SH600887,-0.006815303553197987,EXP_LGBModel_Alpha158_csi300_custom_step0_s_20260513_17,a1aa7c24bf0c4fffb3f38bdbb01f6c5b,,,
2026-05-13,SH600893,-0.0003283807298830291,EXP_LGBModel_Alpha158_csi300_custom_step0_s_20260513_17,a1aa7c24bf0c4fffb3f38bdbb01f6c5b,,,
2026-05-13,SH600900,-0.013415187566124146,EXP_LGBModel_Alpha158_csi300_custom_step0_s_20260513_17,a1aa7c24bf0c4fffb3f38bdbb01f6c5b,,,
2026-05-13,SH600905,-0.000638713499022733,EXP_LGBModel_Alpha158_csi300_custom_step0_s_20260513_17,a1aa7c24bf0c4fffb3f38bdbb01f6c5b,,,
2026-05-13,SH600918,-0.05668880590093235,EXP_LGBModel_Alpha158_csi300_custom_step0_s_20260513_17,a1aa7c24bf0c4fffb3f38bdbb01f6c5b,,,
2026-05-13,SH600919,0.02600151875346224,EXP_LGBModel_Alpha158_csi300_custom_step0_s_20260513_17,a1aa7c24bf0c4fffb3f38bdbb01f6c5b,,,
2026-05-13,SH600926,-0.020509538375280426,EXP_LGBModel_Alpha158_csi300_custom_step0_s_20260513_17,a1aa7c24bf0c4fffb3f38bdbb01f6c5b,,,
2026-05-13,SH600930,0.03858104752252479,EXP_LGBModel_Alpha158_csi300_custom_step0_s_20260513_17,a1aa7c24bf0c4fffb3f38bdbb01f6c5b,,,
2026-05-13,SH600938,-0.01694781674462368,EXP_LGBModel_Alpha158_csi300_custom_step0_s_20260513_17,a1aa7c24bf0c4fffb3f38bdbb01f6c5b,,,
2026-05-13,SH600941,0.005450556778790149,EXP_LGBModel_Alpha158_csi300_custom_step0_s_20260513_17,a1aa7c24bf0c4fffb3f38bdbb01f6c5b,,,
2026-05-13,SH600958,0.0048486790781826225,EXP_LGBModel_Alpha158_csi300_custom_step0_s_20260513_17,a1aa7c24bf0c4fffb3f38bdbb01f6c5b,,,
2026-05-13,SH600989,0.03909955032267631,EXP_LGBModel_Alpha158_csi300_custom_step0_s_20260513_17,a1aa7c24bf0c4fffb3f38bdbb01f6c5b,,,
2026-05-13,SZ000977,0.041361621008692485,EXP_LGBModel_Alpha158_csi300_custom_step0_s_20260513_17,a1aa7c24bf0c4fffb3f38bdbb01f6c5b,,,
2026-05-13,SZ000983,-0.016524107167491923,EXP_LGBModel_Alpha158_csi300_custom_step0_s_20260513_17,a1aa7c24bf0c4fffb3f38bdbb01f6c5b,,,
2026-05-13,SZ000999,-0.03339054449751762,EXP_LGBModel_Alpha158_csi300_custom_step0_s_20260513_17,a1aa7c24bf0c4fffb3f38bdbb01f6c5b,,,
2026-05-13,SZ001391,-0.012523623883715276,EXP_LGBModel_Alpha158_csi300_custom_step0_s_20260513_17,a1aa7c24bf0c4fffb3f38bdbb01f6c5b,,,
2026-05-13,SH600845,0.13391146423597342,EXP_DEnsembleModel_Alpha158_csi300_custom_step0_s_20260513_15,13d5c22ef8e843dc85f2427eb65ad18c,,,
2026-05-13,SH600875,-0.05592623875298084,EXP_DEnsembleModel_Alpha158_csi300_custom_step0_s_20260513_15,13d5c22ef8e843dc85f2427eb65ad18c,,,
2026-05-13,SH600886,-0.05530318666496946,EXP_DEnsembleModel_Alpha158_csi300_custom_step0_s_20260513_15,13d5c22ef8e843dc85f2427eb65ad18c,,,
2026-05-13,SH600887,-0.05836551672438675,EXP_DEnsembleModel_Alpha158_csi300_custom_step0_s_20260513_15,13d5c22ef8e843dc85f2427eb65ad18c,,,
2026-05-13,SH600893,-0.04467993455061102,EXP_DEnsembleModel_Alpha158_csi300_custom_step0_s_20260513_15,13d5c22ef8e843dc85f2427eb65ad18c,,,
2026-05-13,SH600900,-0.037989417073422724,EXP_DEnsembleModel_Alpha158_csi300_custom_step0_s_20260513_15,13d5c22ef8e843dc85f2427eb65ad18c,,,
2026-05-13,SH600905,0.03444813590637644,EXP_DEnsembleModel_Alpha158_csi300_custom_step0_s_20260513_15,13d5c22ef8e843dc85f2427eb65ad18c,,,
2026-05-13,SH600918,-0.09594775650761779,EXP_DEnsembleModel_Alpha158_csi300_custom_step0_s_20260513_15,13d5c22ef8e843dc85f2427eb65ad18c,,,
2026-05-13,SH600919,0.04939397792250353,EXP_DEnsembleModel_Alpha158_csi300_custom_step0_s_20260513_15,13d5c22ef8e843dc85f2427eb65ad18c,,,
2026-05-13,SH600926,-0.03531826264794074,EXP_DEnsembleModel_Alpha158_csi300_custom_step0_s_20260513_15,13d5c22ef8e843dc85f2427eb65ad18c,,,
2026-05-13,SH600930,0.12520107726765567,EXP_DEnsembleModel_Alpha158_csi300_custom_step0_s_20260513_15,13d5c22ef8e843dc85f2427eb65ad18c,,,
2026-05-13,SH600809,-0.04880441504228512,EXP_DEnsembleModel_Alpha158_csi300_custom_step0_s_20260513_15,13d5c22ef8e843dc85f2427eb65ad18c,,,
2026-05-13,SH600938,-0.002751436824249608,EXP_DEnsembleModel_Alpha158_csi300_custom_step0_s_20260513_15,13d5c22ef8e843dc85f2427eb65ad18c,,,
2026-05-13,SH600958,0.030370387062892037,EXP_DEnsembleModel_Alpha158_csi300_custom_step0_s_20260513_15,13d5c22ef8e843dc85f2427eb65ad18c,,,
2026-05-13,SH600989,0.14181594360210986,EXP_DEnsembleModel_Alpha158_csi300_custom_step0_s_20260513_15,13d5c22ef8e843dc85f2427eb65ad18c,,,
2026-05-13,SH600999,0.0024620074018833734,EXP_DEnsembleModel_Alpha158_csi300_custom_step0_s_20260513_15,13d5c22ef8e843dc85f2427eb65ad18c,,,
2026-05-13,SH601006,-0.025832735361610112,EXP_DEnsembleModel_Alpha158_csi300_custom_step0_s_20260513_15,13d5c22ef8e843dc85f2427eb65ad18c,,,
2026-05-13,SH601009,-0.03794513271811756,EXP_DEnsembleModel_Alpha158_csi300_custom_step0_s_20260513_15,13d5c22ef8e843dc85f2427eb65ad18c,,,
2026-05-13,SH601012,-0.032873588317681585,EXP_DEnsembleModel_Alpha158_csi300_custom_step0_s_20260513_15,13d5c22ef8e843dc85f2427eb65ad18c,,,
2026-05-13,SH601018,-0.042959363148410645,EXP_DEnsembleModel_Alpha158_csi300_custom_step0_s_20260513_15,13d5c22ef8e843dc85f2427eb65ad18c,,,
2026-05-13,SH601021,0.00865990244516508,EXP_DEnsembleModel_Alpha158_csi300_custom_step0_s_20260513_15,13d5c22ef8e843dc85f2427eb65ad18c,,,
2026-05-13,SH601058,-0.020889920829188977,EXP_DEnsembleModel_Alpha158_csi300_custom_step0_s_20260513_15,13d5c22ef8e843dc85f2427eb65ad18c,,,
2026-05-13,SH601059,0.008903159494826306,EXP_DEnsembleModel_Alpha158_csi300_custom_step0_s_20260513_15,13d5c22ef8e843dc85f2427eb65ad18c,,,
2026-05-13,SH601066,-0.011854695714935986,EXP_DEnsembleModel_Alpha158_csi300_custom_step0_s_20260513_15,13d5c22ef8e843dc85f2427eb65ad18c,,,
2026-05-13,SH600941,0.02598950390617822,EXP_DEnsembleModel_Alpha158_csi300_custom_step0_s_20260513_15,13d5c22ef8e843dc85f2427eb65ad18c,,,
2026-05-13,SH601077,-0.04282647467180435,EXP_DEnsembleModel_Alpha158_csi300_custom_step0_s_20260513_15,13d5c22ef8e843dc85f2427eb65ad18c,,,
2026-05-13,SH600803,0.0365369574290818,EXP_DEnsembleModel_Alpha158_csi300_custom_step0_s_20260513_15,13d5c22ef8e843dc85f2427eb65ad18c,,,
2026-05-13,SH600760,-0.10553211484414483,EXP_DEnsembleModel_Alpha158_csi300_custom_step0_s_20260513_15,13d5c22ef8e843dc85f2427eb65ad18c,,,
2026-05-13,SH600362,0.010610994407730641,EXP_DEnsembleModel_Alpha158_csi300_custom_step0_s_20260513_15,13d5c22ef8e843dc85f2427eb65ad18c,,,
2026-05-13,SH600372,0.04670634145107259,EXP_DEnsembleModel_Alpha158_csi300_custom_step0_s_20260513_15,13d5c22ef8e843dc85f2427eb65ad18c,,,
2026-05-13,SH600377,0.04060187489194761,EXP_DEnsembleModel_Alpha158_csi300_custom_step0_s_20260513_15,13d5c22ef8e843dc85f2427eb65ad18c,,,
2026-05-13,SH600406,0.04893668767839046,EXP_DEnsembleModel_Alpha158_csi300_custom_step0_s_20260513_15,13d5c22ef8e843dc85f2427eb65ad18c,,,
2026-05-13,SH600415,-0.02139526566929624,EXP_DEnsembleModel_Alpha158_csi300_custom_step0_s_20260513_15,13d5c22ef8e843dc85f2427eb65ad18c,,,
2026-05-13,SH600426,-0.08157867141446264,EXP_DEnsembleModel_Alpha158_csi300_custom_step0_s_20260513_15,13d5c22ef8e843dc85f2427eb65ad18c,,,
2026-05-13,SH600436,-0.10389379577600218,EXP_DEnsembleModel_Alpha158_csi300_custom_step0_s_20260513_15,13d5c22ef8e843dc85f2427eb65ad18c,,,
2026-05-13,SH600438,0.15450592922730508,EXP_DEnsembleModel_Alpha158_csi300_custom_step0_s_20260513_15,13d5c22ef8e843dc85f2427eb65ad18c,,,
2026-05-13,SH600460,0.24779162216361797,EXP_DEnsembleModel_Alpha158_csi300_custom_step0_s_20260513_15,13d5c22ef8e843dc85f2427eb65ad18c,,,
2026-05-13,SH600482,-0.05213515786723349,EXP_DEnsembleModel_Alpha158_csi300_custom_step0_s_20260513_15,13d5c22ef8e843dc85f2427eb65ad18c,,,
2026-05-13,SH600489,-0.002281555439681777,EXP_DEnsembleModel_Alpha158_csi300_custom_step0_s_20260513_15,13d5c22ef8e843dc85f2427eb65ad18c,,,
2026-05-13,SH600795,0.05108367426563814,EXP_DEnsembleModel_Alpha158_csi300_custom_step0_s_20260513_15,13d5c22ef8e843dc85f2427eb65ad18c,,,
2026-05-13,SH600515,-0.010472696090414952,EXP_DEnsembleModel_Alpha158_csi300_custom_step0_s_20260513_15,13d5c22ef8e843dc85f2427eb65ad18c,,,
2026-05-13,SH600522,0.3042067495239329,EXP_DEnsembleModel_Alpha158_csi300_custom_step0_s_20260513_15,13d5c22ef8e843dc85f2427eb65ad18c,,,
2026-05-13,SH600547,-0.03405653946827527,EXP_DEnsembleModel_Alpha158_csi300_custom_step0_s_20260513_15,13d5c22ef8e843dc85f2427eb65ad18c,,,
2026-05-13,SH600570,0.06482846947444422,EXP_DEnsembleModel_Alpha158_csi300_custom_step0_s_20260513_15,13d5c22ef8e843dc85f2427eb65ad18c,,,
2026-05-13,SH600584,0.17074560912666628,EXP_DEnsembleModel_Alpha158_csi300_custom_step0_s_20260513_15,13d5c22ef8e843dc85f2427eb65ad18c,,,
2026-05-13,SH600585,-0.13992945944393406,EXP_DEnsembleModel_Alpha158_csi300_custom_step0_s_20260513_15,13d5c22ef8e843dc85f2427eb65ad18c,,,
2026-05-13,SH600588,0.08226560335898978,EXP_DEnsembleModel_Alpha158_csi300_custom_step0_s_20260513_15,13d5c22ef8e843dc85f2427eb65ad18c,,,
2026-05-13,SH600600,-0.08683006644102062,EXP_DEnsembleModel_Alpha158_csi300_custom_step0_s_20260513_15,13d5c22ef8e843dc85f2427eb65ad18c,,,
2026-05-13,SH600660,-0.01168093808630709,EXP_DEnsembleModel_Alpha158_csi300_custom_step0_s_20260513_15,13d5c22ef8e843dc85f2427eb65ad18c,,,
2026-05-13,SH600674,0.044003070059157136,EXP_DEnsembleModel_Alpha158_csi300_custom_step0_s_20260513_15,13d5c22ef8e843dc85f2427eb65ad18c,,,
2026-05-13,SH600690,-0.07731440354978604,EXP_DEnsembleModel_Alpha158_csi300_custom_step0_s_20260513_15,13d5c22ef8e843dc85f2427eb65ad18c,,,
2026-05-13,SH600741,-0.0729762011168823,EXP_DEnsembleModel_Alpha158_csi300_custom_step0_s_20260513_15,13d5c22ef8e843dc85f2427eb65ad18c,,,
2026-05-13,SH600519,-0.1361663431291964,EXP_DEnsembleModel_Alpha158_csi300_custom_step0_s_20260513_15,13d5c22ef8e843dc85f2427eb65ad18c,,,
2026-05-13,SH601088,-0.04121702173708425,EXP_DEnsembleModel_Alpha158_csi300_custom_step0_s_20260513_15,13d5c22ef8e843dc85f2427eb65ad18c,,,
2026-05-13,SH601100,0.034454831002386326,EXP_DEnsembleModel_Alpha158_csi300_custom_step0_s_20260513_15,13d5c22ef8e843dc85f2427eb65ad18c,,,
2026-05-13,SH601111,-0.013606765780092836,EXP_DEnsembleModel_Alpha158_csi300_custom_step0_s_20260513_15,13d5c22ef8e843dc85f2427eb65ad18c,,,
2026-05-13,SH601658,-0.016646576806703985,EXP_DEnsembleModel_Alpha158_csi300_custom_step0_s_20260513_15,13d5c22ef8e843dc85f2427eb65ad18c,,,
2026-05-13,SH601668,-0.07510528936445879,EXP_DEnsembleModel_Alpha158_csi300_custom_step0_s_20260513_15,13d5c22ef8e843dc85f2427eb65ad18c,,,
2026-05-13,SH601669,0.08056227520451963,EXP_DEnsembleModel_Alpha158_csi300_custom_step0_s_20260513_15,13d5c22ef8e843dc85f2427eb65ad18c,,,
2026-05-13,SH601688,0.01869633620487404,EXP_DEnsembleModel_Alpha158_csi300_custom_step0_s_20260513_15,13d5c22ef8e843dc85f2427eb65ad18c,,,
2026-05-13,SH601689,0.20828142487113976,EXP_DEnsembleModel_Alpha158_csi300_custom_step0_s_20260513_15,13d5c22ef8e843dc85f2427eb65ad18c,,,
2026-05-13,SH601698,0.01426100572186416,EXP_DEnsembleModel_Alpha158_csi300_custom_step0_s_20260513_15,13d5c22ef8e843dc85f2427eb65ad18c,,,
2026-05-13,SH601728,0.02663723839889353,EXP_DEnsembleModel_Alpha158_csi300_custom_step0_s_20260513_15,13d5c22ef8e843dc85f2427eb65ad18c,,,
2026-05-13,SH601766,-0.1280670382984346,EXP_DEnsembleModel_Alpha158_csi300_custom_step0_s_20260513_15,13d5c22ef8e843dc85f2427eb65ad18c,,,
2026-05-13,SH601788,-0.016363008866508055,EXP_DEnsembleModel_Alpha158_csi300_custom_step0_s_20260513_15,13d5c22ef8e843dc85f2427eb65ad18c,,,
2026-05-13,SH601800,-0.0945685494196499,EXP_DEnsembleModel_Alpha158_csi300_custom_step0_s_20260513_15,13d5c22ef8e843dc85f2427eb65ad18c,,,
2026-05-13,SH601808,-0.06802891941961749,EXP_DEnsembleModel_Alpha158_csi300_custom_step0_s_20260513_15,13d5c22ef8e843dc85f2427eb65ad18c,,,
2026-05-13,SH601633,-0.13521370718636097,EXP_DEnsembleModel_Alpha158_csi300_custom_step0_s_20260513_15,13d5c22ef8e843dc85f2427eb65ad18c,,,
2026-05-13,SH601816,-0.12292419084203961,EXP_DEnsembleModel_Alpha158_csi300_custom_step0_s_20260513_15,13d5c22ef8e843dc85f2427eb65ad18c,,,
2026-05-13,SH601825,-0.045142454183102664,EXP_DEnsembleModel_Alpha158_csi300_custom_step0_s_20260513_15,13d5c22ef8e843dc85f2427eb65ad18c,,,
2026-05-13,SH601838,0.10690415374000863,EXP_DEnsembleModel_Alpha158_csi300_custom_step0_s_20260513_15,13d5c22ef8e843dc85f2427eb65ad18c,,,
2026-05-13,SH601857,0.009967745528580546,EXP_DEnsembleModel_Alpha158_csi300_custom_step0_s_20260513_15,13d5c22ef8e843dc85f2427eb65ad18c,,,
2026-05-13,SH601868,0.16860582716603356,EXP_DEnsembleModel_Alpha158_csi300_custom_step0_s_20260513_15,13d5c22ef8e843dc85f2427eb65ad18c,,,
2026-05-13,SH601872,-0.06463535869192191,EXP_DEnsembleModel_Alpha158_csi300_custom_step0_s_20260513_15,13d5c22ef8e843dc85f2427eb65ad18c,,,
2026-05-13,SH601877,0.13103390651845684,EXP_DEnsembleModel_Alpha158_csi300_custom_step0_s_20260513_15,13d5c22ef8e843dc85f2427eb65ad18c,,,
2026-05-13,SH601878,0.026002593294530422,EXP_DEnsembleModel_Alpha158_csi300_custom_step0_s_20260513_15,13d5c22ef8e843dc85f2427eb65ad18c,,,
2026-05-13,SH601881,0.019528074964993657,EXP_DEnsembleModel_Alpha158_csi300_custom_step0_s_20260513_15,13d5c22ef8e843dc85f2427eb65ad18c,,,
2026-05-13,SH601888,9.072425243919666e-06,EXP_DEnsembleModel_Alpha158_csi300_custom_step0_s_20260513_15,13d5c22ef8e843dc85f2427eb65ad18c,,,
2026-05-13,SH601898,0.05649868544194807,EXP_DEnsembleModel_Alpha158_csi300_custom_step0_s_20260513_15,13d5c22ef8e843dc85f2427eb65ad18c,,,
2026-05-13,SH601899,0.06513063671120987,EXP_DEnsembleModel_Alpha158_csi300_custom_step0_s_20260513_15,13d5c22ef8e843dc85f2427eb65ad18c,,,
2026-05-13,SH601818,-0.11605869189802491,EXP_DEnsembleModel_Alpha158_csi300_custom_step0_s_20260513_15,13d5c22ef8e843dc85f2427eb65ad18c,,,
2026-05-13,SH601628,-0.03198868340169237,EXP_DEnsembleModel_Alpha158_csi300_custom_step0_s_20260513_15,13d5c22ef8e843dc85f2427eb65ad18c,,,
2026-05-13,SH601618,-0.018968444492040343,EXP_DEnsembleModel_Alpha158_csi300_custom_step0_s_20260513_15,13d5c22ef8e843dc85f2427eb65ad18c,,,
2026-05-13,SH601607,-0.06427222872066454,EXP_DEnsembleModel_Alpha158_csi300_custom_step0_s_20260513_15,13d5c22ef8e843dc85f2427eb65ad18c,,,
2026-05-13,SH601117,-0.05355189304964995,EXP_DEnsembleModel_Alpha158_csi300_custom_step0_s_20260513_15,13d5c22ef8e843dc85f2427eb65ad18c,,,
2026-05-13,SH601127,0.09040329417072211,EXP_DEnsembleModel_Alpha158_csi300_custom_step0_s_20260513_15,13d5c22ef8e843dc85f2427eb65ad18c,,,
2026-05-13,SH601136,0.03186168855827688,EXP_DEnsembleModel_Alpha158_csi300_custom_step0_s_20260513_15,13d5c22ef8e843dc85f2427eb65ad18c,,,
2026-05-13,SH601138,0.3050750027141019,EXP_DEnsembleModel_Alpha158_csi300_custom_step0_s_20260513_15,13d5c22ef8e843dc85f2427eb65ad18c,,,
2026-05-13,SH601166,-0.11828245971735418,EXP_DEnsembleModel_Alpha158_csi300_custom_step0_s_20260513_15,13d5c22ef8e843dc85f2427eb65ad18c,,,
2026-05-13,SH601169,-0.08651382940705568,EXP_DEnsembleModel_Alpha158_csi300_custom_step0_s_20260513_15,13d5c22ef8e843dc85f2427eb65ad18c,,,
2026-05-13,SH601186,-0.08288911158447732,EXP_DEnsembleModel_Alpha158_csi300_custom_step0_s_20260513_15,13d5c22ef8e843dc85f2427eb65ad18c,,,
2026-05-13,SH601211,0.04780822188533791,EXP_DEnsembleModel_Alpha158_csi300_custom_step0_s_20260513_15,13d5c22ef8e843dc85f2427eb65ad18c,,,
2026-05-13,SH601225,-0.023256586204895,EXP_DEnsembleModel_Alpha158_csi300_custom_step0_s_20260513_15,13d5c22ef8e843dc85f2427eb65ad18c,,,
2026-05-13,SH601229,-0.032589289071855,EXP_DEnsembleModel_Alpha158_csi300_custom_step0_s_20260513_15,13d5c22ef8e843dc85f2427eb65ad18c,,,
2026-05-13,SH601236,-0.1261842831945849,EXP_DEnsembleModel_Alpha158_csi300_custom_step0_s_20260513_15,13d5c22ef8e843dc85f2427eb65ad18c,,,
2026-05-13,SH601238,0.07306457209367354,EXP_DEnsembleModel_Alpha158_csi300_custom_step0_s_20260513_15,13d5c22ef8e843dc85f2427eb65ad18c,,,
2026-05-13,SH601288,-0.04659092246884041,EXP_DEnsembleModel_Alpha158_csi300_custom_step0_s_20260513_15,13d5c22ef8e843dc85f2427eb65ad18c,,,
2026-05-13,SH601298,0.023491190727280314,EXP_DEnsembleModel_Alpha158_csi300_custom_step0_s_20260513_15,13d5c22ef8e843dc85f2427eb65ad18c,,,
2026-05-13,SH601318,-0.006136613964293611,EXP_DEnsembleModel_Alpha158_csi300_custom_step0_s_20260513_15,13d5c22ef8e843dc85f2427eb65ad18c,,,
2026-05-13,SH601319,0.02316620339985439,EXP_DEnsembleModel_Alpha158_csi300_custom_step0_s_20260513_15,13d5c22ef8e843dc85f2427eb65ad18c,,,
2026-05-13,SH601328,-0.1297608728873511,EXP_DEnsembleModel_Alpha158_csi300_custom_step0_s_20260513_15,13d5c22ef8e843dc85f2427eb65ad18c,,,
2026-05-13,SH601336,0.04118276315062093,EXP_DEnsembleModel_Alpha158_csi300_custom_step0_s_20260513_15,13d5c22ef8e843dc85f2427eb65ad18c,,,
2026-05-13,SH601360,0.06964219264916365,EXP_DEnsembleModel_Alpha158_csi300_custom_step0_s_20260513_15,13d5c22ef8e843dc85f2427eb65ad18c,,,
2026-05-13,SH601377,0.0244491512908441,EXP_DEnsembleModel_Alpha158_csi300_custom_step0_s_20260513_15,13d5c22ef8e843dc85f2427eb65ad18c,,,
2026-05-13,SH601390,-0.10057228563313393,EXP_DEnsembleModel_Alpha158_csi300_custom_step0_s_20260513_15,13d5c22ef8e843dc85f2427eb65ad18c,,,
2026-05-13,SH601398,-0.1138295120033925,EXP_DEnsembleModel_Alpha158_csi300_custom_step0_s_20260513_15,13d5c22ef8e843dc85f2427eb65ad18c,,,
2026-05-13,SH601456,0.060544015143625333,EXP_DEnsembleModel_Alpha158_csi300_custom_step0_s_20260513_15,13d5c22ef8e843dc85f2427eb65ad18c,,,
2026-05-13,SH601600,-0.07583011687538514,EXP_DEnsembleModel_Alpha158_csi300_custom_step0_s_20260513_15,13d5c22ef8e843dc85f2427eb65ad18c,,,
2026-05-13,SH601601,-0.027257766007168165,EXP_DEnsembleModel_Alpha158_csi300_custom_step0_s_20260513_15,13d5c22ef8e843dc85f2427eb65ad18c,,,
2026-05-13,SH600346,0.022548147722338503,EXP_DEnsembleModel_Alpha158_csi300_custom_step0_s_20260513_15,13d5c22ef8e843dc85f2427eb65ad18c,,,
2026-05-13,SZ301269,0.03912792354822159,EXP_XGBModel_Alpha158_csi300_custom_step0_s_20260513_14,0aeac39ef44b4b38a9fda8a6dbf81cdd,,,
2026-05-13,SH600309,-0.02427679613129635,EXP_DEnsembleModel_Alpha158_csi300_custom_step0_s_20260513_15,13d5c22ef8e843dc85f2427eb65ad18c,,,
2026-05-13,SH600233,-0.046728836378305015,EXP_DEnsembleModel_Alpha158_csi300_custom_step0_s_20260513_15,13d5c22ef8e843dc85f2427eb65ad18c,,,
2026-05-13,SZ002600,0.055572106890711216,EXP_LGBModel_Alpha158_csi300_custom_step0_s_20260513_17,a1aa7c24bf0c4fffb3f38bdbb01f6c5b,,,
2026-05-13,SZ002601,-0.017194309518828714,EXP_LGBModel_Alpha158_csi300_custom_step0_s_20260513_17,a1aa7c24bf0c4fffb3f38bdbb01f6c5b,,,
2026-05-13,SZ002625,0.04184598155431028,EXP_LGBModel_Alpha158_csi300_custom_step0_s_20260513_17,a1aa7c24bf0c4fffb3f38bdbb01f6c5b,,,
2026-05-13,SZ002648,0.021616764739690694,EXP_LGBModel_Alpha158_csi300_custom_step0_s_20260513_17,a1aa7c24bf0c4fffb3f38bdbb01f6c5b,,,
2026-05-13,SZ002709,0.13425079152705208,EXP_LGBModel_Alpha158_csi300_custom_step0_s_20260513_17,a1aa7c24bf0c4fffb3f38bdbb01f6c5b,,,
2026-05-13,SZ002714,-0.042030527854234556,EXP_LGBModel_Alpha158_csi300_custom_step0_s_20260513_17,a1aa7c24bf0c4fffb3f38bdbb01f6c5b,,,
2026-05-13,SZ002736,-0.06620963290640657,EXP_LGBModel_Alpha158_csi300_custom_step0_s_20260513_17,a1aa7c24bf0c4fffb3f38bdbb01f6c5b,,,
2026-05-13,SZ002916,0.01714660510909955,EXP_LGBModel_Alpha158_csi300_custom_step0_s_20260513_17,a1aa7c24bf0c4fffb3f38bdbb01f6c5b,,,
2026-05-13,SZ002920,-0.029504506189407035,EXP_LGBModel_Alpha158_csi300_custom_step0_s_20260513_17,a1aa7c24bf0c4fffb3f38bdbb01f6c5b,,,
2026-05-13,SZ002938,0.030589126741242128,EXP_LGBModel_Alpha158_csi300_custom_step0_s_20260513_17,a1aa7c24bf0c4fffb3f38bdbb01f6c5b,,,
2026-05-13,SZ003816,0.01393791033723803,EXP_LGBModel_Alpha158_csi300_custom_step0_s_20260513_17,a1aa7c24bf0c4fffb3f38bdbb01f6c5b,,,
2026-05-13,SZ002594,-0.01778577597185544,EXP_LGBModel_Alpha158_csi300_custom_step0_s_20260513_17,a1aa7c24bf0c4fffb3f38bdbb01f6c5b,,,
2026-05-13,SZ300014,0.04864182520083521,EXP_LGBModel_Alpha158_csi300_custom_step0_s_20260513_17,a1aa7c24bf0c4fffb3f38bdbb01f6c5b,,,
2026-05-13,SZ300033,0.02483671767213686,EXP_LGBModel_Alpha158_csi300_custom_step0_s_20260513_17,a1aa7c24bf0c4fffb3f38bdbb01f6c5b,,,
2026-05-13,SZ300059,-0.010541254565015572,EXP_LGBModel_Alpha158_csi300_custom_step0_s_20260513_17,a1aa7c24bf0c4fffb3f38bdbb01f6c5b,,,
2026-05-13,SZ300122,-0.036535914661794046,EXP_LGBModel_Alpha158_csi300_custom_step0_s_20260513_17,a1aa7c24bf0c4fffb3f38bdbb01f6c5b,,,
2026-05-13,SZ300124,0.028321848770669848,EXP_LGBModel_Alpha158_csi300_custom_step0_s_20260513_17,a1aa7c24bf0c4fffb3f38bdbb01f6c5b,,,
2026-05-13,SZ300251,-0.01766994438784006,EXP_LGBModel_Alpha158_csi300_custom_step0_s_20260513_17,a1aa7c24bf0c4fffb3f38bdbb01f6c5b,,,
2026-05-13,SZ300274,-0.005564688702160906,EXP_LGBModel_Alpha158_csi300_custom_step0_s_20260513_17,a1aa7c24bf0c4fffb3f38bdbb01f6c5b,,,
2026-05-13,SZ300308,0.035052952542266556,EXP_LGBModel_Alpha158_csi300_custom_step0_s_20260513_17,a1aa7c24bf0c4fffb3f38bdbb01f6c5b,,,
2026-05-13,SZ300316,0.043753336804900934,EXP_LGBModel_Alpha158_csi300_custom_step0_s_20260513_17,a1aa7c24bf0c4fffb3f38bdbb01f6c5b,,,
2026-05-13,SZ300347,0.02980244240136007,EXP_LGBModel_Alpha158_csi300_custom_step0_s_20260513_17,a1aa7c24bf0c4fffb3f38bdbb01f6c5b,,,
2026-05-13,SZ300394,0.024855847275840993,EXP_LGBModel_Alpha158_csi300_custom_step0_s_20260513_17,a1aa7c24bf0c4fffb3f38bdbb01f6c5b,,,
2026-05-13,SZ300408,0.03142673988187518,EXP_LGBModel_Alpha158_csi300_custom_step0_s_20260513_17,a1aa7c24bf0c4fffb3f38bdbb01f6c5b,,,
2026-05-13,SZ300015,0.043245508273227325,EXP_LGBModel_Alpha158_csi300_custom_step0_s_20260513_17,a1aa7c24bf0c4fffb3f38bdbb01f6c5b,,,
2026-05-13,SZ300413,-0.0061562943289665585,EXP_LGBModel_Alpha158_csi300_custom_step0_s_20260513_17,a1aa7c24bf0c4fffb3f38bdbb01f6c5b,,,
2026-05-13,SZ002493,0.04693994218849562,EXP_LGBModel_Alpha158_csi300_custom_step0_s_20260513_17,a1aa7c24bf0c4fffb3f38bdbb01f6c5b,,,
2026-05-13,SZ002466,0.11492603170442327,EXP_LGBModel_Alpha158_csi300_custom_step0_s_20260513_17,a1aa7c24bf0c4fffb3f38bdbb01f6c5b,,,
2026-05-13,SZ001965,-0.0013760798962308932,EXP_LGBModel_Alpha158_csi300_custom_step0_s_20260513_17,a1aa7c24bf0c4fffb3f38bdbb01f6c5b,,,
2026-05-13,SZ001979,-0.013720719024103718,EXP_LGBModel_Alpha158_csi300_custom_step0_s_20260513_17,a1aa7c24bf0c4fffb3f38bdbb01f6c5b,,,
2026-05-13,SZ002001,-0.019262782887058853,EXP_LGBModel_Alpha158_csi300_custom_step0_s_20260513_17,a1aa7c24bf0c4fffb3f38bdbb01f6c5b,,,
2026-05-13,SZ002027,-0.022516682312708144,EXP_LGBModel_Alpha158_csi300_custom_step0_s_20260513_17,a1aa7c24bf0c4fffb3f38bdbb01f6c5b,,,
2026-05-13,SZ002028,-0.025688117752255588,EXP_LGBModel_Alpha158_csi300_custom_step0_s_20260513_17,a1aa7c24bf0c4fffb3f38bdbb01f6c5b,,,
2026-05-13,SZ002049,0.06050081515061587,EXP_LGBModel_Alpha158_csi300_custom_step0_s_20260513_17,a1aa7c24bf0c4fffb3f38bdbb01f6c5b,,,
2026-05-13,SZ002050,0.015868197758332463,EXP_LGBModel_Alpha158_csi300_custom_step0_s_20260513_17,a1aa7c24bf0c4fffb3f38bdbb01f6c5b,,,
2026-05-13,SZ002074,0.007199011508810342,EXP_LGBModel_Alpha158_csi300_custom_step0_s_20260513_17,a1aa7c24bf0c4fffb3f38bdbb01f6c5b,,,
2026-05-13,SZ002142,0.015089252240245252,EXP_LGBModel_Alpha158_csi300_custom_step0_s_20260513_17,a1aa7c24bf0c4fffb3f38bdbb01f6c5b,,,
2026-05-13,SZ002179,0.07116891912025626,EXP_LGBModel_Alpha158_csi300_custom_step0_s_20260513_17,a1aa7c24bf0c4fffb3f38bdbb01f6c5b,,,
2026-05-13,SZ002230,0.024126795686933936,EXP_LGBModel_Alpha158_csi300_custom_step0_s_20260513_17,a1aa7c24bf0c4fffb3f38bdbb01f6c5b,,,
2026-05-13,SZ002475,0.10646531893663624,EXP_LGBModel_Alpha158_csi300_custom_step0_s_20260513_17,a1aa7c24bf0c4fffb3f38bdbb01f6c5b,,,
2026-05-13,SZ002236,0.016178513205636225,EXP_LGBModel_Alpha158_csi300_custom_step0_s_20260513_17,a1aa7c24bf0c4fffb3f38bdbb01f6c5b,,,
2026-05-13,SZ002252,-0.04891954077867281,EXP_LGBModel_Alpha158_csi300_custom_step0_s_20260513_17,a1aa7c24bf0c4fffb3f38bdbb01f6c5b,,,
2026-05-13,SZ002304,-0.020595384566273744,EXP_LGBModel_Alpha158_csi300_custom_step0_s_20260513_17,a1aa7c24bf0c4fffb3f38bdbb01f6c5b,,,
2026-05-13,SZ002311,-0.021832299768379228,EXP_LGBModel_Alpha158_csi300_custom_step0_s_20260513_17,a1aa7c24bf0c4fffb3f38bdbb01f6c5b,,,
2026-05-13,SZ002352,-0.051899635385358946,EXP_LGBModel_Alpha158_csi300_custom_step0_s_20260513_17,a1aa7c24bf0c4fffb3f38bdbb01f6c5b,,,
2026-05-13,SZ002371,0.06761805030180983,EXP_LGBModel_Alpha158_csi300_custom_step0_s_20260513_17,a1aa7c24bf0c4fffb3f38bdbb01f6c5b,,,
2026-05-13,SZ002384,0.0877342882587735,EXP_LGBModel_Alpha158_csi300_custom_step0_s_20260513_17,a1aa7c24bf0c4fffb3f38bdbb01f6c5b,,,
2026-05-13,SZ002415,0.012124817373669715,EXP_LGBModel_Alpha158_csi300_custom_step0_s_20260513_17,a1aa7c24bf0c4fffb3f38bdbb01f6c5b,,,
2026-05-13,SZ002422,-0.036472417769295204,EXP_LGBModel_Alpha158_csi300_custom_step0_s_20260513_17,a1aa7c24bf0c4fffb3f38bdbb01f6c5b,,,
2026-05-13,SZ002459,0.0017759735964699753,EXP_LGBModel_Alpha158_csi300_custom_step0_s_20260513_17,a1aa7c24bf0c4fffb3f38bdbb01f6c5b,,,
2026-05-13,SZ002460,0.0585630622025354,EXP_LGBModel_Alpha158_csi300_custom_step0_s_20260513_17,a1aa7c24bf0c4fffb3f38bdbb01f6c5b,,,
2026-05-13,SZ002463,0.03636086618137164,EXP_LGBModel_Alpha158_csi300_custom_step0_s_20260513_17,a1aa7c24bf0c4fffb3f38bdbb01f6c5b,,,
2026-05-13,SZ002241,0.029550632293328754,EXP_LGBModel_Alpha158_csi300_custom_step0_s_20260513_17,a1aa7c24bf0c4fffb3f38bdbb01f6c5b,,,
2026-05-13,SZ300418,0.010727213360343574,EXP_LGBModel_Alpha158_csi300_custom_step0_s_20260513_17,a1aa7c24bf0c4fffb3f38bdbb01f6c5b,,,
2026-05-13,SZ300433,0.010739564673654264,EXP_LGBModel_Alpha158_csi300_custom_step0_s_20260513_17,a1aa7c24bf0c4fffb3f38bdbb01f6c5b,,,
2026-05-13,SZ300442,0.04976940837184831,EXP_LGBModel_Alpha158_csi300_custom_step0_s_20260513_17,a1aa7c24bf0c4fffb3f38bdbb01f6c5b,,,
2026-05-13,SH600027,0.06905611831832613,EXP_DEnsembleModel_Alpha158_csi300_custom_step0_s_20260513_15,13d5c22ef8e843dc85f2427eb65ad18c,,,
2026-05-13,SH600028,-0.12179227439650146,EXP_DEnsembleModel_Alpha158_csi300_custom_step0_s_20260513_15,13d5c22ef8e843dc85f2427eb65ad18c,,,
2026-05-13,SH600029,0.045712268338534846,EXP_DEnsembleModel_Alpha158_csi300_custom_step0_s_20260513_15,13d5c22ef8e843dc85f2427eb65ad18c,,,
2026-05-13,SH600030,0.055662733584310876,EXP_DEnsembleModel_Alpha158_csi300_custom_step0_s_20260513_15,13d5c22ef8e843dc85f2427eb65ad18c,,,
2026-05-13,SH600031,-0.007279653291733571,EXP_DEnsembleModel_Alpha158_csi300_custom_step0_s_20260513_15,13d5c22ef8e843dc85f2427eb65ad18c,,,
2026-05-13,SH600036,-0.12586468442772691,EXP_DEnsembleModel_Alpha158_csi300_custom_step0_s_20260513_15,13d5c22ef8e843dc85f2427eb65ad18c,,,
2026-05-13,SH600039,-0.0008076737050527308,EXP_DEnsembleModel_Alpha158_csi300_custom_step0_s_20260513_15,13d5c22ef8e843dc85f2427eb65ad18c,,,
2026-05-13,SH600048,-0.019773129098082286,EXP_DEnsembleModel_Alpha158_csi300_custom_step0_s_20260513_15,13d5c22ef8e843dc85f2427eb65ad18c,,,
2026-05-13,SH600050,-0.04315114884791482,EXP_DEnsembleModel_Alpha158_csi300_custom_step0_s_20260513_15,13d5c22ef8e843dc85f2427eb65ad18c,,,
2026-05-13,SH600061,-0.05571337948157041,EXP_DEnsembleModel_Alpha158_csi300_custom_step0_s_20260513_15,13d5c22ef8e843dc85f2427eb65ad18c,,,
2026-05-13,SH600066,0.0024429518274721386,EXP_DEnsembleModel_Alpha158_csi300_custom_step0_s_20260513_15,13d5c22ef8e843dc85f2427eb65ad18c,,,
2026-05-13,SH600026,-0.08537894082942446,EXP_DEnsembleModel_Alpha158_csi300_custom_step0_s_20260513_15,13d5c22ef8e843dc85f2427eb65ad18c,,,
2026-05-13,SH600085,-0.09287897614353603,EXP_DEnsembleModel_Alpha158_csi300_custom_step0_s_20260513_15,13d5c22ef8e843dc85f2427eb65ad18c,,,
2026-05-13,SH600104,-0.03189238555979993,EXP_DEnsembleModel_Alpha158_csi300_custom_step0_s_20260513_15,13d5c22ef8e843dc85f2427eb65ad18c,,,
2026-05-13,SH600111,0.16331769395442672,EXP_DEnsembleModel_Alpha158_csi300_custom_step0_s_20260513_15,13d5c22ef8e843dc85f2427eb65ad18c,,,
2026-05-13,SH600115,0.04951817268062022,EXP_DEnsembleModel_Alpha158_csi300_custom_step0_s_20260513_15,13d5c22ef8e843dc85f2427eb65ad18c,,,
2026-05-13,SH600150,0.2657205815009365,EXP_DEnsembleModel_Alpha158_csi300_custom_step0_s_20260513_15,13d5c22ef8e843dc85f2427eb65ad18c,,,
2026-05-13,SH600160,0.054366367261839535,EXP_DEnsembleModel_Alpha158_csi300_custom_step0_s_20260513_15,13d5c22ef8e843dc85f2427eb65ad18c,,,
2026-05-13,SH600161,-0.11526610388832545,EXP_DEnsembleModel_Alpha158_csi300_custom_step0_s_20260513_15,13d5c22ef8e843dc85f2427eb65ad18c,,,
2026-05-13,SH600176,0.23861966080213545,EXP_DEnsembleModel_Alpha158_csi300_custom_step0_s_20260513_15,13d5c22ef8e843dc85f2427eb65ad18c,,,
2026-05-13,SH600183,0.18682443468671392,EXP_DEnsembleModel_Alpha158_csi300_custom_step0_s_20260513_15,13d5c22ef8e843dc85f2427eb65ad18c,,,
2026-05-13,SH600188,-0.07367062435791451,EXP_DEnsembleModel_Alpha158_csi300_custom_step0_s_20260513_15,13d5c22ef8e843dc85f2427eb65ad18c,,,
2026-05-13,SH600196,-0.13645499839998526,EXP_DEnsembleModel_Alpha158_csi300_custom_step0_s_20260513_15,13d5c22ef8e843dc85f2427eb65ad18c,,,
2026-05-13,SH600219,-0.12465437681821558,EXP_DEnsembleModel_Alpha158_csi300_custom_step0_s_20260513_15,13d5c22ef8e843dc85f2427eb65ad18c,,,
2026-05-13,SH600089,0.038928561876617376,EXP_DEnsembleModel_Alpha158_csi300_custom_step0_s_20260513_15,13d5c22ef8e843dc85f2427eb65ad18c,,,
2026-05-13,SH600025,0.011632214911726103,EXP_DEnsembleModel_Alpha158_csi300_custom_step0_s_20260513_15,13d5c22ef8e843dc85f2427eb65ad18c,,,
2026-05-13,SH600023,0.04365342621068089,EXP_DEnsembleModel_Alpha158_csi300_custom_step0_s_20260513_15,13d5c22ef8e843dc85f2427eb65ad18c,,,
2026-05-13,SH600019,-0.10086776945263325,EXP_DEnsembleModel_Alpha158_csi300_custom_step0_s_20260513_15,13d5c22ef8e843dc85f2427eb65ad18c,,,
2026-05-13,SZ300476,0.056443109173600244,EXP_LGBModel_Alpha158_csi300_custom_step0_s_20260513_17,a1aa7c24bf0c4fffb3f38bdbb01f6c5b,,,
2026-05-13,SZ300498,-0.011210112678485507,EXP_LGBModel_Alpha158_csi300_custom_step0_s_20260513_17,a1aa7c24bf0c4fffb3f38bdbb01f6c5b,,,
2026-05-13,SZ300502,0.025883751378543436,EXP_LGBModel_Alpha158_csi300_custom_step0_s_20260513_17,a1aa7c24bf0c4fffb3f38bdbb01f6c5b,,,
2026-05-13,SZ300628,0.032206047942586295,EXP_LGBModel_Alpha158_csi300_custom_step0_s_20260513_17,a1aa7c24bf0c4fffb3f38bdbb01f6c5b,,,
2026-05-13,SZ300661,0.0958338262425688,EXP_LGBModel_Alpha158_csi300_custom_step0_s_20260513_17,a1aa7c24bf0c4fffb3f38bdbb01f6c5b,,,
2026-05-13,SZ300750,0.06759801362163206,EXP_LGBModel_Alpha158_csi300_custom_step0_s_20260513_17,a1aa7c24bf0c4fffb3f38bdbb01f6c5b,,,
2026-05-13,SZ300759,-0.0030772889081713975,EXP_LGBModel_Alpha158_csi300_custom_step0_s_20260513_17,a1aa7c24bf0c4fffb3f38bdbb01f6c5b,,,
2026-05-13,SZ300760,-0.01431889464875469,EXP_LGBModel_Alpha158_csi300_custom_step0_s_20260513_17,a1aa7c24bf0c4fffb3f38bdbb01f6c5b,,,
2026-05-13,SZ300782,0.037101432494243886,EXP_LGBModel_Alpha158_csi300_custom_step0_s_20260513_17,a1aa7c24bf0c4fffb3f38bdbb01f6c5b,,,
2026-05-13,SZ300803,-0.0036805789002055038,EXP_LGBModel_Alpha158_csi300_custom_step0_s_20260513_17,a1aa7c24bf0c4fffb3f38bdbb01f6c5b,,,
2026-05-13,SZ300832,0.008130516859560594,EXP_LGBModel_Alpha158_csi300_custom_step0_s_20260513_17,a1aa7c24bf0c4fffb3f38bdbb01f6c5b,,,
2026-05-13,SZ300866,0.04774236590828743,EXP_LGBModel_Alpha158_csi300_custom_step0_s_20260513_17,a1aa7c24bf0c4fffb3f38bdbb01f6c5b,,,
2026-05-13,SZ300896,-0.009370843418363079,EXP_LGBModel_Alpha158_csi300_custom_step0_s_20260513_17,a1aa7c24bf0c4fffb3f38bdbb01f6c5b,,,
2026-05-13,SZ300979,-0.04491016468308523,EXP_LGBModel_Alpha158_csi300_custom_step0_s_20260513_17,a1aa7c24bf0c4fffb3f38bdbb01f6c5b,,,
2026-05-13,SZ300999,-0.04606052262545781,EXP_LGBModel_Alpha158_csi300_custom_step0_s_20260513_17,a1aa7c24bf0c4fffb3f38bdbb01f6c5b,,,
2026-05-13,SZ301236,0.02550840391376326,EXP_LGBModel_Alpha158_csi300_custom_step0_s_20260513_17,a1aa7c24bf0c4fffb3f38bdbb01f6c5b,,,
2026-05-13,SZ301269,0.04887224223911722,EXP_LGBModel_Alpha158_csi300_custom_step0_s_20260513_17,a1aa7c24bf0c4fffb3f38bdbb01f6c5b,,,
2026-05-13,SZ302132,-0.019214116481548693,EXP_LGBModel_Alpha158_csi300_custom_step0_s_20260513_17,a1aa7c24bf0c4fffb3f38bdbb01f6c5b,,,
2026-05-13,SH600000,-0.08510525992323438,EXP_DEnsembleModel_Alpha158_csi300_custom_step0_s_20260513_15,13d5c22ef8e843dc85f2427eb65ad18c,,,
2026-05-13,SH600009,-0.1051818485710245,EXP_DEnsembleModel_Alpha158_csi300_custom_step0_s_20260513_15,13d5c22ef8e843dc85f2427eb65ad18c,,,
2026-05-13,SH600010,0.0537164650277082,EXP_DEnsembleModel_Alpha158_csi300_custom_step0_s_20260513_15,13d5c22ef8e843dc85f2427eb65ad18c,,,
2026-05-13,SH600011,-0.028420586772219616,EXP_DEnsembleModel_Alpha158_csi300_custom_step0_s_20260513_15,13d5c22ef8e843dc85f2427eb65ad18c,,,
2026-05-13,SH600015,-0.07952992002651472,EXP_DEnsembleModel_Alpha158_csi300_custom_step0_s_20260513_15,13d5c22ef8e843dc85f2427eb65ad18c,,,
2026-05-13,SH600016,-0.10652150160245816,EXP_DEnsembleModel_Alpha158_csi300_custom_step0_s_20260513_15,13d5c22ef8e843dc85f2427eb65ad18c,,,
2026-05-13,SH600018,-0.08831451181697111,EXP_DEnsembleModel_Alpha158_csi300_custom_step0_s_20260513_15,13d5c22ef8e843dc85f2427eb65ad18c,,,
2026-05-13,SH600276,-0.05331178980102813,EXP_DEnsembleModel_Alpha158_csi300_custom_step0_s_20260513_15,13d5c22ef8e843dc85f2427eb65ad18c,,,
2026-05-13,SZ302132,-0.024826303124427795,EXP_XGBModel_Alpha158_csi300_custom_step0_s_20260513_14,0aeac39ef44b4b38a9fda8a6dbf81cdd,,,
