datetime,instrument,score,exp_name,rid,real_label,error,abs_error
2026-04-08,SH600000,0.004772758467446642,EXP_LGBModel_Alpha158_csi300_custom_step0_s_20260408_16,f7a2c30ab83745afaa4b50a7d1a4e0f8,,,
2026-04-08,SZ300866,-0.0378105622670027,EXP_DEnsembleModel_Alpha158_csi300_custom_step0_s_20260408_14,d7c6074fe9334c5fa3790f178d8b36ed,,,
2026-04-08,SZ300896,-0.06119452343802082,EXP_DEnsembleModel_Alpha158_csi300_custom_step0_s_20260408_14,d7c6074fe9334c5fa3790f178d8b36ed,,,
2026-04-08,SZ300979,0.029421655695783026,EXP_DEnsembleModel_Alpha158_csi300_custom_step0_s_20260408_14,d7c6074fe9334c5fa3790f178d8b36ed,,,
2026-04-08,SZ300999,-0.05428857165143359,EXP_DEnsembleModel_Alpha158_csi300_custom_step0_s_20260408_14,d7c6074fe9334c5fa3790f178d8b36ed,,,
2026-04-08,SZ301236,0.009704993723526215,EXP_DEnsembleModel_Alpha158_csi300_custom_step0_s_20260408_14,d7c6074fe9334c5fa3790f178d8b36ed,,,
2026-04-08,SZ301269,0.026506964566484957,EXP_DEnsembleModel_Alpha158_csi300_custom_step0_s_20260408_14,d7c6074fe9334c5fa3790f178d8b36ed,,,
2026-04-08,SZ302132,-0.034080445595920154,EXP_DEnsembleModel_Alpha158_csi300_custom_step0_s_20260408_14,d7c6074fe9334c5fa3790f178d8b36ed,,,
2026-04-08,SH600000,0.03009878844022751,EXP_XGBModel_Alpha158_csi300_custom_step0_s_20260408_13,db69e2c872d444f18b58478652f44874,,,
2026-04-08,SH600009,0.011086095124483109,EXP_XGBModel_Alpha158_csi300_custom_step0_s_20260408_13,db69e2c872d444f18b58478652f44874,,,
2026-04-08,SH600010,-0.005063159391283989,EXP_XGBModel_Alpha158_csi300_custom_step0_s_20260408_13,db69e2c872d444f18b58478652f44874,,,
2026-04-08,SH600011,-0.030496807768940926,EXP_XGBModel_Alpha158_csi300_custom_step0_s_20260408_13,db69e2c872d444f18b58478652f44874,,,
2026-04-08,SZ300832,-0.07291781092198621,EXP_DEnsembleModel_Alpha158_csi300_custom_step0_s_20260408_14,d7c6074fe9334c5fa3790f178d8b36ed,,,
2026-04-08,SH600015,0.02156548574566841,EXP_XGBModel_Alpha158_csi300_custom_step0_s_20260408_13,db69e2c872d444f18b58478652f44874,,,
2026-04-08,SH600018,0.023539116606116295,EXP_XGBModel_Alpha158_csi300_custom_step0_s_20260408_13,db69e2c872d444f18b58478652f44874,,,
2026-04-08,SH600019,0.020462533459067345,EXP_XGBModel_Alpha158_csi300_custom_step0_s_20260408_13,db69e2c872d444f18b58478652f44874,,,
2026-04-08,SH600023,0.016624148935079575,EXP_XGBModel_Alpha158_csi300_custom_step0_s_20260408_13,db69e2c872d444f18b58478652f44874,,,
2026-04-08,SH600025,-0.03855397552251816,EXP_XGBModel_Alpha158_csi300_custom_step0_s_20260408_13,db69e2c872d444f18b58478652f44874,,,
2026-04-08,SH600026,-0.12740492820739746,EXP_XGBModel_Alpha158_csi300_custom_step0_s_20260408_13,db69e2c872d444f18b58478652f44874,,,
2026-04-08,SH600027,-0.04665325954556465,EXP_XGBModel_Alpha158_csi300_custom_step0_s_20260408_13,db69e2c872d444f18b58478652f44874,,,
2026-04-08,SH600028,0.018690001219511032,EXP_XGBModel_Alpha158_csi300_custom_step0_s_20260408_13,db69e2c872d444f18b58478652f44874,,,
2026-04-08,SH600029,0.007471578661352396,EXP_XGBModel_Alpha158_csi300_custom_step0_s_20260408_13,db69e2c872d444f18b58478652f44874,,,
2026-04-08,SH600030,0.003128477605059743,EXP_XGBModel_Alpha158_csi300_custom_step0_s_20260408_13,db69e2c872d444f18b58478652f44874,,,
2026-04-08,SH600031,-0.029536796733736992,EXP_XGBModel_Alpha158_csi300_custom_step0_s_20260408_13,db69e2c872d444f18b58478652f44874,,,
2026-04-08,SH600036,0.031891826540231705,EXP_XGBModel_Alpha158_csi300_custom_step0_s_20260408_13,db69e2c872d444f18b58478652f44874,,,
2026-04-08,SH600016,-0.00018432529759593308,EXP_XGBModel_Alpha158_csi300_custom_step0_s_20260408_13,db69e2c872d444f18b58478652f44874,,,
2026-04-08,SH600039,-0.02137267030775547,EXP_XGBModel_Alpha158_csi300_custom_step0_s_20260408_13,db69e2c872d444f18b58478652f44874,,,
2026-04-08,SZ300803,-0.08077483981077692,EXP_DEnsembleModel_Alpha158_csi300_custom_step0_s_20260408_14,d7c6074fe9334c5fa3790f178d8b36ed,,,
2026-04-08,SZ300760,-0.102910972444641,EXP_DEnsembleModel_Alpha158_csi300_custom_step0_s_20260408_14,d7c6074fe9334c5fa3790f178d8b36ed,,,
2026-04-08,SZ300014,-0.1331136754550752,EXP_DEnsembleModel_Alpha158_csi300_custom_step0_s_20260408_14,d7c6074fe9334c5fa3790f178d8b36ed,,,
2026-04-08,SZ300015,-0.039898491823713744,EXP_DEnsembleModel_Alpha158_csi300_custom_step0_s_20260408_14,d7c6074fe9334c5fa3790f178d8b36ed,,,
2026-04-08,SZ300033,-0.05861126917547132,EXP_DEnsembleModel_Alpha158_csi300_custom_step0_s_20260408_14,d7c6074fe9334c5fa3790f178d8b36ed,,,
2026-04-08,SZ300059,-0.18560043830833076,EXP_DEnsembleModel_Alpha158_csi300_custom_step0_s_20260408_14,d7c6074fe9334c5fa3790f178d8b36ed,,,
2026-04-08,SZ300122,-0.11954805344414736,EXP_DEnsembleModel_Alpha158_csi300_custom_step0_s_20260408_14,d7c6074fe9334c5fa3790f178d8b36ed,,,
2026-04-08,SZ300124,-0.08806208670962337,EXP_DEnsembleModel_Alpha158_csi300_custom_step0_s_20260408_14,d7c6074fe9334c5fa3790f178d8b36ed,,,
2026-04-08,SZ300251,0.033843002234456944,EXP_DEnsembleModel_Alpha158_csi300_custom_step0_s_20260408_14,d7c6074fe9334c5fa3790f178d8b36ed,,,
2026-04-08,SZ300274,-0.05740248046819019,EXP_DEnsembleModel_Alpha158_csi300_custom_step0_s_20260408_14,d7c6074fe9334c5fa3790f178d8b36ed,,,
2026-04-08,SZ300308,0.12985110074201603,EXP_DEnsembleModel_Alpha158_csi300_custom_step0_s_20260408_14,d7c6074fe9334c5fa3790f178d8b36ed,,,
2026-04-08,SZ300316,-0.019520619953940704,EXP_DEnsembleModel_Alpha158_csi300_custom_step0_s_20260408_14,d7c6074fe9334c5fa3790f178d8b36ed,,,
2026-04-08,SZ300347,-0.05336810753624616,EXP_DEnsembleModel_Alpha158_csi300_custom_step0_s_20260408_14,d7c6074fe9334c5fa3790f178d8b36ed,,,
2026-04-08,SZ300782,0.05957835746900816,EXP_DEnsembleModel_Alpha158_csi300_custom_step0_s_20260408_14,d7c6074fe9334c5fa3790f178d8b36ed,,,
2026-04-08,SZ300394,-0.044241668719173094,EXP_DEnsembleModel_Alpha158_csi300_custom_step0_s_20260408_14,d7c6074fe9334c5fa3790f178d8b36ed,,,
2026-04-08,SZ300413,-0.02568559690520432,EXP_DEnsembleModel_Alpha158_csi300_custom_step0_s_20260408_14,d7c6074fe9334c5fa3790f178d8b36ed,,,
2026-04-08,SZ300418,-0.1325286858954193,EXP_DEnsembleModel_Alpha158_csi300_custom_step0_s_20260408_14,d7c6074fe9334c5fa3790f178d8b36ed,,,
2026-04-08,SZ300433,-0.04719826500935139,EXP_DEnsembleModel_Alpha158_csi300_custom_step0_s_20260408_14,d7c6074fe9334c5fa3790f178d8b36ed,,,
2026-04-08,SZ300442,-0.14349867530428514,EXP_DEnsembleModel_Alpha158_csi300_custom_step0_s_20260408_14,d7c6074fe9334c5fa3790f178d8b36ed,,,
2026-04-08,SZ300476,0.05201406102675939,EXP_DEnsembleModel_Alpha158_csi300_custom_step0_s_20260408_14,d7c6074fe9334c5fa3790f178d8b36ed,,,
2026-04-08,SZ300498,0.008612462290584424,EXP_DEnsembleModel_Alpha158_csi300_custom_step0_s_20260408_14,d7c6074fe9334c5fa3790f178d8b36ed,,,
2026-04-08,SZ300502,0.027471283484830484,EXP_DEnsembleModel_Alpha158_csi300_custom_step0_s_20260408_14,d7c6074fe9334c5fa3790f178d8b36ed,,,
2026-04-08,SZ300628,-0.13656851337422424,EXP_DEnsembleModel_Alpha158_csi300_custom_step0_s_20260408_14,d7c6074fe9334c5fa3790f178d8b36ed,,,
2026-04-08,SZ300661,0.012005935655459937,EXP_DEnsembleModel_Alpha158_csi300_custom_step0_s_20260408_14,d7c6074fe9334c5fa3790f178d8b36ed,,,
2026-04-08,SZ300750,-0.02872391672315189,EXP_DEnsembleModel_Alpha158_csi300_custom_step0_s_20260408_14,d7c6074fe9334c5fa3790f178d8b36ed,,,
2026-04-08,SZ300759,0.15556398764571747,EXP_DEnsembleModel_Alpha158_csi300_custom_step0_s_20260408_14,d7c6074fe9334c5fa3790f178d8b36ed,,,
2026-04-08,SZ300408,-0.05813028796598962,EXP_DEnsembleModel_Alpha158_csi300_custom_step0_s_20260408_14,d7c6074fe9334c5fa3790f178d8b36ed,,,
2026-04-08,SZ003816,0.07380913360873824,EXP_DEnsembleModel_Alpha158_csi300_custom_step0_s_20260408_14,d7c6074fe9334c5fa3790f178d8b36ed,,,
2026-04-08,SH600048,-0.03668280318379402,EXP_XGBModel_Alpha158_csi300_custom_step0_s_20260408_13,db69e2c872d444f18b58478652f44874,,,
2026-04-08,SH600061,0.010643000714480877,EXP_XGBModel_Alpha158_csi300_custom_step0_s_20260408_13,db69e2c872d444f18b58478652f44874,,,
2026-04-08,SH600489,0.15563902258872986,EXP_XGBModel_Alpha158_csi300_custom_step0_s_20260408_13,db69e2c872d444f18b58478652f44874,,,
2026-04-08,SH600515,-0.052906185388565063,EXP_XGBModel_Alpha158_csi300_custom_step0_s_20260408_13,db69e2c872d444f18b58478652f44874,,,
2026-04-08,SH600519,0.02726161852478981,EXP_XGBModel_Alpha158_csi300_custom_step0_s_20260408_13,db69e2c872d444f18b58478652f44874,,,
2026-04-08,SH600522,-0.32592153549194336,EXP_XGBModel_Alpha158_csi300_custom_step0_s_20260408_13,db69e2c872d444f18b58478652f44874,,,
2026-04-08,SH600547,-0.006148159969598055,EXP_XGBModel_Alpha158_csi300_custom_step0_s_20260408_13,db69e2c872d444f18b58478652f44874,,,
2026-04-08,SH600570,-0.06989525258541107,EXP_XGBModel_Alpha158_csi300_custom_step0_s_20260408_13,db69e2c872d444f18b58478652f44874,,,
2026-04-08,SH600584,-0.023264478892087936,EXP_XGBModel_Alpha158_csi300_custom_step0_s_20260408_13,db69e2c872d444f18b58478652f44874,,,
2026-04-08,SH600585,0.028359072282910347,EXP_XGBModel_Alpha158_csi300_custom_step0_s_20260408_13,db69e2c872d444f18b58478652f44874,,,
2026-04-08,SH600588,-0.05408807843923569,EXP_XGBModel_Alpha158_csi300_custom_step0_s_20260408_13,db69e2c872d444f18b58478652f44874,,,
2026-04-08,SH600600,0.03992071747779846,EXP_XGBModel_Alpha158_csi300_custom_step0_s_20260408_13,db69e2c872d444f18b58478652f44874,,,
2026-04-08,SH600660,0.020387522876262665,EXP_XGBModel_Alpha158_csi300_custom_step0_s_20260408_13,db69e2c872d444f18b58478652f44874,,,
2026-04-08,SH600482,-0.060233794152736664,EXP_XGBModel_Alpha158_csi300_custom_step0_s_20260408_13,db69e2c872d444f18b58478652f44874,,,
2026-04-08,SH600674,-0.025630824267864227,EXP_XGBModel_Alpha158_csi300_custom_step0_s_20260408_13,db69e2c872d444f18b58478652f44874,,,
2026-04-08,SH600741,-0.01479497179389,EXP_XGBModel_Alpha158_csi300_custom_step0_s_20260408_13,db69e2c872d444f18b58478652f44874,,,
2026-04-08,SH600760,0.0054659778252244,EXP_XGBModel_Alpha158_csi300_custom_step0_s_20260408_13,db69e2c872d444f18b58478652f44874,,,
2026-04-08,SH600795,-0.0406806617975235,EXP_XGBModel_Alpha158_csi300_custom_step0_s_20260408_13,db69e2c872d444f18b58478652f44874,,,
2026-04-08,SH600803,0.038192540407180786,EXP_XGBModel_Alpha158_csi300_custom_step0_s_20260408_13,db69e2c872d444f18b58478652f44874,,,
2026-04-08,SH600809,-0.040488116443157196,EXP_XGBModel_Alpha158_csi300_custom_step0_s_20260408_13,db69e2c872d444f18b58478652f44874,,,
2026-04-08,SH600845,-0.004838112276047468,EXP_XGBModel_Alpha158_csi300_custom_step0_s_20260408_13,db69e2c872d444f18b58478652f44874,,,
2026-04-08,SH600875,-0.17981329560279846,EXP_XGBModel_Alpha158_csi300_custom_step0_s_20260408_13,db69e2c872d444f18b58478652f44874,,,
2026-04-08,SH600886,-0.044192131608724594,EXP_XGBModel_Alpha158_csi300_custom_step0_s_20260408_13,db69e2c872d444f18b58478652f44874,,,
2026-04-08,SH600887,0.030378561466932297,EXP_XGBModel_Alpha158_csi300_custom_step0_s_20260408_13,db69e2c872d444f18b58478652f44874,,,
2026-04-08,SH600893,0.0417599119246006,EXP_XGBModel_Alpha158_csi300_custom_step0_s_20260408_13,db69e2c872d444f18b58478652f44874,,,
2026-04-08,SH600900,0.010727477259933949,EXP_XGBModel_Alpha158_csi300_custom_step0_s_20260408_13,db69e2c872d444f18b58478652f44874,,,
2026-04-08,SH600690,-0.014150455594062805,EXP_XGBModel_Alpha158_csi300_custom_step0_s_20260408_13,db69e2c872d444f18b58478652f44874,,,
2026-04-08,SH600050,-0.007673033978790045,EXP_XGBModel_Alpha158_csi300_custom_step0_s_20260408_13,db69e2c872d444f18b58478652f44874,,,
2026-04-08,SH600460,-0.08261621743440628,EXP_XGBModel_Alpha158_csi300_custom_step0_s_20260408_13,db69e2c872d444f18b58478652f44874,,,
2026-04-08,SH600436,0.009282827377319336,EXP_XGBModel_Alpha158_csi300_custom_step0_s_20260408_13,db69e2c872d444f18b58478652f44874,,,
2026-04-08,SH600066,-0.017178894951939583,EXP_XGBModel_Alpha158_csi300_custom_step0_s_20260408_13,db69e2c872d444f18b58478652f44874,,,
2026-04-08,SH600085,0.021341441199183464,EXP_XGBModel_Alpha158_csi300_custom_step0_s_20260408_13,db69e2c872d444f18b58478652f44874,,,
2026-04-08,SH600089,-0.1001972183585167,EXP_XGBModel_Alpha158_csi300_custom_step0_s_20260408_13,db69e2c872d444f18b58478652f44874,,,
2026-04-08,SH600104,0.0029760391917079687,EXP_XGBModel_Alpha158_csi300_custom_step0_s_20260408_13,db69e2c872d444f18b58478652f44874,,,
2026-04-08,SH600111,0.11775479465723038,EXP_XGBModel_Alpha158_csi300_custom_step0_s_20260408_13,db69e2c872d444f18b58478652f44874,,,
2026-04-08,SH600115,0.227162703871727,EXP_XGBModel_Alpha158_csi300_custom_step0_s_20260408_13,db69e2c872d444f18b58478652f44874,,,
2026-04-08,SH600150,-0.046246275305747986,EXP_XGBModel_Alpha158_csi300_custom_step0_s_20260408_13,db69e2c872d444f18b58478652f44874,,,
2026-04-08,SH600160,0.049435749650001526,EXP_XGBModel_Alpha158_csi300_custom_step0_s_20260408_13,db69e2c872d444f18b58478652f44874,,,
2026-04-08,SH600161,0.005858941003680229,EXP_XGBModel_Alpha158_csi300_custom_step0_s_20260408_13,db69e2c872d444f18b58478652f44874,,,
2026-04-08,SH600176,-0.07851168513298035,EXP_XGBModel_Alpha158_csi300_custom_step0_s_20260408_13,db69e2c872d444f18b58478652f44874,,,
2026-04-08,SH600183,-0.14617817103862762,EXP_XGBModel_Alpha158_csi300_custom_step0_s_20260408_13,db69e2c872d444f18b58478652f44874,,,
2026-04-08,SH600438,-0.053964607417583466,EXP_XGBModel_Alpha158_csi300_custom_step0_s_20260408_13,db69e2c872d444f18b58478652f44874,,,
2026-04-08,SH600188,-0.06790429353713989,EXP_XGBModel_Alpha158_csi300_custom_step0_s_20260408_13,db69e2c872d444f18b58478652f44874,,,
2026-04-08,SH600219,0.06833388656377792,EXP_XGBModel_Alpha158_csi300_custom_step0_s_20260408_13,db69e2c872d444f18b58478652f44874,,,
2026-04-08,SH600233,0.04172578454017639,EXP_XGBModel_Alpha158_csi300_custom_step0_s_20260408_13,db69e2c872d444f18b58478652f44874,,,
2026-04-08,SH600276,-0.009029530920088291,EXP_XGBModel_Alpha158_csi300_custom_step0_s_20260408_13,db69e2c872d444f18b58478652f44874,,,
2026-04-08,SH600309,-0.12016141414642334,EXP_XGBModel_Alpha158_csi300_custom_step0_s_20260408_13,db69e2c872d444f18b58478652f44874,,,
2026-04-08,SH600346,0.007774950470775366,EXP_XGBModel_Alpha158_csi300_custom_step0_s_20260408_13,db69e2c872d444f18b58478652f44874,,,
2026-04-08,SH600362,0.021574337035417557,EXP_XGBModel_Alpha158_csi300_custom_step0_s_20260408_13,db69e2c872d444f18b58478652f44874,,,
2026-04-08,SH600372,-0.0003965056675951928,EXP_XGBModel_Alpha158_csi300_custom_step0_s_20260408_13,db69e2c872d444f18b58478652f44874,,,
2026-04-08,SH600377,-0.011660870164632797,EXP_XGBModel_Alpha158_csi300_custom_step0_s_20260408_13,db69e2c872d444f18b58478652f44874,,,
2026-04-08,SH600406,-0.04483385384082794,EXP_XGBModel_Alpha158_csi300_custom_step0_s_20260408_13,db69e2c872d444f18b58478652f44874,,,
2026-04-08,SH600415,-0.09802521765232086,EXP_XGBModel_Alpha158_csi300_custom_step0_s_20260408_13,db69e2c872d444f18b58478652f44874,,,
2026-04-08,SH600426,-0.01799841597676277,EXP_XGBModel_Alpha158_csi300_custom_step0_s_20260408_13,db69e2c872d444f18b58478652f44874,,,
2026-04-08,SH600196,-0.0017189083155244589,EXP_XGBModel_Alpha158_csi300_custom_step0_s_20260408_13,db69e2c872d444f18b58478652f44874,,,
2026-04-08,SZ002938,-0.08741657276489259,EXP_DEnsembleModel_Alpha158_csi300_custom_step0_s_20260408_14,d7c6074fe9334c5fa3790f178d8b36ed,,,
2026-04-08,SZ002920,-0.07849297019334281,EXP_DEnsembleModel_Alpha158_csi300_custom_step0_s_20260408_14,d7c6074fe9334c5fa3790f178d8b36ed,,,
2026-04-08,SZ002916,-0.09820372885372353,EXP_DEnsembleModel_Alpha158_csi300_custom_step0_s_20260408_14,d7c6074fe9334c5fa3790f178d8b36ed,,,
2026-04-08,SH688169,-0.08387870216581904,EXP_DEnsembleModel_Alpha158_csi300_custom_step0_s_20260408_14,d7c6074fe9334c5fa3790f178d8b36ed,,,
2026-04-08,SH688187,-0.08656898214496984,EXP_DEnsembleModel_Alpha158_csi300_custom_step0_s_20260408_14,d7c6074fe9334c5fa3790f178d8b36ed,,,
2026-04-08,SH688223,-0.04250508393655161,EXP_DEnsembleModel_Alpha158_csi300_custom_step0_s_20260408_14,d7c6074fe9334c5fa3790f178d8b36ed,,,
2026-04-08,SH688256,0.04055346847463414,EXP_DEnsembleModel_Alpha158_csi300_custom_step0_s_20260408_14,d7c6074fe9334c5fa3790f178d8b36ed,,,
2026-04-08,SH688271,-0.07331644635314423,EXP_DEnsembleModel_Alpha158_csi300_custom_step0_s_20260408_14,d7c6074fe9334c5fa3790f178d8b36ed,,,
2026-04-08,SH688303,-0.13801852732793113,EXP_DEnsembleModel_Alpha158_csi300_custom_step0_s_20260408_14,d7c6074fe9334c5fa3790f178d8b36ed,,,
2026-04-08,SH688396,0.045792682230039544,EXP_DEnsembleModel_Alpha158_csi300_custom_step0_s_20260408_14,d7c6074fe9334c5fa3790f178d8b36ed,,,
2026-04-08,SH688472,-0.1401888349159301,EXP_DEnsembleModel_Alpha158_csi300_custom_step0_s_20260408_14,d7c6074fe9334c5fa3790f178d8b36ed,,,
2026-04-08,SH688506,-0.018989889669655095,EXP_DEnsembleModel_Alpha158_csi300_custom_step0_s_20260408_14,d7c6074fe9334c5fa3790f178d8b36ed,,,
2026-04-08,SH688981,-0.08627024950464486,EXP_DEnsembleModel_Alpha158_csi300_custom_step0_s_20260408_14,d7c6074fe9334c5fa3790f178d8b36ed,,,
2026-04-08,SZ000001,0.10732792844090304,EXP_DEnsembleModel_Alpha158_csi300_custom_step0_s_20260408_14,d7c6074fe9334c5fa3790f178d8b36ed,,,
2026-04-08,SH688126,-0.017435069374133284,EXP_DEnsembleModel_Alpha158_csi300_custom_step0_s_20260408_14,d7c6074fe9334c5fa3790f178d8b36ed,,,
2026-04-08,SZ000002,-0.07644917016124811,EXP_DEnsembleModel_Alpha158_csi300_custom_step0_s_20260408_14,d7c6074fe9334c5fa3790f178d8b36ed,,,
2026-04-08,SZ000100,-0.09056061389328772,EXP_DEnsembleModel_Alpha158_csi300_custom_step0_s_20260408_14,d7c6074fe9334c5fa3790f178d8b36ed,,,
2026-04-08,SZ000157,-0.09403630669641656,EXP_DEnsembleModel_Alpha158_csi300_custom_step0_s_20260408_14,d7c6074fe9334c5fa3790f178d8b36ed,,,
2026-04-08,SZ000166,-0.04252214002369201,EXP_DEnsembleModel_Alpha158_csi300_custom_step0_s_20260408_14,d7c6074fe9334c5fa3790f178d8b36ed,,,
2026-04-08,SZ000301,-0.06429330627100434,EXP_DEnsembleModel_Alpha158_csi300_custom_step0_s_20260408_14,d7c6074fe9334c5fa3790f178d8b36ed,,,
2026-04-08,SZ000333,0.02425680279871039,EXP_DEnsembleModel_Alpha158_csi300_custom_step0_s_20260408_14,d7c6074fe9334c5fa3790f178d8b36ed,,,
2026-04-08,SZ000338,-0.07512238218872155,EXP_DEnsembleModel_Alpha158_csi300_custom_step0_s_20260408_14,d7c6074fe9334c5fa3790f178d8b36ed,,,
2026-04-08,SZ000408,-0.01941469629521333,EXP_DEnsembleModel_Alpha158_csi300_custom_step0_s_20260408_14,d7c6074fe9334c5fa3790f178d8b36ed,,,
2026-04-08,SZ000425,-0.0796452750295009,EXP_DEnsembleModel_Alpha158_csi300_custom_step0_s_20260408_14,d7c6074fe9334c5fa3790f178d8b36ed,,,
2026-04-08,SZ000538,0.045506077430170946,EXP_DEnsembleModel_Alpha158_csi300_custom_step0_s_20260408_14,d7c6074fe9334c5fa3790f178d8b36ed,,,
2026-04-08,SZ000568,0.02409386898322023,EXP_DEnsembleModel_Alpha158_csi300_custom_step0_s_20260408_14,d7c6074fe9334c5fa3790f178d8b36ed,,,
2026-04-08,SZ000596,0.03362042422451269,EXP_DEnsembleModel_Alpha158_csi300_custom_step0_s_20260408_14,d7c6074fe9334c5fa3790f178d8b36ed,,,
2026-04-08,SZ000063,-0.08374969312684151,EXP_DEnsembleModel_Alpha158_csi300_custom_step0_s_20260408_14,d7c6074fe9334c5fa3790f178d8b36ed,,,
2026-04-08,SZ000617,-0.020751774436230615,EXP_DEnsembleModel_Alpha158_csi300_custom_step0_s_20260408_14,d7c6074fe9334c5fa3790f178d8b36ed,,,
2026-04-08,SH688111,-0.056423679987565895,EXP_DEnsembleModel_Alpha158_csi300_custom_step0_s_20260408_14,d7c6074fe9334c5fa3790f178d8b36ed,,,
2026-04-08,SH688047,-0.11994184425355305,EXP_DEnsembleModel_Alpha158_csi300_custom_step0_s_20260408_14,d7c6074fe9334c5fa3790f178d8b36ed,,,
2026-04-08,SH601985,-0.04238504237201442,EXP_DEnsembleModel_Alpha158_csi300_custom_step0_s_20260408_14,d7c6074fe9334c5fa3790f178d8b36ed,,,
2026-04-08,SH601988,0.004157814947655029,EXP_DEnsembleModel_Alpha158_csi300_custom_step0_s_20260408_14,d7c6074fe9334c5fa3790f178d8b36ed,,,
2026-04-08,SH601995,-0.04877652258925674,EXP_DEnsembleModel_Alpha158_csi300_custom_step0_s_20260408_14,d7c6074fe9334c5fa3790f178d8b36ed,,,
2026-04-08,SH601998,0.05578274877948473,EXP_DEnsembleModel_Alpha158_csi300_custom_step0_s_20260408_14,d7c6074fe9334c5fa3790f178d8b36ed,,,
2026-04-08,SH603019,-0.10694618950722586,EXP_DEnsembleModel_Alpha158_csi300_custom_step0_s_20260408_14,d7c6074fe9334c5fa3790f178d8b36ed,,,
2026-04-08,SH603195,0.01872864024561346,EXP_DEnsembleModel_Alpha158_csi300_custom_step0_s_20260408_14,d7c6074fe9334c5fa3790f178d8b36ed,,,
2026-04-08,SH603259,-0.018973482530362514,EXP_DEnsembleModel_Alpha158_csi300_custom_step0_s_20260408_14,d7c6074fe9334c5fa3790f178d8b36ed,,,
2026-04-08,SH603260,-0.013652108900721526,EXP_DEnsembleModel_Alpha158_csi300_custom_step0_s_20260408_14,d7c6074fe9334c5fa3790f178d8b36ed,,,
2026-04-08,SH603288,0.07790819286871904,EXP_DEnsembleModel_Alpha158_csi300_custom_step0_s_20260408_14,d7c6074fe9334c5fa3790f178d8b36ed,,,
2026-04-08,SH603296,-0.07248589404392274,EXP_DEnsembleModel_Alpha158_csi300_custom_step0_s_20260408_14,d7c6074fe9334c5fa3790f178d8b36ed,,,
2026-04-08,SH603369,-0.07974834240369165,EXP_DEnsembleModel_Alpha158_csi300_custom_step0_s_20260408_14,d7c6074fe9334c5fa3790f178d8b36ed,,,
2026-04-08,SH688082,0.028958643241493814,EXP_DEnsembleModel_Alpha158_csi300_custom_step0_s_20260408_14,d7c6074fe9334c5fa3790f178d8b36ed,,,
2026-04-08,SH603392,-0.06333881749523981,EXP_DEnsembleModel_Alpha158_csi300_custom_step0_s_20260408_14,d7c6074fe9334c5fa3790f178d8b36ed,,,
2026-04-08,SH603799,0.1163538847130358,EXP_DEnsembleModel_Alpha158_csi300_custom_step0_s_20260408_14,d7c6074fe9334c5fa3790f178d8b36ed,,,
2026-04-08,SH603893,-0.01017702476430969,EXP_DEnsembleModel_Alpha158_csi300_custom_step0_s_20260408_14,d7c6074fe9334c5fa3790f178d8b36ed,,,
2026-04-08,SH603986,-0.04076625137963182,EXP_DEnsembleModel_Alpha158_csi300_custom_step0_s_20260408_14,d7c6074fe9334c5fa3790f178d8b36ed,,,
2026-04-08,SH603993,0.06796988522566107,EXP_DEnsembleModel_Alpha158_csi300_custom_step0_s_20260408_14,d7c6074fe9334c5fa3790f178d8b36ed,,,
2026-04-08,SH605117,0.10562877316305544,EXP_DEnsembleModel_Alpha158_csi300_custom_step0_s_20260408_14,d7c6074fe9334c5fa3790f178d8b36ed,,,
2026-04-08,SH605499,-0.0011742368382448248,EXP_DEnsembleModel_Alpha158_csi300_custom_step0_s_20260408_14,d7c6074fe9334c5fa3790f178d8b36ed,,,
2026-04-08,SH688008,-0.07313439790583796,EXP_DEnsembleModel_Alpha158_csi300_custom_step0_s_20260408_14,d7c6074fe9334c5fa3790f178d8b36ed,,,
2026-04-08,SH688009,-0.012996953567753489,EXP_DEnsembleModel_Alpha158_csi300_custom_step0_s_20260408_14,d7c6074fe9334c5fa3790f178d8b36ed,,,
2026-04-08,SH688012,-0.08182789635908366,EXP_DEnsembleModel_Alpha158_csi300_custom_step0_s_20260408_14,d7c6074fe9334c5fa3790f178d8b36ed,,,
2026-04-08,SH688036,-0.12844699134679227,EXP_DEnsembleModel_Alpha158_csi300_custom_step0_s_20260408_14,d7c6074fe9334c5fa3790f178d8b36ed,,,
2026-04-08,SH688041,-0.04246536291448761,EXP_DEnsembleModel_Alpha158_csi300_custom_step0_s_20260408_14,d7c6074fe9334c5fa3790f178d8b36ed,,,
2026-04-08,SH603501,-0.12606975406791518,EXP_DEnsembleModel_Alpha158_csi300_custom_step0_s_20260408_14,d7c6074fe9334c5fa3790f178d8b36ed,,,
2026-04-08,SZ000625,-0.04363108666703009,EXP_DEnsembleModel_Alpha158_csi300_custom_step0_s_20260408_14,d7c6074fe9334c5fa3790f178d8b36ed,,,
2026-04-08,SZ000630,0.0792241625039343,EXP_DEnsembleModel_Alpha158_csi300_custom_step0_s_20260408_14,d7c6074fe9334c5fa3790f178d8b36ed,,,
2026-04-08,SZ000651,0.0853299201412467,EXP_DEnsembleModel_Alpha158_csi300_custom_step0_s_20260408_14,d7c6074fe9334c5fa3790f178d8b36ed,,,
2026-04-08,SZ002236,-0.08522570363061457,EXP_DEnsembleModel_Alpha158_csi300_custom_step0_s_20260408_14,d7c6074fe9334c5fa3790f178d8b36ed,,,
2026-04-08,SZ002241,-0.07688022473959678,EXP_DEnsembleModel_Alpha158_csi300_custom_step0_s_20260408_14,d7c6074fe9334c5fa3790f178d8b36ed,,,
2026-04-08,SZ002252,-0.029745070747044026,EXP_DEnsembleModel_Alpha158_csi300_custom_step0_s_20260408_14,d7c6074fe9334c5fa3790f178d8b36ed,,,
2026-04-08,SZ002304,0.03577768653227674,EXP_DEnsembleModel_Alpha158_csi300_custom_step0_s_20260408_14,d7c6074fe9334c5fa3790f178d8b36ed,,,
2026-04-08,SZ002311,0.044109800678171274,EXP_DEnsembleModel_Alpha158_csi300_custom_step0_s_20260408_14,d7c6074fe9334c5fa3790f178d8b36ed,,,
2026-04-08,SZ002352,0.057722860803632266,EXP_DEnsembleModel_Alpha158_csi300_custom_step0_s_20260408_14,d7c6074fe9334c5fa3790f178d8b36ed,,,
2026-04-08,SZ002371,-0.0938443516699188,EXP_DEnsembleModel_Alpha158_csi300_custom_step0_s_20260408_14,d7c6074fe9334c5fa3790f178d8b36ed,,,
2026-04-08,SZ002384,-0.08799272230469904,EXP_DEnsembleModel_Alpha158_csi300_custom_step0_s_20260408_14,d7c6074fe9334c5fa3790f178d8b36ed,,,
2026-04-08,SZ002415,-0.01359908326097941,EXP_DEnsembleModel_Alpha158_csi300_custom_step0_s_20260408_14,d7c6074fe9334c5fa3790f178d8b36ed,,,
2026-04-08,SZ002422,-0.018117173443716814,EXP_DEnsembleModel_Alpha158_csi300_custom_step0_s_20260408_14,d7c6074fe9334c5fa3790f178d8b36ed,,,
2026-04-08,SZ002459,-0.15649689099189537,EXP_DEnsembleModel_Alpha158_csi300_custom_step0_s_20260408_14,d7c6074fe9334c5fa3790f178d8b36ed,,,
2026-04-08,SZ002230,-0.06969422511296959,EXP_DEnsembleModel_Alpha158_csi300_custom_step0_s_20260408_14,d7c6074fe9334c5fa3790f178d8b36ed,,,
2026-04-08,SZ002460,0.12303803331640269,EXP_DEnsembleModel_Alpha158_csi300_custom_step0_s_20260408_14,d7c6074fe9334c5fa3790f178d8b36ed,,,
2026-04-08,SZ002466,0.03687762881261412,EXP_DEnsembleModel_Alpha158_csi300_custom_step0_s_20260408_14,d7c6074fe9334c5fa3790f178d8b36ed,,,
2026-04-08,SZ002475,-0.01665152744348913,EXP_DEnsembleModel_Alpha158_csi300_custom_step0_s_20260408_14,d7c6074fe9334c5fa3790f178d8b36ed,,,
2026-04-08,SZ002493,0.06426771836811128,EXP_DEnsembleModel_Alpha158_csi300_custom_step0_s_20260408_14,d7c6074fe9334c5fa3790f178d8b36ed,,,
2026-04-08,SZ002594,-0.01310483678569445,EXP_DEnsembleModel_Alpha158_csi300_custom_step0_s_20260408_14,d7c6074fe9334c5fa3790f178d8b36ed,,,
2026-04-08,SZ002600,-0.147039580173883,EXP_DEnsembleModel_Alpha158_csi300_custom_step0_s_20260408_14,d7c6074fe9334c5fa3790f178d8b36ed,,,
2026-04-08,SZ002601,0.05943808094901589,EXP_DEnsembleModel_Alpha158_csi300_custom_step0_s_20260408_14,d7c6074fe9334c5fa3790f178d8b36ed,,,
2026-04-08,SZ002625,-0.09443566203216609,EXP_DEnsembleModel_Alpha158_csi300_custom_step0_s_20260408_14,d7c6074fe9334c5fa3790f178d8b36ed,,,
2026-04-08,SZ002648,-0.04432366429111965,EXP_DEnsembleModel_Alpha158_csi300_custom_step0_s_20260408_14,d7c6074fe9334c5fa3790f178d8b36ed,,,
2026-04-08,SZ002709,-0.019071802989134346,EXP_DEnsembleModel_Alpha158_csi300_custom_step0_s_20260408_14,d7c6074fe9334c5fa3790f178d8b36ed,,,
2026-04-08,SZ002714,0.03335827031969642,EXP_DEnsembleModel_Alpha158_csi300_custom_step0_s_20260408_14,d7c6074fe9334c5fa3790f178d8b36ed,,,
2026-04-08,SZ002736,-0.08780878773321255,EXP_DEnsembleModel_Alpha158_csi300_custom_step0_s_20260408_14,d7c6074fe9334c5fa3790f178d8b36ed,,,
2026-04-08,SZ002463,-0.0555600002181168,EXP_DEnsembleModel_Alpha158_csi300_custom_step0_s_20260408_14,d7c6074fe9334c5fa3790f178d8b36ed,,,
2026-04-08,SZ002179,-0.06835928782339407,EXP_DEnsembleModel_Alpha158_csi300_custom_step0_s_20260408_14,d7c6074fe9334c5fa3790f178d8b36ed,,,
2026-04-08,SZ002142,0.025146046435709574,EXP_DEnsembleModel_Alpha158_csi300_custom_step0_s_20260408_14,d7c6074fe9334c5fa3790f178d8b36ed,,,
2026-04-08,SZ002074,-0.0387574216450688,EXP_DEnsembleModel_Alpha158_csi300_custom_step0_s_20260408_14,d7c6074fe9334c5fa3790f178d8b36ed,,,
2026-04-08,SZ000661,-0.012141303640610225,EXP_DEnsembleModel_Alpha158_csi300_custom_step0_s_20260408_14,d7c6074fe9334c5fa3790f178d8b36ed,,,
2026-04-08,SZ000708,-0.06781089351642812,EXP_DEnsembleModel_Alpha158_csi300_custom_step0_s_20260408_14,d7c6074fe9334c5fa3790f178d8b36ed,,,
2026-04-08,SZ000725,-0.0033340343390131145,EXP_DEnsembleModel_Alpha158_csi300_custom_step0_s_20260408_14,d7c6074fe9334c5fa3790f178d8b36ed,,,
2026-04-08,SZ000768,0.03138209733194068,EXP_DEnsembleModel_Alpha158_csi300_custom_step0_s_20260408_14,d7c6074fe9334c5fa3790f178d8b36ed,,,
2026-04-08,SZ000776,-0.08584005647414368,EXP_DEnsembleModel_Alpha158_csi300_custom_step0_s_20260408_14,d7c6074fe9334c5fa3790f178d8b36ed,,,
2026-04-08,SZ000786,-0.025227429366192263,EXP_DEnsembleModel_Alpha158_csi300_custom_step0_s_20260408_14,d7c6074fe9334c5fa3790f178d8b36ed,,,
2026-04-08,SZ000792,-0.11110766063858332,EXP_DEnsembleModel_Alpha158_csi300_custom_step0_s_20260408_14,d7c6074fe9334c5fa3790f178d8b36ed,,,
2026-04-08,SZ000807,-0.15643001894359812,EXP_DEnsembleModel_Alpha158_csi300_custom_step0_s_20260408_14,d7c6074fe9334c5fa3790f178d8b36ed,,,
2026-04-08,SZ000858,0.10912997293027907,EXP_DEnsembleModel_Alpha158_csi300_custom_step0_s_20260408_14,d7c6074fe9334c5fa3790f178d8b36ed,,,
2026-04-08,SZ000876,0.0354772598651132,EXP_DEnsembleModel_Alpha158_csi300_custom_step0_s_20260408_14,d7c6074fe9334c5fa3790f178d8b36ed,,,
2026-04-08,SZ000895,0.054358180842435315,EXP_DEnsembleModel_Alpha158_csi300_custom_step0_s_20260408_14,d7c6074fe9334c5fa3790f178d8b36ed,,,
2026-04-08,SZ000938,-0.09235665047290484,EXP_DEnsembleModel_Alpha158_csi300_custom_step0_s_20260408_14,d7c6074fe9334c5fa3790f178d8b36ed,,,
2026-04-08,SZ000963,-0.046981457025460145,EXP_DEnsembleModel_Alpha158_csi300_custom_step0_s_20260408_14,d7c6074fe9334c5fa3790f178d8b36ed,,,
2026-04-08,SZ000975,-0.007321413003180966,EXP_DEnsembleModel_Alpha158_csi300_custom_step0_s_20260408_14,d7c6074fe9334c5fa3790f178d8b36ed,,,
2026-04-08,SZ000977,0.07988153716506684,EXP_DEnsembleModel_Alpha158_csi300_custom_step0_s_20260408_14,d7c6074fe9334c5fa3790f178d8b36ed,,,
2026-04-08,SZ000983,-0.0922695762568194,EXP_DEnsembleModel_Alpha158_csi300_custom_step0_s_20260408_14,d7c6074fe9334c5fa3790f178d8b36ed,,,
2026-04-08,SZ000999,0.03424147143749637,EXP_DEnsembleModel_Alpha158_csi300_custom_step0_s_20260408_14,d7c6074fe9334c5fa3790f178d8b36ed,,,
2026-04-08,SZ001391,-0.02793649232129613,EXP_DEnsembleModel_Alpha158_csi300_custom_step0_s_20260408_14,d7c6074fe9334c5fa3790f178d8b36ed,,,
2026-04-08,SZ001965,0.010698268791516969,EXP_DEnsembleModel_Alpha158_csi300_custom_step0_s_20260408_14,d7c6074fe9334c5fa3790f178d8b36ed,,,
2026-04-08,SZ001979,-0.0716963841973541,EXP_DEnsembleModel_Alpha158_csi300_custom_step0_s_20260408_14,d7c6074fe9334c5fa3790f178d8b36ed,,,
2026-04-08,SZ002001,-0.21075888746049876,EXP_DEnsembleModel_Alpha158_csi300_custom_step0_s_20260408_14,d7c6074fe9334c5fa3790f178d8b36ed,,,
2026-04-08,SZ002027,-0.06452505361186289,EXP_DEnsembleModel_Alpha158_csi300_custom_step0_s_20260408_14,d7c6074fe9334c5fa3790f178d8b36ed,,,
2026-04-08,SZ002028,-0.04773153944389267,EXP_DEnsembleModel_Alpha158_csi300_custom_step0_s_20260408_14,d7c6074fe9334c5fa3790f178d8b36ed,,,
2026-04-08,SZ002049,-0.07829769632934076,EXP_DEnsembleModel_Alpha158_csi300_custom_step0_s_20260408_14,d7c6074fe9334c5fa3790f178d8b36ed,,,
2026-04-08,SZ002050,-0.0842971915177565,EXP_DEnsembleModel_Alpha158_csi300_custom_step0_s_20260408_14,d7c6074fe9334c5fa3790f178d8b36ed,,,
2026-04-08,SH600905,-0.002938853809610009,EXP_XGBModel_Alpha158_csi300_custom_step0_s_20260408_13,db69e2c872d444f18b58478652f44874,,,
2026-04-08,SH601939,0.0847847966753408,EXP_DEnsembleModel_Alpha158_csi300_custom_step0_s_20260408_14,d7c6074fe9334c5fa3790f178d8b36ed,,,
2026-04-08,SH600918,-0.0019602570682764053,EXP_XGBModel_Alpha158_csi300_custom_step0_s_20260408_13,db69e2c872d444f18b58478652f44874,,,
2026-04-08,SH600926,0.041739121079444885,EXP_XGBModel_Alpha158_csi300_custom_step0_s_20260408_13,db69e2c872d444f18b58478652f44874,,,
2026-04-08,SZ000895,0.019258012995123863,EXP_XGBModel_Alpha158_csi300_custom_step0_s_20260408_13,db69e2c872d444f18b58478652f44874,,,
2026-04-08,SZ000938,0.0009461145382374525,EXP_XGBModel_Alpha158_csi300_custom_step0_s_20260408_13,db69e2c872d444f18b58478652f44874,,,
2026-04-08,SZ000963,0.0004685657622758299,EXP_XGBModel_Alpha158_csi300_custom_step0_s_20260408_13,db69e2c872d444f18b58478652f44874,,,
2026-04-08,SZ000975,-0.19257107377052307,EXP_XGBModel_Alpha158_csi300_custom_step0_s_20260408_13,db69e2c872d444f18b58478652f44874,,,
2026-04-08,SZ000977,-0.03573073446750641,EXP_XGBModel_Alpha158_csi300_custom_step0_s_20260408_13,db69e2c872d444f18b58478652f44874,,,
2026-04-08,SZ000983,-0.04090750962495804,EXP_XGBModel_Alpha158_csi300_custom_step0_s_20260408_13,db69e2c872d444f18b58478652f44874,,,
2026-04-08,SZ000999,0.02783769927918911,EXP_XGBModel_Alpha158_csi300_custom_step0_s_20260408_13,db69e2c872d444f18b58478652f44874,,,
2026-04-08,SZ001391,0.015070595778524876,EXP_XGBModel_Alpha158_csi300_custom_step0_s_20260408_13,db69e2c872d444f18b58478652f44874,,,
2026-04-08,SZ001965,-0.03188929334282875,EXP_XGBModel_Alpha158_csi300_custom_step0_s_20260408_13,db69e2c872d444f18b58478652f44874,,,
2026-04-08,SZ001979,-0.02316609025001526,EXP_XGBModel_Alpha158_csi300_custom_step0_s_20260408_13,db69e2c872d444f18b58478652f44874,,,
2026-04-08,SZ002001,-0.07404167950153351,EXP_XGBModel_Alpha158_csi300_custom_step0_s_20260408_13,db69e2c872d444f18b58478652f44874,,,
2026-04-08,SZ000876,0.023566843941807747,EXP_XGBModel_Alpha158_csi300_custom_step0_s_20260408_13,db69e2c872d444f18b58478652f44874,,,
2026-04-08,SZ002027,-0.00828684400767088,EXP_XGBModel_Alpha158_csi300_custom_step0_s_20260408_13,db69e2c872d444f18b58478652f44874,,,
2026-04-08,SZ002049,0.07808490842580795,EXP_XGBModel_Alpha158_csi300_custom_step0_s_20260408_13,db69e2c872d444f18b58478652f44874,,,
2026-04-08,SZ002050,-0.0059624831192195415,EXP_XGBModel_Alpha158_csi300_custom_step0_s_20260408_13,db69e2c872d444f18b58478652f44874,,,
2026-04-08,SZ002074,-0.10385008901357651,EXP_XGBModel_Alpha158_csi300_custom_step0_s_20260408_13,db69e2c872d444f18b58478652f44874,,,
2026-04-08,SZ002142,0.019333695992827415,EXP_XGBModel_Alpha158_csi300_custom_step0_s_20260408_13,db69e2c872d444f18b58478652f44874,,,
2026-04-08,SZ002179,-0.048149146139621735,EXP_XGBModel_Alpha158_csi300_custom_step0_s_20260408_13,db69e2c872d444f18b58478652f44874,,,
2026-04-08,SZ002230,0.05529674515128136,EXP_XGBModel_Alpha158_csi300_custom_step0_s_20260408_13,db69e2c872d444f18b58478652f44874,,,
2026-04-08,SZ002236,-0.05563044548034668,EXP_XGBModel_Alpha158_csi300_custom_step0_s_20260408_13,db69e2c872d444f18b58478652f44874,,,
2026-04-08,SZ002241,-0.06429451704025269,EXP_XGBModel_Alpha158_csi300_custom_step0_s_20260408_13,db69e2c872d444f18b58478652f44874,,,
2026-04-08,SZ002252,0.005858941003680229,EXP_XGBModel_Alpha158_csi300_custom_step0_s_20260408_13,db69e2c872d444f18b58478652f44874,,,
2026-04-08,SZ002304,0.020911484956741333,EXP_XGBModel_Alpha158_csi300_custom_step0_s_20260408_13,db69e2c872d444f18b58478652f44874,,,
2026-04-08,SZ002311,-0.0012349740136414766,EXP_XGBModel_Alpha158_csi300_custom_step0_s_20260408_13,db69e2c872d444f18b58478652f44874,,,
2026-04-08,SZ002028,-0.01085883378982544,EXP_XGBModel_Alpha158_csi300_custom_step0_s_20260408_13,db69e2c872d444f18b58478652f44874,,,
2026-04-08,SZ002352,0.024133438244462013,EXP_XGBModel_Alpha158_csi300_custom_step0_s_20260408_13,db69e2c872d444f18b58478652f44874,,,
2026-04-08,SZ000858,0.025057850405573845,EXP_XGBModel_Alpha158_csi300_custom_step0_s_20260408_13,db69e2c872d444f18b58478652f44874,,,
2026-04-08,SZ000792,-0.013464496470987797,EXP_XGBModel_Alpha158_csi300_custom_step0_s_20260408_13,db69e2c872d444f18b58478652f44874,,,
2026-04-08,SZ000001,0.036887068301439285,EXP_XGBModel_Alpha158_csi300_custom_step0_s_20260408_13,db69e2c872d444f18b58478652f44874,,,
2026-04-08,SZ000002,-0.01638997532427311,EXP_XGBModel_Alpha158_csi300_custom_step0_s_20260408_13,db69e2c872d444f18b58478652f44874,,,
2026-04-08,SZ000063,-0.04094550758600235,EXP_XGBModel_Alpha158_csi300_custom_step0_s_20260408_13,db69e2c872d444f18b58478652f44874,,,
2026-04-08,SZ000100,-0.04310645908117294,EXP_XGBModel_Alpha158_csi300_custom_step0_s_20260408_13,db69e2c872d444f18b58478652f44874,,,
2026-04-08,SZ000157,-0.08370638638734818,EXP_XGBModel_Alpha158_csi300_custom_step0_s_20260408_13,db69e2c872d444f18b58478652f44874,,,
2026-04-08,SZ000166,0.011559761129319668,EXP_XGBModel_Alpha158_csi300_custom_step0_s_20260408_13,db69e2c872d444f18b58478652f44874,,,
2026-04-08,SZ000301,-0.006905736867338419,EXP_XGBModel_Alpha158_csi300_custom_step0_s_20260408_13,db69e2c872d444f18b58478652f44874,,,
2026-04-08,SZ000333,-0.0016489160479977727,EXP_XGBModel_Alpha158_csi300_custom_step0_s_20260408_13,db69e2c872d444f18b58478652f44874,,,
2026-04-08,SZ000338,-0.03259798139333725,EXP_XGBModel_Alpha158_csi300_custom_step0_s_20260408_13,db69e2c872d444f18b58478652f44874,,,
2026-04-08,SZ000408,0.006372252944856882,EXP_XGBModel_Alpha158_csi300_custom_step0_s_20260408_13,db69e2c872d444f18b58478652f44874,,,
2026-04-08,SZ000425,-0.036060038954019547,EXP_XGBModel_Alpha158_csi300_custom_step0_s_20260408_13,db69e2c872d444f18b58478652f44874,,,
2026-04-08,SZ000807,-0.08116525411605835,EXP_XGBModel_Alpha158_csi300_custom_step0_s_20260408_13,db69e2c872d444f18b58478652f44874,,,
2026-04-08,SZ000538,0.017778947949409485,EXP_XGBModel_Alpha158_csi300_custom_step0_s_20260408_13,db69e2c872d444f18b58478652f44874,,,
2026-04-08,SZ000596,-0.001343347830697894,EXP_XGBModel_Alpha158_csi300_custom_step0_s_20260408_13,db69e2c872d444f18b58478652f44874,,,
2026-04-08,SZ000617,-0.03193076699972153,EXP_XGBModel_Alpha158_csi300_custom_step0_s_20260408_13,db69e2c872d444f18b58478652f44874,,,
2026-04-08,SZ000625,0.007339992560446262,EXP_XGBModel_Alpha158_csi300_custom_step0_s_20260408_13,db69e2c872d444f18b58478652f44874,,,
2026-04-08,SZ000630,0.29538559913635254,EXP_XGBModel_Alpha158_csi300_custom_step0_s_20260408_13,db69e2c872d444f18b58478652f44874,,,
2026-04-08,SZ000651,0.021334242075681686,EXP_XGBModel_Alpha158_csi300_custom_step0_s_20260408_13,db69e2c872d444f18b58478652f44874,,,
2026-04-08,SZ000661,0.017737535759806633,EXP_XGBModel_Alpha158_csi300_custom_step0_s_20260408_13,db69e2c872d444f18b58478652f44874,,,
2026-04-08,SZ000708,-0.02339058555662632,EXP_XGBModel_Alpha158_csi300_custom_step0_s_20260408_13,db69e2c872d444f18b58478652f44874,,,
2026-04-08,SZ000725,0.0045295702293515205,EXP_XGBModel_Alpha158_csi300_custom_step0_s_20260408_13,db69e2c872d444f18b58478652f44874,,,
2026-04-08,SZ000768,0.03231964260339737,EXP_XGBModel_Alpha158_csi300_custom_step0_s_20260408_13,db69e2c872d444f18b58478652f44874,,,
2026-04-08,SZ000776,-0.012365900911390781,EXP_XGBModel_Alpha158_csi300_custom_step0_s_20260408_13,db69e2c872d444f18b58478652f44874,,,
2026-04-08,SZ000786,0.0065058027394115925,EXP_XGBModel_Alpha158_csi300_custom_step0_s_20260408_13,db69e2c872d444f18b58478652f44874,,,
2026-04-08,SZ000568,0.02706080861389637,EXP_XGBModel_Alpha158_csi300_custom_step0_s_20260408_13,db69e2c872d444f18b58478652f44874,,,
2026-04-08,SH688981,-0.0684194266796112,EXP_XGBModel_Alpha158_csi300_custom_step0_s_20260408_13,db69e2c872d444f18b58478652f44874,,,
2026-04-08,SZ002371,-0.06207885220646858,EXP_XGBModel_Alpha158_csi300_custom_step0_s_20260408_13,db69e2c872d444f18b58478652f44874,,,
2026-04-08,SZ002415,0.015862714499235153,EXP_XGBModel_Alpha158_csi300_custom_step0_s_20260408_13,db69e2c872d444f18b58478652f44874,,,
2026-04-08,SZ300316,0.14126691222190857,EXP_XGBModel_Alpha158_csi300_custom_step0_s_20260408_13,db69e2c872d444f18b58478652f44874,,,
2026-04-08,SZ300347,0.028217673301696777,EXP_XGBModel_Alpha158_csi300_custom_step0_s_20260408_13,db69e2c872d444f18b58478652f44874,,,
2026-04-08,SZ300394,0.03433649241924286,EXP_XGBModel_Alpha158_csi300_custom_step0_s_20260408_13,db69e2c872d444f18b58478652f44874,,,
2026-04-08,SZ300408,0.014374841004610062,EXP_XGBModel_Alpha158_csi300_custom_step0_s_20260408_13,db69e2c872d444f18b58478652f44874,,,
2026-04-08,SZ300413,0.13563387095928192,EXP_XGBModel_Alpha158_csi300_custom_step0_s_20260408_13,db69e2c872d444f18b58478652f44874,,,
2026-04-08,SZ300418,-0.08356701582670212,EXP_XGBModel_Alpha158_csi300_custom_step0_s_20260408_13,db69e2c872d444f18b58478652f44874,,,
2026-04-08,SZ300433,-0.045918550342321396,EXP_XGBModel_Alpha158_csi300_custom_step0_s_20260408_13,db69e2c872d444f18b58478652f44874,,,
2026-04-08,SZ300442,-0.13511128723621368,EXP_XGBModel_Alpha158_csi300_custom_step0_s_20260408_13,db69e2c872d444f18b58478652f44874,,,
2026-04-08,SZ300476,-0.01318393275141716,EXP_XGBModel_Alpha158_csi300_custom_step0_s_20260408_13,db69e2c872d444f18b58478652f44874,,,
2026-04-08,SZ300498,-0.014772167429327965,EXP_XGBModel_Alpha158_csi300_custom_step0_s_20260408_13,db69e2c872d444f18b58478652f44874,,,
2026-04-08,SZ300502,-0.34196120500564575,EXP_XGBModel_Alpha158_csi300_custom_step0_s_20260408_13,db69e2c872d444f18b58478652f44874,,,
2026-04-08,SZ300308,0.057181622833013535,EXP_XGBModel_Alpha158_csi300_custom_step0_s_20260408_13,db69e2c872d444f18b58478652f44874,,,
2026-04-08,SZ300628,-0.029521774500608444,EXP_XGBModel_Alpha158_csi300_custom_step0_s_20260408_13,db69e2c872d444f18b58478652f44874,,,
2026-04-08,SZ300750,-0.030079711228609085,EXP_XGBModel_Alpha158_csi300_custom_step0_s_20260408_13,db69e2c872d444f18b58478652f44874,,,
2026-04-08,SZ300759,0.027965936809778214,EXP_XGBModel_Alpha158_csi300_custom_step0_s_20260408_13,db69e2c872d444f18b58478652f44874,,,
2026-04-08,SZ300760,-0.05511267110705376,EXP_XGBModel_Alpha158_csi300_custom_step0_s_20260408_13,db69e2c872d444f18b58478652f44874,,,
2026-04-08,SZ300782,0.020421428605914116,EXP_XGBModel_Alpha158_csi300_custom_step0_s_20260408_13,db69e2c872d444f18b58478652f44874,,,
2026-04-08,SZ300803,-0.11435434222221375,EXP_XGBModel_Alpha158_csi300_custom_step0_s_20260408_13,db69e2c872d444f18b58478652f44874,,,
2026-04-08,SZ300832,-0.028930889442563057,EXP_XGBModel_Alpha158_csi300_custom_step0_s_20260408_13,db69e2c872d444f18b58478652f44874,,,
2026-04-08,SZ300866,-0.0422525592148304,EXP_XGBModel_Alpha158_csi300_custom_step0_s_20260408_13,db69e2c872d444f18b58478652f44874,,,
2026-04-08,SZ300896,-0.027422232553362846,EXP_XGBModel_Alpha158_csi300_custom_step0_s_20260408_13,db69e2c872d444f18b58478652f44874,,,
2026-04-08,SZ300979,0.01200869120657444,EXP_XGBModel_Alpha158_csi300_custom_step0_s_20260408_13,db69e2c872d444f18b58478652f44874,,,
2026-04-08,SZ300999,-0.010557672008872032,EXP_XGBModel_Alpha158_csi300_custom_step0_s_20260408_13,db69e2c872d444f18b58478652f44874,,,
2026-04-08,SZ301236,0.030242295935750008,EXP_XGBModel_Alpha158_csi300_custom_step0_s_20260408_13,db69e2c872d444f18b58478652f44874,,,
2026-04-08,SZ300661,-0.020556284114718437,EXP_XGBModel_Alpha158_csi300_custom_step0_s_20260408_13,db69e2c872d444f18b58478652f44874,,,
2026-04-08,SZ002384,0.4967961311340332,EXP_XGBModel_Alpha158_csi300_custom_step0_s_20260408_13,db69e2c872d444f18b58478652f44874,,,
2026-04-08,SZ300274,0.03997117280960083,EXP_XGBModel_Alpha158_csi300_custom_step0_s_20260408_13,db69e2c872d444f18b58478652f44874,,,
2026-04-08,SZ300124,-0.017556900158524513,EXP_XGBModel_Alpha158_csi300_custom_step0_s_20260408_13,db69e2c872d444f18b58478652f44874,,,
2026-04-08,SZ002422,-0.0011287466622889042,EXP_XGBModel_Alpha158_csi300_custom_step0_s_20260408_13,db69e2c872d444f18b58478652f44874,,,
2026-04-08,SZ002459,-0.0716588944196701,EXP_XGBModel_Alpha158_csi300_custom_step0_s_20260408_13,db69e2c872d444f18b58478652f44874,,,
2026-04-08,SZ002460,-0.023037878796458244,EXP_XGBModel_Alpha158_csi300_custom_step0_s_20260408_13,db69e2c872d444f18b58478652f44874,,,
2026-04-08,SZ002463,-0.06561177968978882,EXP_XGBModel_Alpha158_csi300_custom_step0_s_20260408_13,db69e2c872d444f18b58478652f44874,,,
2026-04-08,SZ002466,-0.010485994629561901,EXP_XGBModel_Alpha158_csi300_custom_step0_s_20260408_13,db69e2c872d444f18b58478652f44874,,,
2026-04-08,SZ002475,-0.033950503915548325,EXP_XGBModel_Alpha158_csi300_custom_step0_s_20260408_13,db69e2c872d444f18b58478652f44874,,,
2026-04-08,SZ002493,0.05859174206852913,EXP_XGBModel_Alpha158_csi300_custom_step0_s_20260408_13,db69e2c872d444f18b58478652f44874,,,
2026-04-08,SZ002594,-0.01793726161122322,EXP_XGBModel_Alpha158_csi300_custom_step0_s_20260408_13,db69e2c872d444f18b58478652f44874,,,
2026-04-08,SZ002600,-0.02779124304652214,EXP_XGBModel_Alpha158_csi300_custom_step0_s_20260408_13,db69e2c872d444f18b58478652f44874,,,
2026-04-08,SZ002601,0.04131939634680748,EXP_XGBModel_Alpha158_csi300_custom_step0_s_20260408_13,db69e2c872d444f18b58478652f44874,,,
2026-04-08,SZ002625,-0.0036610306706279516,EXP_XGBModel_Alpha158_csi300_custom_step0_s_20260408_13,db69e2c872d444f18b58478652f44874,,,
2026-04-08,SZ300251,0.07368256896734238,EXP_XGBModel_Alpha158_csi300_custom_step0_s_20260408_13,db69e2c872d444f18b58478652f44874,,,
2026-04-08,SZ002648,0.015311180613934994,EXP_XGBModel_Alpha158_csi300_custom_step0_s_20260408_13,db69e2c872d444f18b58478652f44874,,,
2026-04-08,SZ002714,-0.04019845649600029,EXP_XGBModel_Alpha158_csi300_custom_step0_s_20260408_13,db69e2c872d444f18b58478652f44874,,,
2026-04-08,SZ002736,-0.012829964980483055,EXP_XGBModel_Alpha158_csi300_custom_step0_s_20260408_13,db69e2c872d444f18b58478652f44874,,,
2026-04-08,SZ002916,-0.021225564181804657,EXP_XGBModel_Alpha158_csi300_custom_step0_s_20260408_13,db69e2c872d444f18b58478652f44874,,,
2026-04-08,SZ002920,-0.011230556294322014,EXP_XGBModel_Alpha158_csi300_custom_step0_s_20260408_13,db69e2c872d444f18b58478652f44874,,,
2026-04-08,SZ002938,0.011089181527495384,EXP_XGBModel_Alpha158_csi300_custom_step0_s_20260408_13,db69e2c872d444f18b58478652f44874,,,
2026-04-08,SZ003816,0.03980531916022301,EXP_XGBModel_Alpha158_csi300_custom_step0_s_20260408_13,db69e2c872d444f18b58478652f44874,,,
2026-04-08,SZ300014,-0.09963072091341019,EXP_XGBModel_Alpha158_csi300_custom_step0_s_20260408_13,db69e2c872d444f18b58478652f44874,,,
2026-04-08,SZ300015,0.012912287376821041,EXP_XGBModel_Alpha158_csi300_custom_step0_s_20260408_13,db69e2c872d444f18b58478652f44874,,,
2026-04-08,SZ300033,-0.04975185915827751,EXP_XGBModel_Alpha158_csi300_custom_step0_s_20260408_13,db69e2c872d444f18b58478652f44874,,,
2026-04-08,SZ300059,-0.07701585441827774,EXP_XGBModel_Alpha158_csi300_custom_step0_s_20260408_13,db69e2c872d444f18b58478652f44874,,,
2026-04-08,SZ300122,-0.023196997120976448,EXP_XGBModel_Alpha158_csi300_custom_step0_s_20260408_13,db69e2c872d444f18b58478652f44874,,,
2026-04-08,SZ002709,0.007230514660477638,EXP_XGBModel_Alpha158_csi300_custom_step0_s_20260408_13,db69e2c872d444f18b58478652f44874,,,
2026-04-08,SH688506,-0.20910120010375977,EXP_XGBModel_Alpha158_csi300_custom_step0_s_20260408_13,db69e2c872d444f18b58478652f44874,,,
2026-04-08,SH688472,-0.07754907757043839,EXP_XGBModel_Alpha158_csi300_custom_step0_s_20260408_13,db69e2c872d444f18b58478652f44874,,,
2026-04-08,SH688396,0.2398303896188736,EXP_XGBModel_Alpha158_csi300_custom_step0_s_20260408_13,db69e2c872d444f18b58478652f44874,,,
2026-04-08,SH601236,-0.03617274761199951,EXP_XGBModel_Alpha158_csi300_custom_step0_s_20260408_13,db69e2c872d444f18b58478652f44874,,,
2026-04-08,SH601238,-0.018830962479114532,EXP_XGBModel_Alpha158_csi300_custom_step0_s_20260408_13,db69e2c872d444f18b58478652f44874,,,
2026-04-08,SH601288,0.0007811377290636301,EXP_XGBModel_Alpha158_csi300_custom_step0_s_20260408_13,db69e2c872d444f18b58478652f44874,,,
2026-04-08,SH601298,-0.027927447110414505,EXP_XGBModel_Alpha158_csi300_custom_step0_s_20260408_13,db69e2c872d444f18b58478652f44874,,,
2026-04-08,SH601318,-0.03156585991382599,EXP_XGBModel_Alpha158_csi300_custom_step0_s_20260408_13,db69e2c872d444f18b58478652f44874,,,
2026-04-08,SH601319,-0.06285374611616135,EXP_XGBModel_Alpha158_csi300_custom_step0_s_20260408_13,db69e2c872d444f18b58478652f44874,,,
2026-04-08,SH601328,0.0228875745087862,EXP_XGBModel_Alpha158_csi300_custom_step0_s_20260408_13,db69e2c872d444f18b58478652f44874,,,
2026-04-08,SH601336,-0.05052490532398224,EXP_XGBModel_Alpha158_csi300_custom_step0_s_20260408_13,db69e2c872d444f18b58478652f44874,,,
2026-04-08,SH601360,-0.058925677090883255,EXP_XGBModel_Alpha158_csi300_custom_step0_s_20260408_13,db69e2c872d444f18b58478652f44874,,,
2026-04-08,SH601377,-0.07367095351219177,EXP_XGBModel_Alpha158_csi300_custom_step0_s_20260408_13,db69e2c872d444f18b58478652f44874,,,
2026-04-08,SH601390,-0.03105633705854416,EXP_XGBModel_Alpha158_csi300_custom_step0_s_20260408_13,db69e2c872d444f18b58478652f44874,,,
2026-04-08,SH601229,0.018873265013098717,EXP_XGBModel_Alpha158_csi300_custom_step0_s_20260408_13,db69e2c872d444f18b58478652f44874,,,
2026-04-08,SH601398,0.012563147582113743,EXP_XGBModel_Alpha158_csi300_custom_step0_s_20260408_13,db69e2c872d444f18b58478652f44874,,,
2026-04-08,SH601600,0.08522406220436096,EXP_XGBModel_Alpha158_csi300_custom_step0_s_20260408_13,db69e2c872d444f18b58478652f44874,,,
2026-04-08,SH601601,-0.07371445000171661,EXP_XGBModel_Alpha158_csi300_custom_step0_s_20260408_13,db69e2c872d444f18b58478652f44874,,,
2026-04-08,SH601607,-0.003768440568819642,EXP_XGBModel_Alpha158_csi300_custom_step0_s_20260408_13,db69e2c872d444f18b58478652f44874,,,
2026-04-08,SH601618,-0.017229918390512466,EXP_XGBModel_Alpha158_csi300_custom_step0_s_20260408_13,db69e2c872d444f18b58478652f44874,,,
2026-04-08,SH601628,-0.08172959834337234,EXP_XGBModel_Alpha158_csi300_custom_step0_s_20260408_13,db69e2c872d444f18b58478652f44874,,,
2026-04-08,SH601633,0.02369409054517746,EXP_XGBModel_Alpha158_csi300_custom_step0_s_20260408_13,db69e2c872d444f18b58478652f44874,,,
2026-04-08,SH601658,0.02551397494971752,EXP_XGBModel_Alpha158_csi300_custom_step0_s_20260408_13,db69e2c872d444f18b58478652f44874,,,
2026-04-08,SH601668,0.031078822910785675,EXP_XGBModel_Alpha158_csi300_custom_step0_s_20260408_13,db69e2c872d444f18b58478652f44874,,,
2026-04-08,SH601669,-0.03414877504110336,EXP_XGBModel_Alpha158_csi300_custom_step0_s_20260408_13,db69e2c872d444f18b58478652f44874,,,
2026-04-08,SH601688,-0.07424753904342651,EXP_XGBModel_Alpha158_csi300_custom_step0_s_20260408_13,db69e2c872d444f18b58478652f44874,,,
2026-04-08,SH601689,0.009382963180541992,EXP_XGBModel_Alpha158_csi300_custom_step0_s_20260408_13,db69e2c872d444f18b58478652f44874,,,
2026-04-08,SH601456,0.010874050669372082,EXP_XGBModel_Alpha158_csi300_custom_step0_s_20260408_13,db69e2c872d444f18b58478652f44874,,,
2026-04-08,SH601698,-0.0004020138585474342,EXP_XGBModel_Alpha158_csi300_custom_step0_s_20260408_13,db69e2c872d444f18b58478652f44874,,,
2026-04-08,SH601225,0.02737277001142502,EXP_XGBModel_Alpha158_csi300_custom_step0_s_20260408_13,db69e2c872d444f18b58478652f44874,,,
2026-04-08,SH601186,0.011536506935954094,EXP_XGBModel_Alpha158_csi300_custom_step0_s_20260408_13,db69e2c872d444f18b58478652f44874,,,
2026-04-08,SH600930,-0.02543395385146141,EXP_XGBModel_Alpha158_csi300_custom_step0_s_20260408_13,db69e2c872d444f18b58478652f44874,,,
2026-04-08,SH600938,-0.02478366158902645,EXP_XGBModel_Alpha158_csi300_custom_step0_s_20260408_13,db69e2c872d444f18b58478652f44874,,,
2026-04-08,SH600941,0.02710309997200966,EXP_XGBModel_Alpha158_csi300_custom_step0_s_20260408_13,db69e2c872d444f18b58478652f44874,,,
2026-04-08,SH600958,0.0034406615886837244,EXP_XGBModel_Alpha158_csi300_custom_step0_s_20260408_13,db69e2c872d444f18b58478652f44874,,,
2026-04-08,SH600989,0.0644414871931076,EXP_XGBModel_Alpha158_csi300_custom_step0_s_20260408_13,db69e2c872d444f18b58478652f44874,,,
2026-04-08,SH600999,0.01573067344725132,EXP_XGBModel_Alpha158_csi300_custom_step0_s_20260408_13,db69e2c872d444f18b58478652f44874,,,
2026-04-08,SH601006,0.03038880228996277,EXP_XGBModel_Alpha158_csi300_custom_step0_s_20260408_13,db69e2c872d444f18b58478652f44874,,,
2026-04-08,SH601009,0.019391944631934166,EXP_XGBModel_Alpha158_csi300_custom_step0_s_20260408_13,db69e2c872d444f18b58478652f44874,,,
2026-04-08,SH601012,-0.043547313660383224,EXP_XGBModel_Alpha158_csi300_custom_step0_s_20260408_13,db69e2c872d444f18b58478652f44874,,,
2026-04-08,SH601018,-0.00043534880387596786,EXP_XGBModel_Alpha158_csi300_custom_step0_s_20260408_13,db69e2c872d444f18b58478652f44874,,,
2026-04-08,SH601021,-0.016575248911976814,EXP_XGBModel_Alpha158_csi300_custom_step0_s_20260408_13,db69e2c872d444f18b58478652f44874,,,
2026-04-08,SH601211,-0.01498478651046753,EXP_XGBModel_Alpha158_csi300_custom_step0_s_20260408_13,db69e2c872d444f18b58478652f44874,,,
2026-04-08,SH601058,-0.029999542981386185,EXP_XGBModel_Alpha158_csi300_custom_step0_s_20260408_13,db69e2c872d444f18b58478652f44874,,,
2026-04-08,SH601066,0.007170193362981081,EXP_XGBModel_Alpha158_csi300_custom_step0_s_20260408_13,db69e2c872d444f18b58478652f44874,,,
2026-04-08,SH601077,0.04584038257598877,EXP_XGBModel_Alpha158_csi300_custom_step0_s_20260408_13,db69e2c872d444f18b58478652f44874,,,
2026-04-08,SH601088,0.01481932494789362,EXP_XGBModel_Alpha158_csi300_custom_step0_s_20260408_13,db69e2c872d444f18b58478652f44874,,,
2026-04-08,SH601100,-0.03725537657737732,EXP_XGBModel_Alpha158_csi300_custom_step0_s_20260408_13,db69e2c872d444f18b58478652f44874,,,
2026-04-08,SH601111,0.0585324726998806,EXP_XGBModel_Alpha158_csi300_custom_step0_s_20260408_13,db69e2c872d444f18b58478652f44874,,,
2026-04-08,SH601117,-0.00044972370960749686,EXP_XGBModel_Alpha158_csi300_custom_step0_s_20260408_13,db69e2c872d444f18b58478652f44874,,,
2026-04-08,SH601127,-0.0726223960518837,EXP_XGBModel_Alpha158_csi300_custom_step0_s_20260408_13,db69e2c872d444f18b58478652f44874,,,
2026-04-08,SH601136,-0.01127790380269289,EXP_XGBModel_Alpha158_csi300_custom_step0_s_20260408_13,db69e2c872d444f18b58478652f44874,,,
2026-04-08,SH601138,0.016280105337500572,EXP_XGBModel_Alpha158_csi300_custom_step0_s_20260408_13,db69e2c872d444f18b58478652f44874,,,
2026-04-08,SH601166,0.041788190603256226,EXP_XGBModel_Alpha158_csi300_custom_step0_s_20260408_13,db69e2c872d444f18b58478652f44874,,,
2026-04-08,SH601169,0.028721265494823456,EXP_XGBModel_Alpha158_csi300_custom_step0_s_20260408_13,db69e2c872d444f18b58478652f44874,,,
2026-04-08,SH601059,0.012311301194131374,EXP_XGBModel_Alpha158_csi300_custom_step0_s_20260408_13,db69e2c872d444f18b58478652f44874,,,
2026-04-08,SH601728,0.02585962601006031,EXP_XGBModel_Alpha158_csi300_custom_step0_s_20260408_13,db69e2c872d444f18b58478652f44874,,,
2026-04-08,SH601766,0.02014349214732647,EXP_XGBModel_Alpha158_csi300_custom_step0_s_20260408_13,db69e2c872d444f18b58478652f44874,,,
2026-04-08,SH601788,0.008063914254307747,EXP_XGBModel_Alpha158_csi300_custom_step0_s_20260408_13,db69e2c872d444f18b58478652f44874,,,
2026-04-08,SH603369,-0.033800236880779266,EXP_XGBModel_Alpha158_csi300_custom_step0_s_20260408_13,db69e2c872d444f18b58478652f44874,,,
2026-04-08,SH603392,-0.008973125368356705,EXP_XGBModel_Alpha158_csi300_custom_step0_s_20260408_13,db69e2c872d444f18b58478652f44874,,,
2026-04-08,SH603501,-0.09506965428590775,EXP_XGBModel_Alpha158_csi300_custom_step0_s_20260408_13,db69e2c872d444f18b58478652f44874,,,
2026-04-08,SH603799,0.053417935967445374,EXP_XGBModel_Alpha158_csi300_custom_step0_s_20260408_13,db69e2c872d444f18b58478652f44874,,,
2026-04-08,SH603893,-0.05925770848989487,EXP_XGBModel_Alpha158_csi300_custom_step0_s_20260408_13,db69e2c872d444f18b58478652f44874,,,
2026-04-08,SH603986,-0.00017477371147833765,EXP_XGBModel_Alpha158_csi300_custom_step0_s_20260408_13,db69e2c872d444f18b58478652f44874,,,
2026-04-08,SH603993,0.15058273077011108,EXP_XGBModel_Alpha158_csi300_custom_step0_s_20260408_13,db69e2c872d444f18b58478652f44874,,,
2026-04-08,SH605117,-0.005079911556094885,EXP_XGBModel_Alpha158_csi300_custom_step0_s_20260408_13,db69e2c872d444f18b58478652f44874,,,
2026-04-08,SH605499,0.003961809445172548,EXP_XGBModel_Alpha158_csi300_custom_step0_s_20260408_13,db69e2c872d444f18b58478652f44874,,,
2026-04-08,SH688008,-0.023315545171499252,EXP_XGBModel_Alpha158_csi300_custom_step0_s_20260408_13,db69e2c872d444f18b58478652f44874,,,
2026-04-08,SH688009,-0.03024877794086933,EXP_XGBModel_Alpha158_csi300_custom_step0_s_20260408_13,db69e2c872d444f18b58478652f44874,,,
2026-04-08,SH603296,-0.040202438831329346,EXP_XGBModel_Alpha158_csi300_custom_step0_s_20260408_13,db69e2c872d444f18b58478652f44874,,,
2026-04-08,SH688012,-0.03315795958042145,EXP_XGBModel_Alpha158_csi300_custom_step0_s_20260408_13,db69e2c872d444f18b58478652f44874,,,
2026-04-08,SH688041,-0.01938600093126297,EXP_XGBModel_Alpha158_csi300_custom_step0_s_20260408_13,db69e2c872d444f18b58478652f44874,,,
2026-04-08,SH688047,-0.06511233747005463,EXP_XGBModel_Alpha158_csi300_custom_step0_s_20260408_13,db69e2c872d444f18b58478652f44874,,,
2026-04-08,SH688082,-0.07101384550333023,EXP_XGBModel_Alpha158_csi300_custom_step0_s_20260408_13,db69e2c872d444f18b58478652f44874,,,
2026-04-08,SH688111,0.04315393418073654,EXP_XGBModel_Alpha158_csi300_custom_step0_s_20260408_13,db69e2c872d444f18b58478652f44874,,,
2026-04-08,SH688126,-0.02163069136440754,EXP_XGBModel_Alpha158_csi300_custom_step0_s_20260408_13,db69e2c872d444f18b58478652f44874,,,
2026-04-08,SH688169,-0.023382464423775673,EXP_XGBModel_Alpha158_csi300_custom_step0_s_20260408_13,db69e2c872d444f18b58478652f44874,,,
2026-04-08,SH688187,-0.010615243576467037,EXP_XGBModel_Alpha158_csi300_custom_step0_s_20260408_13,db69e2c872d444f18b58478652f44874,,,
2026-04-08,SH688223,-0.12779057025909424,EXP_XGBModel_Alpha158_csi300_custom_step0_s_20260408_13,db69e2c872d444f18b58478652f44874,,,
2026-04-08,SH688256,-0.020554712042212486,EXP_XGBModel_Alpha158_csi300_custom_step0_s_20260408_13,db69e2c872d444f18b58478652f44874,,,
2026-04-08,SH688271,-0.040214959532022476,EXP_XGBModel_Alpha158_csi300_custom_step0_s_20260408_13,db69e2c872d444f18b58478652f44874,,,
2026-04-08,SH688303,-0.0410115085542202,EXP_XGBModel_Alpha158_csi300_custom_step0_s_20260408_13,db69e2c872d444f18b58478652f44874,,,
2026-04-08,SH688036,-0.04439646750688553,EXP_XGBModel_Alpha158_csi300_custom_step0_s_20260408_13,db69e2c872d444f18b58478652f44874,,,
2026-04-08,SH603288,0.004959356505423784,EXP_XGBModel_Alpha158_csi300_custom_step0_s_20260408_13,db69e2c872d444f18b58478652f44874,,,
2026-04-08,SH603260,-0.023388786241412163,EXP_XGBModel_Alpha158_csi300_custom_step0_s_20260408_13,db69e2c872d444f18b58478652f44874,,,
2026-04-08,SH603259,0.007340639363974333,EXP_XGBModel_Alpha158_csi300_custom_step0_s_20260408_13,db69e2c872d444f18b58478652f44874,,,
2026-04-08,SH601800,-0.02982759289443493,EXP_XGBModel_Alpha158_csi300_custom_step0_s_20260408_13,db69e2c872d444f18b58478652f44874,,,
2026-04-08,SH601808,-0.011808124370872974,EXP_XGBModel_Alpha158_csi300_custom_step0_s_20260408_13,db69e2c872d444f18b58478652f44874,,,
2026-04-08,SH601816,0.034648530185222626,EXP_XGBModel_Alpha158_csi300_custom_step0_s_20260408_13,db69e2c872d444f18b58478652f44874,,,
2026-04-08,SH601818,0.017567938193678856,EXP_XGBModel_Alpha158_csi300_custom_step0_s_20260408_13,db69e2c872d444f18b58478652f44874,,,
2026-04-08,SH601825,0.02977706864476204,EXP_XGBModel_Alpha158_csi300_custom_step0_s_20260408_13,db69e2c872d444f18b58478652f44874,,,
2026-04-08,SH601838,0.039614275097846985,EXP_XGBModel_Alpha158_csi300_custom_step0_s_20260408_13,db69e2c872d444f18b58478652f44874,,,
2026-04-08,SH601857,-0.05317824333906174,EXP_XGBModel_Alpha158_csi300_custom_step0_s_20260408_13,db69e2c872d444f18b58478652f44874,,,
2026-04-08,SH601868,0.011753492057323456,EXP_XGBModel_Alpha158_csi300_custom_step0_s_20260408_13,db69e2c872d444f18b58478652f44874,,,
2026-04-08,SH601872,-0.35959863662719727,EXP_XGBModel_Alpha158_csi300_custom_step0_s_20260408_13,db69e2c872d444f18b58478652f44874,,,
2026-04-08,SH601877,-0.08702246844768524,EXP_XGBModel_Alpha158_csi300_custom_step0_s_20260408_13,db69e2c872d444f18b58478652f44874,,,
2026-04-08,SH601878,-0.0493287593126297,EXP_XGBModel_Alpha158_csi300_custom_step0_s_20260408_13,db69e2c872d444f18b58478652f44874,,,
2026-04-08,SH601881,-0.057122472673654556,EXP_XGBModel_Alpha158_csi300_custom_step0_s_20260408_13,db69e2c872d444f18b58478652f44874,,,
2026-04-08,SH601888,0.019627105444669724,EXP_XGBModel_Alpha158_csi300_custom_step0_s_20260408_13,db69e2c872d444f18b58478652f44874,,,
2026-04-08,SH601898,-0.025998355820775032,EXP_XGBModel_Alpha158_csi300_custom_step0_s_20260408_13,db69e2c872d444f18b58478652f44874,,,
2026-04-08,SH601899,-0.01292685978114605,EXP_XGBModel_Alpha158_csi300_custom_step0_s_20260408_13,db69e2c872d444f18b58478652f44874,,,
2026-04-08,SH601901,-0.026036683470010757,EXP_XGBModel_Alpha158_csi300_custom_step0_s_20260408_13,db69e2c872d444f18b58478652f44874,,,
2026-04-08,SH601916,-0.023040205240249634,EXP_XGBModel_Alpha158_csi300_custom_step0_s_20260408_13,db69e2c872d444f18b58478652f44874,,,
2026-04-08,SH601919,0.02704891562461853,EXP_XGBModel_Alpha158_csi300_custom_step0_s_20260408_13,db69e2c872d444f18b58478652f44874,,,
2026-04-08,SH601939,0.024123540148139,EXP_XGBModel_Alpha158_csi300_custom_step0_s_20260408_13,db69e2c872d444f18b58478652f44874,,,
2026-04-08,SH601985,-0.018335478380322456,EXP_XGBModel_Alpha158_csi300_custom_step0_s_20260408_13,db69e2c872d444f18b58478652f44874,,,
2026-04-08,SH601988,0.0011630170047283173,EXP_XGBModel_Alpha158_csi300_custom_step0_s_20260408_13,db69e2c872d444f18b58478652f44874,,,
2026-04-08,SH601995,0.015287277288734913,EXP_XGBModel_Alpha158_csi300_custom_step0_s_20260408_13,db69e2c872d444f18b58478652f44874,,,
2026-04-08,SH601998,0.04327088221907616,EXP_XGBModel_Alpha158_csi300_custom_step0_s_20260408_13,db69e2c872d444f18b58478652f44874,,,
2026-04-08,SH603019,-0.019114172086119652,EXP_XGBModel_Alpha158_csi300_custom_step0_s_20260408_13,db69e2c872d444f18b58478652f44874,,,
2026-04-08,SH603195,0.016914453357458115,EXP_XGBModel_Alpha158_csi300_custom_step0_s_20260408_13,db69e2c872d444f18b58478652f44874,,,
2026-04-08,SH600919,0.02818303555250168,EXP_XGBModel_Alpha158_csi300_custom_step0_s_20260408_13,db69e2c872d444f18b58478652f44874,,,
2026-04-08,SH601919,0.05684597367048907,EXP_DEnsembleModel_Alpha158_csi300_custom_step0_s_20260408_14,d7c6074fe9334c5fa3790f178d8b36ed,,,
2026-04-08,SH601916,0.002000321899717961,EXP_DEnsembleModel_Alpha158_csi300_custom_step0_s_20260408_14,d7c6074fe9334c5fa3790f178d8b36ed,,,
2026-04-08,SH601901,-0.06830820676116275,EXP_DEnsembleModel_Alpha158_csi300_custom_step0_s_20260408_14,d7c6074fe9334c5fa3790f178d8b36ed,,,
2026-04-08,SH601877,-0.002359507357215754,EXP_LGBModel_Alpha158_csi300_custom_step0_s_20260408_16,f7a2c30ab83745afaa4b50a7d1a4e0f8,,,
2026-04-08,SH601878,-0.007107239593090516,EXP_LGBModel_Alpha158_csi300_custom_step0_s_20260408_16,f7a2c30ab83745afaa4b50a7d1a4e0f8,,,
2026-04-08,SH601881,-0.002359507357215754,EXP_LGBModel_Alpha158_csi300_custom_step0_s_20260408_16,f7a2c30ab83745afaa4b50a7d1a4e0f8,,,
2026-04-08,SH601888,-0.0025446769021761047,EXP_LGBModel_Alpha158_csi300_custom_step0_s_20260408_16,f7a2c30ab83745afaa4b50a7d1a4e0f8,,,
2026-04-08,SH601898,0.0003509138690996406,EXP_LGBModel_Alpha158_csi300_custom_step0_s_20260408_16,f7a2c30ab83745afaa4b50a7d1a4e0f8,,,
2026-04-08,SH601899,0.007254268521799273,EXP_LGBModel_Alpha158_csi300_custom_step0_s_20260408_16,f7a2c30ab83745afaa4b50a7d1a4e0f8,,,
2026-04-08,SH601901,0.0017817674561376679,EXP_LGBModel_Alpha158_csi300_custom_step0_s_20260408_16,f7a2c30ab83745afaa4b50a7d1a4e0f8,,,
2026-04-08,SH601916,-0.002192693244465692,EXP_LGBModel_Alpha158_csi300_custom_step0_s_20260408_16,f7a2c30ab83745afaa4b50a7d1a4e0f8,,,
2026-04-08,SH601919,0.002569701923748182,EXP_LGBModel_Alpha158_csi300_custom_step0_s_20260408_16,f7a2c30ab83745afaa4b50a7d1a4e0f8,,,
2026-04-08,SH601939,0.0015088625528325828,EXP_LGBModel_Alpha158_csi300_custom_step0_s_20260408_16,f7a2c30ab83745afaa4b50a7d1a4e0f8,,,
2026-04-08,SH601985,-0.006176456627947045,EXP_LGBModel_Alpha158_csi300_custom_step0_s_20260408_16,f7a2c30ab83745afaa4b50a7d1a4e0f8,,,
2026-04-08,SH601872,-0.007107239593090516,EXP_LGBModel_Alpha158_csi300_custom_step0_s_20260408_16,f7a2c30ab83745afaa4b50a7d1a4e0f8,,,
2026-04-08,SH601988,0.0015057667120349741,EXP_LGBModel_Alpha158_csi300_custom_step0_s_20260408_16,f7a2c30ab83745afaa4b50a7d1a4e0f8,,,
2026-04-08,SH601998,0.0015088625528325828,EXP_LGBModel_Alpha158_csi300_custom_step0_s_20260408_16,f7a2c30ab83745afaa4b50a7d1a4e0f8,,,
2026-04-08,SH603019,-0.007107239593090516,EXP_LGBModel_Alpha158_csi300_custom_step0_s_20260408_16,f7a2c30ab83745afaa4b50a7d1a4e0f8,,,
2026-04-08,SH603195,0.007670399699610048,EXP_LGBModel_Alpha158_csi300_custom_step0_s_20260408_16,f7a2c30ab83745afaa4b50a7d1a4e0f8,,,
2026-04-08,SH603259,0.0015057667120349741,EXP_LGBModel_Alpha158_csi300_custom_step0_s_20260408_16,f7a2c30ab83745afaa4b50a7d1a4e0f8,,,
2026-04-08,SH603260,0.005051211978100814,EXP_LGBModel_Alpha158_csi300_custom_step0_s_20260408_16,f7a2c30ab83745afaa4b50a7d1a4e0f8,,,
2026-04-08,SH603288,-0.002192693244465692,EXP_LGBModel_Alpha158_csi300_custom_step0_s_20260408_16,f7a2c30ab83745afaa4b50a7d1a4e0f8,,,
2026-04-08,SH603296,-0.0014209336248002316,EXP_LGBModel_Alpha158_csi300_custom_step0_s_20260408_16,f7a2c30ab83745afaa4b50a7d1a4e0f8,,,
2026-04-08,SH603369,-1.2099998029688214e-09,EXP_LGBModel_Alpha158_csi300_custom_step0_s_20260408_16,f7a2c30ab83745afaa4b50a7d1a4e0f8,,,
2026-04-08,SH603392,-0.002780795234776744,EXP_LGBModel_Alpha158_csi300_custom_step0_s_20260408_16,f7a2c30ab83745afaa4b50a7d1a4e0f8,,,
2026-04-08,SH603501,-1.2099998029688214e-09,EXP_LGBModel_Alpha158_csi300_custom_step0_s_20260408_16,f7a2c30ab83745afaa4b50a7d1a4e0f8,,,
2026-04-08,SH603799,0.005051211978100814,EXP_LGBModel_Alpha158_csi300_custom_step0_s_20260408_16,f7a2c30ab83745afaa4b50a7d1a4e0f8,,,
2026-04-08,SH601995,-0.0010615233035681532,EXP_LGBModel_Alpha158_csi300_custom_step0_s_20260408_16,f7a2c30ab83745afaa4b50a7d1a4e0f8,,,
2026-04-08,SH603893,-0.002359507357215754,EXP_LGBModel_Alpha158_csi300_custom_step0_s_20260408_16,f7a2c30ab83745afaa4b50a7d1a4e0f8,,,
2026-04-08,SH601868,-1.2099998029688214e-09,EXP_LGBModel_Alpha158_csi300_custom_step0_s_20260408_16,f7a2c30ab83745afaa4b50a7d1a4e0f8,,,
2026-04-08,SH601838,0.007670399699610048,EXP_LGBModel_Alpha158_csi300_custom_step0_s_20260408_16,f7a2c30ab83745afaa4b50a7d1a4e0f8,,,
2026-04-08,SH601377,-0.002359507357215754,EXP_LGBModel_Alpha158_csi300_custom_step0_s_20260408_16,f7a2c30ab83745afaa4b50a7d1a4e0f8,,,
2026-04-08,SH601390,-0.004747733445874565,EXP_LGBModel_Alpha158_csi300_custom_step0_s_20260408_16,f7a2c30ab83745afaa4b50a7d1a4e0f8,,,
2026-04-08,SH601398,-0.0008018881923317559,EXP_LGBModel_Alpha158_csi300_custom_step0_s_20260408_16,f7a2c30ab83745afaa4b50a7d1a4e0f8,,,
2026-04-08,SH601456,0.001141533240130307,EXP_LGBModel_Alpha158_csi300_custom_step0_s_20260408_16,f7a2c30ab83745afaa4b50a7d1a4e0f8,,,
2026-04-08,SH601600,0.005051211978100814,EXP_LGBModel_Alpha158_csi300_custom_step0_s_20260408_16,f7a2c30ab83745afaa4b50a7d1a4e0f8,,,
2026-04-08,SH601601,-0.007107239593090516,EXP_LGBModel_Alpha158_csi300_custom_step0_s_20260408_16,f7a2c30ab83745afaa4b50a7d1a4e0f8,,,
2026-04-08,SH601607,1.036329923276855e-05,EXP_LGBModel_Alpha158_csi300_custom_step0_s_20260408_16,f7a2c30ab83745afaa4b50a7d1a4e0f8,,,
2026-04-08,SH601618,-1.2099998029688214e-09,EXP_LGBModel_Alpha158_csi300_custom_step0_s_20260408_16,f7a2c30ab83745afaa4b50a7d1a4e0f8,,,
2026-04-08,SH601628,0.005051211978100814,EXP_LGBModel_Alpha158_csi300_custom_step0_s_20260408_16,f7a2c30ab83745afaa4b50a7d1a4e0f8,,,
2026-04-08,SH601633,0.0024639836591920953,EXP_LGBModel_Alpha158_csi300_custom_step0_s_20260408_16,f7a2c30ab83745afaa4b50a7d1a4e0f8,,,
2026-04-08,SH601658,0.0017817674561376679,EXP_LGBModel_Alpha158_csi300_custom_step0_s_20260408_16,f7a2c30ab83745afaa4b50a7d1a4e0f8,,,
2026-04-08,SH601857,-0.002192693244465692,EXP_LGBModel_Alpha158_csi300_custom_step0_s_20260408_16,f7a2c30ab83745afaa4b50a7d1a4e0f8,,,
2026-04-08,SH601668,0.007670399699610048,EXP_LGBModel_Alpha158_csi300_custom_step0_s_20260408_16,f7a2c30ab83745afaa4b50a7d1a4e0f8,,,
2026-04-08,SH601688,-0.007107239593090516,EXP_LGBModel_Alpha158_csi300_custom_step0_s_20260408_16,f7a2c30ab83745afaa4b50a7d1a4e0f8,,,
2026-04-08,SH601689,-0.002999741573223115,EXP_LGBModel_Alpha158_csi300_custom_step0_s_20260408_16,f7a2c30ab83745afaa4b50a7d1a4e0f8,,,
2026-04-08,SH601698,-0.002359507357215754,EXP_LGBModel_Alpha158_csi300_custom_step0_s_20260408_16,f7a2c30ab83745afaa4b50a7d1a4e0f8,,,
2026-04-08,SH601728,0.002569701923748182,EXP_LGBModel_Alpha158_csi300_custom_step0_s_20260408_16,f7a2c30ab83745afaa4b50a7d1a4e0f8,,,
2026-04-08,SH601766,0.004351470589885653,EXP_LGBModel_Alpha158_csi300_custom_step0_s_20260408_16,f7a2c30ab83745afaa4b50a7d1a4e0f8,,,
2026-04-08,SH601788,0.001141533240130307,EXP_LGBModel_Alpha158_csi300_custom_step0_s_20260408_16,f7a2c30ab83745afaa4b50a7d1a4e0f8,,,
2026-04-08,SH601800,-1.2099998029688214e-09,EXP_LGBModel_Alpha158_csi300_custom_step0_s_20260408_16,f7a2c30ab83745afaa4b50a7d1a4e0f8,,,
2026-04-08,SH601808,0.003080618350964472,EXP_LGBModel_Alpha158_csi300_custom_step0_s_20260408_16,f7a2c30ab83745afaa4b50a7d1a4e0f8,,,
2026-04-08,SH601816,0.0055994060272246005,EXP_LGBModel_Alpha158_csi300_custom_step0_s_20260408_16,f7a2c30ab83745afaa4b50a7d1a4e0f8,,,
2026-04-08,SH601818,0.0028976400221636025,EXP_LGBModel_Alpha158_csi300_custom_step0_s_20260408_16,f7a2c30ab83745afaa4b50a7d1a4e0f8,,,
2026-04-08,SH601825,0.0004460472450071918,EXP_LGBModel_Alpha158_csi300_custom_step0_s_20260408_16,f7a2c30ab83745afaa4b50a7d1a4e0f8,,,
2026-04-08,SH601669,-0.006176456627947045,EXP_LGBModel_Alpha158_csi300_custom_step0_s_20260408_16,f7a2c30ab83745afaa4b50a7d1a4e0f8,,,
2026-04-08,SH601360,-0.007107239593090516,EXP_LGBModel_Alpha158_csi300_custom_step0_s_20260408_16,f7a2c30ab83745afaa4b50a7d1a4e0f8,,,
2026-04-08,SH603986,0.005402127057200257,EXP_LGBModel_Alpha158_csi300_custom_step0_s_20260408_16,f7a2c30ab83745afaa4b50a7d1a4e0f8,,,
2026-04-08,SH605117,0.005791039577279867,EXP_LGBModel_Alpha158_csi300_custom_step0_s_20260408_16,f7a2c30ab83745afaa4b50a7d1a4e0f8,,,
2026-04-08,SZ000338,-0.0014209336248002316,EXP_LGBModel_Alpha158_csi300_custom_step0_s_20260408_16,f7a2c30ab83745afaa4b50a7d1a4e0f8,,,
2026-04-08,SZ000408,-1.2099998029688214e-09,EXP_LGBModel_Alpha158_csi300_custom_step0_s_20260408_16,f7a2c30ab83745afaa4b50a7d1a4e0f8,,,
2026-04-08,SZ000425,0.002691705830884862,EXP_LGBModel_Alpha158_csi300_custom_step0_s_20260408_16,f7a2c30ab83745afaa4b50a7d1a4e0f8,,,
2026-04-08,SZ000538,0.0017817674561376679,EXP_LGBModel_Alpha158_csi300_custom_step0_s_20260408_16,f7a2c30ab83745afaa4b50a7d1a4e0f8,,,
2026-04-08,SZ000568,0.007670399699610048,EXP_LGBModel_Alpha158_csi300_custom_step0_s_20260408_16,f7a2c30ab83745afaa4b50a7d1a4e0f8,,,
2026-04-08,SZ000596,-0.0025446769021761047,EXP_LGBModel_Alpha158_csi300_custom_step0_s_20260408_16,f7a2c30ab83745afaa4b50a7d1a4e0f8,,,
2026-04-08,SZ000617,-0.002359507357215754,EXP_LGBModel_Alpha158_csi300_custom_step0_s_20260408_16,f7a2c30ab83745afaa4b50a7d1a4e0f8,,,
2026-04-08,SZ000625,0.001141533240130307,EXP_LGBModel_Alpha158_csi300_custom_step0_s_20260408_16,f7a2c30ab83745afaa4b50a7d1a4e0f8,,,
2026-04-08,SZ000630,-1.2099998029688214e-09,EXP_LGBModel_Alpha158_csi300_custom_step0_s_20260408_16,f7a2c30ab83745afaa4b50a7d1a4e0f8,,,
2026-04-08,SZ000651,0.007670399699610048,EXP_LGBModel_Alpha158_csi300_custom_step0_s_20260408_16,f7a2c30ab83745afaa4b50a7d1a4e0f8,,,
2026-04-08,SZ000661,0.004351470589885653,EXP_LGBModel_Alpha158_csi300_custom_step0_s_20260408_16,f7a2c30ab83745afaa4b50a7d1a4e0f8,,,
2026-04-08,SZ000333,0.0022030553336986575,EXP_LGBModel_Alpha158_csi300_custom_step0_s_20260408_16,f7a2c30ab83745afaa4b50a7d1a4e0f8,,,
2026-04-08,SZ000708,-1.2099998029688214e-09,EXP_LGBModel_Alpha158_csi300_custom_step0_s_20260408_16,f7a2c30ab83745afaa4b50a7d1a4e0f8,,,
2026-04-08,SZ000768,-1.2099998029688214e-09,EXP_LGBModel_Alpha158_csi300_custom_step0_s_20260408_16,f7a2c30ab83745afaa4b50a7d1a4e0f8,,,
2026-04-08,SZ000776,-0.002999741573223115,EXP_LGBModel_Alpha158_csi300_custom_step0_s_20260408_16,f7a2c30ab83745afaa4b50a7d1a4e0f8,,,
2026-04-08,SZ000786,-0.004747733445874565,EXP_LGBModel_Alpha158_csi300_custom_step0_s_20260408_16,f7a2c30ab83745afaa4b50a7d1a4e0f8,,,
2026-04-08,SZ000792,-0.007107239593090516,EXP_LGBModel_Alpha158_csi300_custom_step0_s_20260408_16,f7a2c30ab83745afaa4b50a7d1a4e0f8,,,
2026-04-08,SZ000807,-0.007107239593090516,EXP_LGBModel_Alpha158_csi300_custom_step0_s_20260408_16,f7a2c30ab83745afaa4b50a7d1a4e0f8,,,
2026-04-08,SZ000858,0.007670399699610048,EXP_LGBModel_Alpha158_csi300_custom_step0_s_20260408_16,f7a2c30ab83745afaa4b50a7d1a4e0f8,,,
2026-04-08,SZ000876,0.002569701923748182,EXP_LGBModel_Alpha158_csi300_custom_step0_s_20260408_16,f7a2c30ab83745afaa4b50a7d1a4e0f8,,,
2026-04-08,SZ000895,0.0015088625528325828,EXP_LGBModel_Alpha158_csi300_custom_step0_s_20260408_16,f7a2c30ab83745afaa4b50a7d1a4e0f8,,,
2026-04-08,SZ000938,-0.002359507357215754,EXP_LGBModel_Alpha158_csi300_custom_step0_s_20260408_16,f7a2c30ab83745afaa4b50a7d1a4e0f8,,,
2026-04-08,SZ000963,-0.0014209336248002316,EXP_LGBModel_Alpha158_csi300_custom_step0_s_20260408_16,f7a2c30ab83745afaa4b50a7d1a4e0f8,,,
2026-04-08,SZ000975,-0.0014209336248002316,EXP_LGBModel_Alpha158_csi300_custom_step0_s_20260408_16,f7a2c30ab83745afaa4b50a7d1a4e0f8,,,
2026-04-08,SZ000725,-0.0002110921010287589,EXP_LGBModel_Alpha158_csi300_custom_step0_s_20260408_16,f7a2c30ab83745afaa4b50a7d1a4e0f8,,,
2026-04-08,SH603993,-1.2099998029688214e-09,EXP_LGBModel_Alpha158_csi300_custom_step0_s_20260408_16,f7a2c30ab83745afaa4b50a7d1a4e0f8,,,
2026-04-08,SZ000301,0.005051211978100814,EXP_LGBModel_Alpha158_csi300_custom_step0_s_20260408_16,f7a2c30ab83745afaa4b50a7d1a4e0f8,,,
2026-04-08,SZ000157,-0.002359507357215754,EXP_LGBModel_Alpha158_csi300_custom_step0_s_20260408_16,f7a2c30ab83745afaa4b50a7d1a4e0f8,,,
2026-04-08,SH605499,0.0008085113387018548,EXP_LGBModel_Alpha158_csi300_custom_step0_s_20260408_16,f7a2c30ab83745afaa4b50a7d1a4e0f8,,,
2026-04-08,SH688008,-0.002359507357215754,EXP_LGBModel_Alpha158_csi300_custom_step0_s_20260408_16,f7a2c30ab83745afaa4b50a7d1a4e0f8,,,
2026-04-08,SH688009,-0.0025446769021761047,EXP_LGBModel_Alpha158_csi300_custom_step0_s_20260408_16,f7a2c30ab83745afaa4b50a7d1a4e0f8,,,
2026-04-08,SH688012,-0.007107239593090516,EXP_LGBModel_Alpha158_csi300_custom_step0_s_20260408_16,f7a2c30ab83745afaa4b50a7d1a4e0f8,,,
2026-04-08,SH688036,-0.0049145475586246275,EXP_LGBModel_Alpha158_csi300_custom_step0_s_20260408_16,f7a2c30ab83745afaa4b50a7d1a4e0f8,,,
2026-04-08,SH688041,-1.2099998029688214e-09,EXP_LGBModel_Alpha158_csi300_custom_step0_s_20260408_16,f7a2c30ab83745afaa4b50a7d1a4e0f8,,,
2026-04-08,SH688047,-0.007107239593090516,EXP_LGBModel_Alpha158_csi300_custom_step0_s_20260408_16,f7a2c30ab83745afaa4b50a7d1a4e0f8,,,
2026-04-08,SH688082,-1.2099998029688214e-09,EXP_LGBModel_Alpha158_csi300_custom_step0_s_20260408_16,f7a2c30ab83745afaa4b50a7d1a4e0f8,,,
2026-04-08,SH688111,0.005051211978100814,EXP_LGBModel_Alpha158_csi300_custom_step0_s_20260408_16,f7a2c30ab83745afaa4b50a7d1a4e0f8,,,
2026-04-08,SH688126,-0.002359507357215754,EXP_LGBModel_Alpha158_csi300_custom_step0_s_20260408_16,f7a2c30ab83745afaa4b50a7d1a4e0f8,,,
2026-04-08,SH688169,0.0003509138690996406,EXP_LGBModel_Alpha158_csi300_custom_step0_s_20260408_16,f7a2c30ab83745afaa4b50a7d1a4e0f8,,,
2026-04-08,SZ000166,0.001141533240130307,EXP_LGBModel_Alpha158_csi300_custom_step0_s_20260408_16,f7a2c30ab83745afaa4b50a7d1a4e0f8,,,
2026-04-08,SH688187,-0.004396818366775122,EXP_LGBModel_Alpha158_csi300_custom_step0_s_20260408_16,f7a2c30ab83745afaa4b50a7d1a4e0f8,,,
2026-04-08,SH688256,-0.0014209336248002316,EXP_LGBModel_Alpha158_csi300_custom_step0_s_20260408_16,f7a2c30ab83745afaa4b50a7d1a4e0f8,,,
2026-04-08,SH688271,-0.002999741573223115,EXP_LGBModel_Alpha158_csi300_custom_step0_s_20260408_16,f7a2c30ab83745afaa4b50a7d1a4e0f8,,,
2026-04-08,SH688303,-0.0049145475586246275,EXP_LGBModel_Alpha158_csi300_custom_step0_s_20260408_16,f7a2c30ab83745afaa4b50a7d1a4e0f8,,,
2026-04-08,SH688396,-1.2099998029688214e-09,EXP_LGBModel_Alpha158_csi300_custom_step0_s_20260408_16,f7a2c30ab83745afaa4b50a7d1a4e0f8,,,
2026-04-08,SH688472,-0.007107239593090516,EXP_LGBModel_Alpha158_csi300_custom_step0_s_20260408_16,f7a2c30ab83745afaa4b50a7d1a4e0f8,,,
2026-04-08,SH688506,-0.0014209336248002316,EXP_LGBModel_Alpha158_csi300_custom_step0_s_20260408_16,f7a2c30ab83745afaa4b50a7d1a4e0f8,,,
2026-04-08,SH688981,-0.007107239593090516,EXP_LGBModel_Alpha158_csi300_custom_step0_s_20260408_16,f7a2c30ab83745afaa4b50a7d1a4e0f8,,,
2026-04-08,SZ000001,0.004351470589885653,EXP_LGBModel_Alpha158_csi300_custom_step0_s_20260408_16,f7a2c30ab83745afaa4b50a7d1a4e0f8,,,
2026-04-08,SZ000002,-1.2099998029688214e-09,EXP_LGBModel_Alpha158_csi300_custom_step0_s_20260408_16,f7a2c30ab83745afaa4b50a7d1a4e0f8,,,
2026-04-08,SZ000063,-0.002359507357215754,EXP_LGBModel_Alpha158_csi300_custom_step0_s_20260408_16,f7a2c30ab83745afaa4b50a7d1a4e0f8,,,
2026-04-08,SZ000100,0.0003509138690996406,EXP_LGBModel_Alpha158_csi300_custom_step0_s_20260408_16,f7a2c30ab83745afaa4b50a7d1a4e0f8,,,
2026-04-08,SH688223,0.005440124498180423,EXP_LGBModel_Alpha158_csi300_custom_step0_s_20260408_16,f7a2c30ab83745afaa4b50a7d1a4e0f8,,,
2026-04-08,SH601336,0.002691705830884862,EXP_LGBModel_Alpha158_csi300_custom_step0_s_20260408_16,f7a2c30ab83745afaa4b50a7d1a4e0f8,,,
2026-04-08,SH601328,0.0037119190965310433,EXP_LGBModel_Alpha158_csi300_custom_step0_s_20260408_16,f7a2c30ab83745afaa4b50a7d1a4e0f8,,,
2026-04-08,SH601319,-1.2099998029688214e-09,EXP_LGBModel_Alpha158_csi300_custom_step0_s_20260408_16,f7a2c30ab83745afaa4b50a7d1a4e0f8,,,
2026-04-08,SH600161,0.0017817674561376679,EXP_LGBModel_Alpha158_csi300_custom_step0_s_20260408_16,f7a2c30ab83745afaa4b50a7d1a4e0f8,,,
2026-04-08,SH600176,-0.0014209336248002316,EXP_LGBModel_Alpha158_csi300_custom_step0_s_20260408_16,f7a2c30ab83745afaa4b50a7d1a4e0f8,,,
2026-04-08,SH600183,-1.2099998029688214e-09,EXP_LGBModel_Alpha158_csi300_custom_step0_s_20260408_16,f7a2c30ab83745afaa4b50a7d1a4e0f8,,,
2026-04-08,SH600188,0.0008085113387018548,EXP_LGBModel_Alpha158_csi300_custom_step0_s_20260408_16,f7a2c30ab83745afaa4b50a7d1a4e0f8,,,
2026-04-08,SH600196,-0.002192693244465692,EXP_LGBModel_Alpha158_csi300_custom_step0_s_20260408_16,f7a2c30ab83745afaa4b50a7d1a4e0f8,,,
2026-04-08,SH600219,0.005051211978100814,EXP_LGBModel_Alpha158_csi300_custom_step0_s_20260408_16,f7a2c30ab83745afaa4b50a7d1a4e0f8,,,
2026-04-08,SH600233,-1.2099998029688214e-09,EXP_LGBModel_Alpha158_csi300_custom_step0_s_20260408_16,f7a2c30ab83745afaa4b50a7d1a4e0f8,,,
2026-04-08,SH600276,-0.0014209336248002316,EXP_LGBModel_Alpha158_csi300_custom_step0_s_20260408_16,f7a2c30ab83745afaa4b50a7d1a4e0f8,,,
2026-04-08,SH600309,-0.0025732923492366552,EXP_LGBModel_Alpha158_csi300_custom_step0_s_20260408_16,f7a2c30ab83745afaa4b50a7d1a4e0f8,,,
2026-04-08,SH600346,-1.2099998029688214e-09,EXP_LGBModel_Alpha158_csi300_custom_step0_s_20260408_16,f7a2c30ab83745afaa4b50a7d1a4e0f8,,,
2026-04-08,SH600362,0.005051211978100814,EXP_LGBModel_Alpha158_csi300_custom_step0_s_20260408_16,f7a2c30ab83745afaa4b50a7d1a4e0f8,,,
2026-04-08,SH600160,-1.2099998029688214e-09,EXP_LGBModel_Alpha158_csi300_custom_step0_s_20260408_16,f7a2c30ab83745afaa4b50a7d1a4e0f8,,,
2026-04-08,SH600372,0.002569701923748182,EXP_LGBModel_Alpha158_csi300_custom_step0_s_20260408_16,f7a2c30ab83745afaa4b50a7d1a4e0f8,,,
2026-04-08,SH600406,-0.0049145475586246275,EXP_LGBModel_Alpha158_csi300_custom_step0_s_20260408_16,f7a2c30ab83745afaa4b50a7d1a4e0f8,,,
2026-04-08,SH600415,-0.002999741573223115,EXP_LGBModel_Alpha158_csi300_custom_step0_s_20260408_16,f7a2c30ab83745afaa4b50a7d1a4e0f8,,,
2026-04-08,SH600426,-1.2099998029688214e-09,EXP_LGBModel_Alpha158_csi300_custom_step0_s_20260408_16,f7a2c30ab83745afaa4b50a7d1a4e0f8,,,
2026-04-08,SH600436,-0.0004212890875607926,EXP_LGBModel_Alpha158_csi300_custom_step0_s_20260408_16,f7a2c30ab83745afaa4b50a7d1a4e0f8,,,
2026-04-08,SH600438,-0.007107239593090516,EXP_LGBModel_Alpha158_csi300_custom_step0_s_20260408_16,f7a2c30ab83745afaa4b50a7d1a4e0f8,,,
2026-04-08,SH600460,-0.002359507357215754,EXP_LGBModel_Alpha158_csi300_custom_step0_s_20260408_16,f7a2c30ab83745afaa4b50a7d1a4e0f8,,,
2026-04-08,SH600482,-0.0014209336248002316,EXP_LGBModel_Alpha158_csi300_custom_step0_s_20260408_16,f7a2c30ab83745afaa4b50a7d1a4e0f8,,,
2026-04-08,SH600489,0.005051211978100814,EXP_LGBModel_Alpha158_csi300_custom_step0_s_20260408_16,f7a2c30ab83745afaa4b50a7d1a4e0f8,,,
2026-04-08,SH600515,-0.002999741573223115,EXP_LGBModel_Alpha158_csi300_custom_step0_s_20260408_16,f7a2c30ab83745afaa4b50a7d1a4e0f8,,,
2026-04-08,SH600519,0.0037119190965310433,EXP_LGBModel_Alpha158_csi300_custom_step0_s_20260408_16,f7a2c30ab83745afaa4b50a7d1a4e0f8,,,
2026-04-08,SH600522,-0.0014209336248002316,EXP_LGBModel_Alpha158_csi300_custom_step0_s_20260408_16,f7a2c30ab83745afaa4b50a7d1a4e0f8,,,
2026-04-08,SH600377,-1.2099998029688214e-09,EXP_LGBModel_Alpha158_csi300_custom_step0_s_20260408_16,f7a2c30ab83745afaa4b50a7d1a4e0f8,,,
2026-04-08,SH600547,0.005051211978100814,EXP_LGBModel_Alpha158_csi300_custom_step0_s_20260408_16,f7a2c30ab83745afaa4b50a7d1a4e0f8,,,
2026-04-08,SH600150,0.005051211978100814,EXP_LGBModel_Alpha158_csi300_custom_step0_s_20260408_16,f7a2c30ab83745afaa4b50a7d1a4e0f8,,,
2026-04-08,SH600111,0.005051211978100814,EXP_LGBModel_Alpha158_csi300_custom_step0_s_20260408_16,f7a2c30ab83745afaa4b50a7d1a4e0f8,,,
2026-04-08,SH600009,0.001141533240130307,EXP_LGBModel_Alpha158_csi300_custom_step0_s_20260408_16,f7a2c30ab83745afaa4b50a7d1a4e0f8,,,
2026-04-08,SH600010,-0.0014209336248002316,EXP_LGBModel_Alpha158_csi300_custom_step0_s_20260408_16,f7a2c30ab83745afaa4b50a7d1a4e0f8,,,
2026-04-08,SH600011,-0.004747733445874565,EXP_LGBModel_Alpha158_csi300_custom_step0_s_20260408_16,f7a2c30ab83745afaa4b50a7d1a4e0f8,,,
2026-04-08,SH600015,1.036329923276855e-05,EXP_LGBModel_Alpha158_csi300_custom_step0_s_20260408_16,f7a2c30ab83745afaa4b50a7d1a4e0f8,,,
2026-04-08,SH600016,0.005100696565862063,EXP_LGBModel_Alpha158_csi300_custom_step0_s_20260408_16,f7a2c30ab83745afaa4b50a7d1a4e0f8,,,
2026-04-08,SH600018,0.004351470589885653,EXP_LGBModel_Alpha158_csi300_custom_step0_s_20260408_16,f7a2c30ab83745afaa4b50a7d1a4e0f8,,,
2026-04-08,SH600019,0.002569701923748182,EXP_LGBModel_Alpha158_csi300_custom_step0_s_20260408_16,f7a2c30ab83745afaa4b50a7d1a4e0f8,,,
2026-04-08,SH600023,-0.002192693244465692,EXP_LGBModel_Alpha158_csi300_custom_step0_s_20260408_16,f7a2c30ab83745afaa4b50a7d1a4e0f8,,,
2026-04-08,SH600025,-0.006176456627947045,EXP_LGBModel_Alpha158_csi300_custom_step0_s_20260408_16,f7a2c30ab83745afaa4b50a7d1a4e0f8,,,
2026-04-08,SH600026,-0.0014209336248002316,EXP_LGBModel_Alpha158_csi300_custom_step0_s_20260408_16,f7a2c30ab83745afaa4b50a7d1a4e0f8,,,
2026-04-08,SH600027,-0.006176456627947045,EXP_LGBModel_Alpha158_csi300_custom_step0_s_20260408_16,f7a2c30ab83745afaa4b50a7d1a4e0f8,,,
2026-04-08,SH600115,0.005051211978100814,EXP_LGBModel_Alpha158_csi300_custom_step0_s_20260408_16,f7a2c30ab83745afaa4b50a7d1a4e0f8,,,
2026-04-08,SH600028,-0.002359507357215754,EXP_LGBModel_Alpha158_csi300_custom_step0_s_20260408_16,f7a2c30ab83745afaa4b50a7d1a4e0f8,,,
2026-04-08,SH600030,0.001141533240130307,EXP_LGBModel_Alpha158_csi300_custom_step0_s_20260408_16,f7a2c30ab83745afaa4b50a7d1a4e0f8,,,
2026-04-08,SH600031,-0.007107239593090516,EXP_LGBModel_Alpha158_csi300_custom_step0_s_20260408_16,f7a2c30ab83745afaa4b50a7d1a4e0f8,,,
2026-04-08,SH600036,0.0037119190965310433,EXP_LGBModel_Alpha158_csi300_custom_step0_s_20260408_16,f7a2c30ab83745afaa4b50a7d1a4e0f8,,,
2026-04-08,SH600039,-1.2099998029688214e-09,EXP_LGBModel_Alpha158_csi300_custom_step0_s_20260408_16,f7a2c30ab83745afaa4b50a7d1a4e0f8,,,
2026-04-08,SH600048,-0.006176456627947045,EXP_LGBModel_Alpha158_csi300_custom_step0_s_20260408_16,f7a2c30ab83745afaa4b50a7d1a4e0f8,,,
2026-04-08,SH600050,0.001141533240130307,EXP_LGBModel_Alpha158_csi300_custom_step0_s_20260408_16,f7a2c30ab83745afaa4b50a7d1a4e0f8,,,
2026-04-08,SH600061,0.001141533240130307,EXP_LGBModel_Alpha158_csi300_custom_step0_s_20260408_16,f7a2c30ab83745afaa4b50a7d1a4e0f8,,,
2026-04-08,SH600066,-1.2099998029688214e-09,EXP_LGBModel_Alpha158_csi300_custom_step0_s_20260408_16,f7a2c30ab83745afaa4b50a7d1a4e0f8,,,
2026-04-08,SH600085,0.001141533240130307,EXP_LGBModel_Alpha158_csi300_custom_step0_s_20260408_16,f7a2c30ab83745afaa4b50a7d1a4e0f8,,,
2026-04-08,SH600089,-0.0049145475586246275,EXP_LGBModel_Alpha158_csi300_custom_step0_s_20260408_16,f7a2c30ab83745afaa4b50a7d1a4e0f8,,,
2026-04-08,SH600104,-0.0025446769021761047,EXP_LGBModel_Alpha158_csi300_custom_step0_s_20260408_16,f7a2c30ab83745afaa4b50a7d1a4e0f8,,,
2026-04-08,SH600029,0.005051211978100814,EXP_LGBModel_Alpha158_csi300_custom_step0_s_20260408_16,f7a2c30ab83745afaa4b50a7d1a4e0f8,,,
2026-04-08,SH600570,-0.002999741573223115,EXP_LGBModel_Alpha158_csi300_custom_step0_s_20260408_16,f7a2c30ab83745afaa4b50a7d1a4e0f8,,,
2026-04-08,SH600584,-0.002359507357215754,EXP_LGBModel_Alpha158_csi300_custom_step0_s_20260408_16,f7a2c30ab83745afaa4b50a7d1a4e0f8,,,
2026-04-08,SH600585,0.007670399699610048,EXP_LGBModel_Alpha158_csi300_custom_step0_s_20260408_16,f7a2c30ab83745afaa4b50a7d1a4e0f8,,,
2026-04-08,SH601018,-1.2099998029688214e-09,EXP_LGBModel_Alpha158_csi300_custom_step0_s_20260408_16,f7a2c30ab83745afaa4b50a7d1a4e0f8,,,
2026-04-08,SH601021,-1.2099998029688214e-09,EXP_LGBModel_Alpha158_csi300_custom_step0_s_20260408_16,f7a2c30ab83745afaa4b50a7d1a4e0f8,,,
2026-04-08,SH601058,-0.004747733445874565,EXP_LGBModel_Alpha158_csi300_custom_step0_s_20260408_16,f7a2c30ab83745afaa4b50a7d1a4e0f8,,,
2026-04-08,SH601059,0.001141533240130307,EXP_LGBModel_Alpha158_csi300_custom_step0_s_20260408_16,f7a2c30ab83745afaa4b50a7d1a4e0f8,,,
2026-04-08,SH601066,-0.0006402354260071637,EXP_LGBModel_Alpha158_csi300_custom_step0_s_20260408_16,f7a2c30ab83745afaa4b50a7d1a4e0f8,,,
2026-04-08,SH601077,-0.00038060031477076635,EXP_LGBModel_Alpha158_csi300_custom_step0_s_20260408_16,f7a2c30ab83745afaa4b50a7d1a4e0f8,,,
2026-04-08,SH601088,0.0029206170028476253,EXP_LGBModel_Alpha158_csi300_custom_step0_s_20260408_16,f7a2c30ab83745afaa4b50a7d1a4e0f8,,,
2026-04-08,SH601100,0.0022030553336986575,EXP_LGBModel_Alpha158_csi300_custom_step0_s_20260408_16,f7a2c30ab83745afaa4b50a7d1a4e0f8,,,
2026-04-08,SH601111,0.007254268521799273,EXP_LGBModel_Alpha158_csi300_custom_step0_s_20260408_16,f7a2c30ab83745afaa4b50a7d1a4e0f8,,,
2026-04-08,SH601117,0.0003509138690996406,EXP_LGBModel_Alpha158_csi300_custom_step0_s_20260408_16,f7a2c30ab83745afaa4b50a7d1a4e0f8,,,
2026-04-08,SH601127,-0.007107239593090516,EXP_LGBModel_Alpha158_csi300_custom_step0_s_20260408_16,f7a2c30ab83745afaa4b50a7d1a4e0f8,,,
2026-04-08,SH601012,-0.0049145475586246275,EXP_LGBModel_Alpha158_csi300_custom_step0_s_20260408_16,f7a2c30ab83745afaa4b50a7d1a4e0f8,,,
2026-04-08,SH601136,-0.0034210294507841044,EXP_LGBModel_Alpha158_csi300_custom_step0_s_20260408_16,f7a2c30ab83745afaa4b50a7d1a4e0f8,,,
2026-04-08,SH601166,0.0017817674561376679,EXP_LGBModel_Alpha158_csi300_custom_step0_s_20260408_16,f7a2c30ab83745afaa4b50a7d1a4e0f8,,,
2026-04-08,SH601169,0.0055994060272246005,EXP_LGBModel_Alpha158_csi300_custom_step0_s_20260408_16,f7a2c30ab83745afaa4b50a7d1a4e0f8,,,
2026-04-08,SH601186,0.002569701923748182,EXP_LGBModel_Alpha158_csi300_custom_step0_s_20260408_16,f7a2c30ab83745afaa4b50a7d1a4e0f8,,,
2026-04-08,SH601211,0.0015628211176912966,EXP_LGBModel_Alpha158_csi300_custom_step0_s_20260408_16,f7a2c30ab83745afaa4b50a7d1a4e0f8,,,
2026-04-08,SH601225,0.0029206170028476253,EXP_LGBModel_Alpha158_csi300_custom_step0_s_20260408_16,f7a2c30ab83745afaa4b50a7d1a4e0f8,,,
2026-04-08,SH601229,0.0022030553336986575,EXP_LGBModel_Alpha158_csi300_custom_step0_s_20260408_16,f7a2c30ab83745afaa4b50a7d1a4e0f8,,,
2026-04-08,SH601236,-0.004747733445874565,EXP_LGBModel_Alpha158_csi300_custom_step0_s_20260408_16,f7a2c30ab83745afaa4b50a7d1a4e0f8,,,
2026-04-08,SH601238,0.001141533240130307,EXP_LGBModel_Alpha158_csi300_custom_step0_s_20260408_16,f7a2c30ab83745afaa4b50a7d1a4e0f8,,,
2026-04-08,SH601288,-1.2099998029688214e-09,EXP_LGBModel_Alpha158_csi300_custom_step0_s_20260408_16,f7a2c30ab83745afaa4b50a7d1a4e0f8,,,
2026-04-08,SH601298,-0.002999741573223115,EXP_LGBModel_Alpha158_csi300_custom_step0_s_20260408_16,f7a2c30ab83745afaa4b50a7d1a4e0f8,,,
2026-04-08,SH601318,-0.002359507357215754,EXP_LGBModel_Alpha158_csi300_custom_step0_s_20260408_16,f7a2c30ab83745afaa4b50a7d1a4e0f8,,,
2026-04-08,SH601138,-1.2099998029688214e-09,EXP_LGBModel_Alpha158_csi300_custom_step0_s_20260408_16,f7a2c30ab83745afaa4b50a7d1a4e0f8,,,
2026-04-08,SH601009,0.0022030553336986575,EXP_LGBModel_Alpha158_csi300_custom_step0_s_20260408_16,f7a2c30ab83745afaa4b50a7d1a4e0f8,,,
2026-04-08,SH601006,0.005467343155911587,EXP_LGBModel_Alpha158_csi300_custom_step0_s_20260408_16,f7a2c30ab83745afaa4b50a7d1a4e0f8,,,
2026-04-08,SH600999,0.001141533240130307,EXP_LGBModel_Alpha158_csi300_custom_step0_s_20260408_16,f7a2c30ab83745afaa4b50a7d1a4e0f8,,,
2026-04-08,SH600588,-0.002359507357215754,EXP_LGBModel_Alpha158_csi300_custom_step0_s_20260408_16,f7a2c30ab83745afaa4b50a7d1a4e0f8,,,
2026-04-08,SH600600,0.0037119190965310433,EXP_LGBModel_Alpha158_csi300_custom_step0_s_20260408_16,f7a2c30ab83745afaa4b50a7d1a4e0f8,,,
2026-04-08,SH600660,0.007670399699610048,EXP_LGBModel_Alpha158_csi300_custom_step0_s_20260408_16,f7a2c30ab83745afaa4b50a7d1a4e0f8,,,
2026-04-08,SH600674,-0.006176456627947045,EXP_LGBModel_Alpha158_csi300_custom_step0_s_20260408_16,f7a2c30ab83745afaa4b50a7d1a4e0f8,,,
2026-04-08,SH600690,-1.2099998029688214e-09,EXP_LGBModel_Alpha158_csi300_custom_step0_s_20260408_16,f7a2c30ab83745afaa4b50a7d1a4e0f8,,,
2026-04-08,SH600741,-1.2099998029688214e-09,EXP_LGBModel_Alpha158_csi300_custom_step0_s_20260408_16,f7a2c30ab83745afaa4b50a7d1a4e0f8,,,
2026-04-08,SH600760,0.004772758467446642,EXP_LGBModel_Alpha158_csi300_custom_step0_s_20260408_16,f7a2c30ab83745afaa4b50a7d1a4e0f8,,,
2026-04-08,SH600795,-0.0049145475586246275,EXP_LGBModel_Alpha158_csi300_custom_step0_s_20260408_16,f7a2c30ab83745afaa4b50a7d1a4e0f8,,,
2026-04-08,SH600803,-0.007107239593090516,EXP_LGBModel_Alpha158_csi300_custom_step0_s_20260408_16,f7a2c30ab83745afaa4b50a7d1a4e0f8,,,
2026-04-08,SH600809,-0.0025446769021761047,EXP_LGBModel_Alpha158_csi300_custom_step0_s_20260408_16,f7a2c30ab83745afaa4b50a7d1a4e0f8,,,
2026-04-08,SH600845,-0.0025732923492366552,EXP_LGBModel_Alpha158_csi300_custom_step0_s_20260408_16,f7a2c30ab83745afaa4b50a7d1a4e0f8,,,
2026-04-08,SH600875,-0.002359507357215754,EXP_LGBModel_Alpha158_csi300_custom_step0_s_20260408_16,f7a2c30ab83745afaa4b50a7d1a4e0f8,,,
2026-04-08,SH600886,-0.0025550414114086763,EXP_LGBModel_Alpha158_csi300_custom_step0_s_20260408_16,f7a2c30ab83745afaa4b50a7d1a4e0f8,,,
2026-04-08,SH600887,0.007670399699610048,EXP_LGBModel_Alpha158_csi300_custom_step0_s_20260408_16,f7a2c30ab83745afaa4b50a7d1a4e0f8,,,
2026-04-08,SH600893,0.005051211978100814,EXP_LGBModel_Alpha158_csi300_custom_step0_s_20260408_16,f7a2c30ab83745afaa4b50a7d1a4e0f8,,,
2026-04-08,SH600900,0.005467343155911587,EXP_LGBModel_Alpha158_csi300_custom_step0_s_20260408_16,f7a2c30ab83745afaa4b50a7d1a4e0f8,,,
2026-04-08,SH600905,-0.006176456627947045,EXP_LGBModel_Alpha158_csi300_custom_step0_s_20260408_16,f7a2c30ab83745afaa4b50a7d1a4e0f8,,,
2026-04-08,SH600918,0.0017817674561376679,EXP_LGBModel_Alpha158_csi300_custom_step0_s_20260408_16,f7a2c30ab83745afaa4b50a7d1a4e0f8,,,
2026-04-08,SH600919,0.0015088625528325828,EXP_LGBModel_Alpha158_csi300_custom_step0_s_20260408_16,f7a2c30ab83745afaa4b50a7d1a4e0f8,,,
2026-04-08,SH600926,0.0037119190965310433,EXP_LGBModel_Alpha158_csi300_custom_step0_s_20260408_16,f7a2c30ab83745afaa4b50a7d1a4e0f8,,,
2026-04-08,SH600930,-0.006176456627947045,EXP_LGBModel_Alpha158_csi300_custom_step0_s_20260408_16,f7a2c30ab83745afaa4b50a7d1a4e0f8,,,
2026-04-08,SH600938,-0.007107239593090516,EXP_LGBModel_Alpha158_csi300_custom_step0_s_20260408_16,f7a2c30ab83745afaa4b50a7d1a4e0f8,,,
2026-04-08,SH600941,0.007670399699610048,EXP_LGBModel_Alpha158_csi300_custom_step0_s_20260408_16,f7a2c30ab83745afaa4b50a7d1a4e0f8,,,
2026-04-08,SH600958,0.0015628211176912966,EXP_LGBModel_Alpha158_csi300_custom_step0_s_20260408_16,f7a2c30ab83745afaa4b50a7d1a4e0f8,,,
2026-04-08,SH600989,0.011430031330716685,EXP_LGBModel_Alpha158_csi300_custom_step0_s_20260408_16,f7a2c30ab83745afaa4b50a7d1a4e0f8,,,
2026-04-08,SZ000977,-1.2099998029688214e-09,EXP_LGBModel_Alpha158_csi300_custom_step0_s_20260408_16,f7a2c30ab83745afaa4b50a7d1a4e0f8,,,
2026-04-08,SZ000983,-0.004747733445874565,EXP_LGBModel_Alpha158_csi300_custom_step0_s_20260408_16,f7a2c30ab83745afaa4b50a7d1a4e0f8,,,
2026-04-08,SZ000999,0.0022030553336986575,EXP_LGBModel_Alpha158_csi300_custom_step0_s_20260408_16,f7a2c30ab83745afaa4b50a7d1a4e0f8,,,
2026-04-08,SZ001391,0.001141533240130307,EXP_LGBModel_Alpha158_csi300_custom_step0_s_20260408_16,f7a2c30ab83745afaa4b50a7d1a4e0f8,,,
2026-04-08,SH600845,-0.07695984470088031,EXP_DEnsembleModel_Alpha158_csi300_custom_step0_s_20260408_14,d7c6074fe9334c5fa3790f178d8b36ed,,,
2026-04-08,SH600875,-0.15641172091725272,EXP_DEnsembleModel_Alpha158_csi300_custom_step0_s_20260408_14,d7c6074fe9334c5fa3790f178d8b36ed,,,
2026-04-08,SH600886,-0.05276930318668032,EXP_DEnsembleModel_Alpha158_csi300_custom_step0_s_20260408_14,d7c6074fe9334c5fa3790f178d8b36ed,,,
2026-04-08,SH600887,0.1347018239964629,EXP_DEnsembleModel_Alpha158_csi300_custom_step0_s_20260408_14,d7c6074fe9334c5fa3790f178d8b36ed,,,
2026-04-08,SH600893,-0.037530310336290264,EXP_DEnsembleModel_Alpha158_csi300_custom_step0_s_20260408_14,d7c6074fe9334c5fa3790f178d8b36ed,,,
2026-04-08,SH600900,-0.004652734872397187,EXP_DEnsembleModel_Alpha158_csi300_custom_step0_s_20260408_14,d7c6074fe9334c5fa3790f178d8b36ed,,,
2026-04-08,SH600905,-0.05470247392716572,EXP_DEnsembleModel_Alpha158_csi300_custom_step0_s_20260408_14,d7c6074fe9334c5fa3790f178d8b36ed,,,
2026-04-08,SH600918,-0.032074875826824896,EXP_DEnsembleModel_Alpha158_csi300_custom_step0_s_20260408_14,d7c6074fe9334c5fa3790f178d8b36ed,,,
2026-04-08,SH600919,0.03867646613524895,EXP_DEnsembleModel_Alpha158_csi300_custom_step0_s_20260408_14,d7c6074fe9334c5fa3790f178d8b36ed,,,
2026-04-08,SH600926,0.08006506076423744,EXP_DEnsembleModel_Alpha158_csi300_custom_step0_s_20260408_14,d7c6074fe9334c5fa3790f178d8b36ed,,,
2026-04-08,SH600930,-0.06591253356866077,EXP_DEnsembleModel_Alpha158_csi300_custom_step0_s_20260408_14,d7c6074fe9334c5fa3790f178d8b36ed,,,
2026-04-08,SH600809,-0.12747812260263283,EXP_DEnsembleModel_Alpha158_csi300_custom_step0_s_20260408_14,d7c6074fe9334c5fa3790f178d8b36ed,,,
2026-04-08,SH600938,-0.03887812288177606,EXP_DEnsembleModel_Alpha158_csi300_custom_step0_s_20260408_14,d7c6074fe9334c5fa3790f178d8b36ed,,,
2026-04-08,SH600958,-0.08101687689466458,EXP_DEnsembleModel_Alpha158_csi300_custom_step0_s_20260408_14,d7c6074fe9334c5fa3790f178d8b36ed,,,
2026-04-08,SH600989,0.08650426309852823,EXP_DEnsembleModel_Alpha158_csi300_custom_step0_s_20260408_14,d7c6074fe9334c5fa3790f178d8b36ed,,,
2026-04-08,SH600999,-0.0053703881157250504,EXP_DEnsembleModel_Alpha158_csi300_custom_step0_s_20260408_14,d7c6074fe9334c5fa3790f178d8b36ed,,,
2026-04-08,SH601006,0.05541312873389973,EXP_DEnsembleModel_Alpha158_csi300_custom_step0_s_20260408_14,d7c6074fe9334c5fa3790f178d8b36ed,,,
2026-04-08,SH601009,0.027100234010553684,EXP_DEnsembleModel_Alpha158_csi300_custom_step0_s_20260408_14,d7c6074fe9334c5fa3790f178d8b36ed,,,
2026-04-08,SH601012,-0.15635327759217815,EXP_DEnsembleModel_Alpha158_csi300_custom_step0_s_20260408_14,d7c6074fe9334c5fa3790f178d8b36ed,,,
2026-04-08,SH601018,0.030122057122722805,EXP_DEnsembleModel_Alpha158_csi300_custom_step0_s_20260408_14,d7c6074fe9334c5fa3790f178d8b36ed,,,
2026-04-08,SH601021,-0.031594026898557635,EXP_DEnsembleModel_Alpha158_csi300_custom_step0_s_20260408_14,d7c6074fe9334c5fa3790f178d8b36ed,,,
2026-04-08,SH601058,-0.02189556303298389,EXP_DEnsembleModel_Alpha158_csi300_custom_step0_s_20260408_14,d7c6074fe9334c5fa3790f178d8b36ed,,,
2026-04-08,SH601059,-0.02276927813590506,EXP_DEnsembleModel_Alpha158_csi300_custom_step0_s_20260408_14,d7c6074fe9334c5fa3790f178d8b36ed,,,
2026-04-08,SH601066,-0.06974477207286683,EXP_DEnsembleModel_Alpha158_csi300_custom_step0_s_20260408_14,d7c6074fe9334c5fa3790f178d8b36ed,,,
2026-04-08,SH600941,0.07721731857337222,EXP_DEnsembleModel_Alpha158_csi300_custom_step0_s_20260408_14,d7c6074fe9334c5fa3790f178d8b36ed,,,
2026-04-08,SH601077,0.021420788693120477,EXP_DEnsembleModel_Alpha158_csi300_custom_step0_s_20260408_14,d7c6074fe9334c5fa3790f178d8b36ed,,,
2026-04-08,SH600803,0.02498110808219302,EXP_DEnsembleModel_Alpha158_csi300_custom_step0_s_20260408_14,d7c6074fe9334c5fa3790f178d8b36ed,,,
2026-04-08,SH600760,0.005269590837168616,EXP_DEnsembleModel_Alpha158_csi300_custom_step0_s_20260408_14,d7c6074fe9334c5fa3790f178d8b36ed,,,
2026-04-08,SH600362,0.08986091237213163,EXP_DEnsembleModel_Alpha158_csi300_custom_step0_s_20260408_14,d7c6074fe9334c5fa3790f178d8b36ed,,,
2026-04-08,SH600372,0.06333197040002768,EXP_DEnsembleModel_Alpha158_csi300_custom_step0_s_20260408_14,d7c6074fe9334c5fa3790f178d8b36ed,,,
2026-04-08,SH600377,0.008457926224896073,EXP_DEnsembleModel_Alpha158_csi300_custom_step0_s_20260408_14,d7c6074fe9334c5fa3790f178d8b36ed,,,
2026-04-08,SH600406,-0.09646812930937938,EXP_DEnsembleModel_Alpha158_csi300_custom_step0_s_20260408_14,d7c6074fe9334c5fa3790f178d8b36ed,,,
2026-04-08,SH600415,-0.08607624677453737,EXP_DEnsembleModel_Alpha158_csi300_custom_step0_s_20260408_14,d7c6074fe9334c5fa3790f178d8b36ed,,,
2026-04-08,SH600426,-0.07442556294041484,EXP_DEnsembleModel_Alpha158_csi300_custom_step0_s_20260408_14,d7c6074fe9334c5fa3790f178d8b36ed,,,
2026-04-08,SH600436,-0.049679967340485943,EXP_DEnsembleModel_Alpha158_csi300_custom_step0_s_20260408_14,d7c6074fe9334c5fa3790f178d8b36ed,,,
2026-04-08,SH600438,-0.1144258570847911,EXP_DEnsembleModel_Alpha158_csi300_custom_step0_s_20260408_14,d7c6074fe9334c5fa3790f178d8b36ed,,,
2026-04-08,SH600460,-0.08457697560123283,EXP_DEnsembleModel_Alpha158_csi300_custom_step0_s_20260408_14,d7c6074fe9334c5fa3790f178d8b36ed,,,
2026-04-08,SH600482,-0.050646768433654954,EXP_DEnsembleModel_Alpha158_csi300_custom_step0_s_20260408_14,d7c6074fe9334c5fa3790f178d8b36ed,,,
2026-04-08,SH600489,0.08166438927055042,EXP_DEnsembleModel_Alpha158_csi300_custom_step0_s_20260408_14,d7c6074fe9334c5fa3790f178d8b36ed,,,
2026-04-08,SH600795,-0.1166388515636783,EXP_DEnsembleModel_Alpha158_csi300_custom_step0_s_20260408_14,d7c6074fe9334c5fa3790f178d8b36ed,,,
2026-04-08,SH600515,-0.0927433965232354,EXP_DEnsembleModel_Alpha158_csi300_custom_step0_s_20260408_14,d7c6074fe9334c5fa3790f178d8b36ed,,,
2026-04-08,SH600522,-0.06433493124269561,EXP_DEnsembleModel_Alpha158_csi300_custom_step0_s_20260408_14,d7c6074fe9334c5fa3790f178d8b36ed,,,
2026-04-08,SH600547,0.0731478663418646,EXP_DEnsembleModel_Alpha158_csi300_custom_step0_s_20260408_14,d7c6074fe9334c5fa3790f178d8b36ed,,,
2026-04-08,SH600570,-0.08198912832940276,EXP_DEnsembleModel_Alpha158_csi300_custom_step0_s_20260408_14,d7c6074fe9334c5fa3790f178d8b36ed,,,
2026-04-08,SH600584,-0.0961646625681238,EXP_DEnsembleModel_Alpha158_csi300_custom_step0_s_20260408_14,d7c6074fe9334c5fa3790f178d8b36ed,,,
2026-04-08,SH600585,0.10295268047332115,EXP_DEnsembleModel_Alpha158_csi300_custom_step0_s_20260408_14,d7c6074fe9334c5fa3790f178d8b36ed,,,
2026-04-08,SH600588,-0.05448164688930286,EXP_DEnsembleModel_Alpha158_csi300_custom_step0_s_20260408_14,d7c6074fe9334c5fa3790f178d8b36ed,,,
2026-04-08,SH600600,0.09151018402577087,EXP_DEnsembleModel_Alpha158_csi300_custom_step0_s_20260408_14,d7c6074fe9334c5fa3790f178d8b36ed,,,
2026-04-08,SH600660,0.08523235265369397,EXP_DEnsembleModel_Alpha158_csi300_custom_step0_s_20260408_14,d7c6074fe9334c5fa3790f178d8b36ed,,,
2026-04-08,SH600674,-0.0538981545126685,EXP_DEnsembleModel_Alpha158_csi300_custom_step0_s_20260408_14,d7c6074fe9334c5fa3790f178d8b36ed,,,
2026-04-08,SH600690,-0.05019112923955003,EXP_DEnsembleModel_Alpha158_csi300_custom_step0_s_20260408_14,d7c6074fe9334c5fa3790f178d8b36ed,,,
2026-04-08,SH600741,0.03335817917682674,EXP_DEnsembleModel_Alpha158_csi300_custom_step0_s_20260408_14,d7c6074fe9334c5fa3790f178d8b36ed,,,
2026-04-08,SH600519,0.062095723194550936,EXP_DEnsembleModel_Alpha158_csi300_custom_step0_s_20260408_14,d7c6074fe9334c5fa3790f178d8b36ed,,,
2026-04-08,SH601088,0.027280180700981618,EXP_DEnsembleModel_Alpha158_csi300_custom_step0_s_20260408_14,d7c6074fe9334c5fa3790f178d8b36ed,,,
2026-04-08,SH601100,0.01399025366337449,EXP_DEnsembleModel_Alpha158_csi300_custom_step0_s_20260408_14,d7c6074fe9334c5fa3790f178d8b36ed,,,
2026-04-08,SH601111,-0.006831213912610411,EXP_DEnsembleModel_Alpha158_csi300_custom_step0_s_20260408_14,d7c6074fe9334c5fa3790f178d8b36ed,,,
2026-04-08,SH601658,0.047205258352686484,EXP_DEnsembleModel_Alpha158_csi300_custom_step0_s_20260408_14,d7c6074fe9334c5fa3790f178d8b36ed,,,
2026-04-08,SH601668,0.1190992111851738,EXP_DEnsembleModel_Alpha158_csi300_custom_step0_s_20260408_14,d7c6074fe9334c5fa3790f178d8b36ed,,,
2026-04-08,SH601669,-0.05890577645274973,EXP_DEnsembleModel_Alpha158_csi300_custom_step0_s_20260408_14,d7c6074fe9334c5fa3790f178d8b36ed,,,
2026-04-08,SH601688,-0.2209355045374498,EXP_DEnsembleModel_Alpha158_csi300_custom_step0_s_20260408_14,d7c6074fe9334c5fa3790f178d8b36ed,,,
2026-04-08,SH601689,-0.07461582644772612,EXP_DEnsembleModel_Alpha158_csi300_custom_step0_s_20260408_14,d7c6074fe9334c5fa3790f178d8b36ed,,,
2026-04-08,SH601698,0.016908955005493463,EXP_DEnsembleModel_Alpha158_csi300_custom_step0_s_20260408_14,d7c6074fe9334c5fa3790f178d8b36ed,,,
2026-04-08,SH601728,0.08792719690743132,EXP_DEnsembleModel_Alpha158_csi300_custom_step0_s_20260408_14,d7c6074fe9334c5fa3790f178d8b36ed,,,
2026-04-08,SH601766,0.037517036063794855,EXP_DEnsembleModel_Alpha158_csi300_custom_step0_s_20260408_14,d7c6074fe9334c5fa3790f178d8b36ed,,,
2026-04-08,SH601788,-0.06593871014245672,EXP_DEnsembleModel_Alpha158_csi300_custom_step0_s_20260408_14,d7c6074fe9334c5fa3790f178d8b36ed,,,
2026-04-08,SH601800,-0.0783536527232767,EXP_DEnsembleModel_Alpha158_csi300_custom_step0_s_20260408_14,d7c6074fe9334c5fa3790f178d8b36ed,,,
2026-04-08,SH601808,-0.010800128963526499,EXP_DEnsembleModel_Alpha158_csi300_custom_step0_s_20260408_14,d7c6074fe9334c5fa3790f178d8b36ed,,,
2026-04-08,SH601633,0.08717005308017167,EXP_DEnsembleModel_Alpha158_csi300_custom_step0_s_20260408_14,d7c6074fe9334c5fa3790f178d8b36ed,,,
2026-04-08,SH601816,0.1085180439225599,EXP_DEnsembleModel_Alpha158_csi300_custom_step0_s_20260408_14,d7c6074fe9334c5fa3790f178d8b36ed,,,
2026-04-08,SH601825,0.07284862999088686,EXP_DEnsembleModel_Alpha158_csi300_custom_step0_s_20260408_14,d7c6074fe9334c5fa3790f178d8b36ed,,,
2026-04-08,SH601838,0.13784007657263161,EXP_DEnsembleModel_Alpha158_csi300_custom_step0_s_20260408_14,d7c6074fe9334c5fa3790f178d8b36ed,,,
2026-04-08,SH601857,-0.0179562181020369,EXP_DEnsembleModel_Alpha158_csi300_custom_step0_s_20260408_14,d7c6074fe9334c5fa3790f178d8b36ed,,,
2026-04-08,SH601868,-0.025247143264699706,EXP_DEnsembleModel_Alpha158_csi300_custom_step0_s_20260408_14,d7c6074fe9334c5fa3790f178d8b36ed,,,
2026-04-08,SH601872,-0.12538635825802177,EXP_DEnsembleModel_Alpha158_csi300_custom_step0_s_20260408_14,d7c6074fe9334c5fa3790f178d8b36ed,,,
2026-04-08,SH601877,-0.14116836490443516,EXP_DEnsembleModel_Alpha158_csi300_custom_step0_s_20260408_14,d7c6074fe9334c5fa3790f178d8b36ed,,,
2026-04-08,SH601878,-0.14958050225747996,EXP_DEnsembleModel_Alpha158_csi300_custom_step0_s_20260408_14,d7c6074fe9334c5fa3790f178d8b36ed,,,
2026-04-08,SH601881,-0.18771817430216173,EXP_DEnsembleModel_Alpha158_csi300_custom_step0_s_20260408_14,d7c6074fe9334c5fa3790f178d8b36ed,,,
2026-04-08,SH601888,-0.06551641892542796,EXP_DEnsembleModel_Alpha158_csi300_custom_step0_s_20260408_14,d7c6074fe9334c5fa3790f178d8b36ed,,,
2026-04-08,SH601898,-0.02401864708193296,EXP_DEnsembleModel_Alpha158_csi300_custom_step0_s_20260408_14,d7c6074fe9334c5fa3790f178d8b36ed,,,
2026-04-08,SH601899,-0.048366332309831915,EXP_DEnsembleModel_Alpha158_csi300_custom_step0_s_20260408_14,d7c6074fe9334c5fa3790f178d8b36ed,,,
2026-04-08,SH601818,0.06781878332546311,EXP_DEnsembleModel_Alpha158_csi300_custom_step0_s_20260408_14,d7c6074fe9334c5fa3790f178d8b36ed,,,
2026-04-08,SH601628,-0.14872539044733946,EXP_DEnsembleModel_Alpha158_csi300_custom_step0_s_20260408_14,d7c6074fe9334c5fa3790f178d8b36ed,,,
2026-04-08,SH601618,-0.03277120215012398,EXP_DEnsembleModel_Alpha158_csi300_custom_step0_s_20260408_14,d7c6074fe9334c5fa3790f178d8b36ed,,,
2026-04-08,SH601607,0.03764704632357319,EXP_DEnsembleModel_Alpha158_csi300_custom_step0_s_20260408_14,d7c6074fe9334c5fa3790f178d8b36ed,,,
2026-04-08,SH601117,-0.10281589061024728,EXP_DEnsembleModel_Alpha158_csi300_custom_step0_s_20260408_14,d7c6074fe9334c5fa3790f178d8b36ed,,,
2026-04-08,SH601127,-0.19676482852317834,EXP_DEnsembleModel_Alpha158_csi300_custom_step0_s_20260408_14,d7c6074fe9334c5fa3790f178d8b36ed,,,
2026-04-08,SH601136,-0.12167010724299442,EXP_DEnsembleModel_Alpha158_csi300_custom_step0_s_20260408_14,d7c6074fe9334c5fa3790f178d8b36ed,,,
2026-04-08,SH601138,0.2031019272444253,EXP_DEnsembleModel_Alpha158_csi300_custom_step0_s_20260408_14,d7c6074fe9334c5fa3790f178d8b36ed,,,
2026-04-08,SH601166,0.08166257679678307,EXP_DEnsembleModel_Alpha158_csi300_custom_step0_s_20260408_14,d7c6074fe9334c5fa3790f178d8b36ed,,,
2026-04-08,SH601169,0.08405614836172477,EXP_DEnsembleModel_Alpha158_csi300_custom_step0_s_20260408_14,d7c6074fe9334c5fa3790f178d8b36ed,,,
2026-04-08,SH601186,0.013481546398207925,EXP_DEnsembleModel_Alpha158_csi300_custom_step0_s_20260408_14,d7c6074fe9334c5fa3790f178d8b36ed,,,
2026-04-08,SH601211,-0.10068060747058048,EXP_DEnsembleModel_Alpha158_csi300_custom_step0_s_20260408_14,d7c6074fe9334c5fa3790f178d8b36ed,,,
2026-04-08,SH601225,0.022318764735884653,EXP_DEnsembleModel_Alpha158_csi300_custom_step0_s_20260408_14,d7c6074fe9334c5fa3790f178d8b36ed,,,
2026-04-08,SH601229,0.010037805271488679,EXP_DEnsembleModel_Alpha158_csi300_custom_step0_s_20260408_14,d7c6074fe9334c5fa3790f178d8b36ed,,,
2026-04-08,SH601236,-0.06260370637188606,EXP_DEnsembleModel_Alpha158_csi300_custom_step0_s_20260408_14,d7c6074fe9334c5fa3790f178d8b36ed,,,
2026-04-08,SH601238,-0.09265283137691195,EXP_DEnsembleModel_Alpha158_csi300_custom_step0_s_20260408_14,d7c6074fe9334c5fa3790f178d8b36ed,,,
2026-04-08,SH601288,-0.03945132582238669,EXP_DEnsembleModel_Alpha158_csi300_custom_step0_s_20260408_14,d7c6074fe9334c5fa3790f178d8b36ed,,,
2026-04-08,SH601298,-0.08767495812970036,EXP_DEnsembleModel_Alpha158_csi300_custom_step0_s_20260408_14,d7c6074fe9334c5fa3790f178d8b36ed,,,
2026-04-08,SH601318,-0.14047592179747923,EXP_DEnsembleModel_Alpha158_csi300_custom_step0_s_20260408_14,d7c6074fe9334c5fa3790f178d8b36ed,,,
2026-04-08,SH601319,-0.18985501451155537,EXP_DEnsembleModel_Alpha158_csi300_custom_step0_s_20260408_14,d7c6074fe9334c5fa3790f178d8b36ed,,,
2026-04-08,SH601328,0.06979110401268715,EXP_DEnsembleModel_Alpha158_csi300_custom_step0_s_20260408_14,d7c6074fe9334c5fa3790f178d8b36ed,,,
2026-04-08,SH601336,-0.15280269597852406,EXP_DEnsembleModel_Alpha158_csi300_custom_step0_s_20260408_14,d7c6074fe9334c5fa3790f178d8b36ed,,,
2026-04-08,SH601360,-0.07520464590136007,EXP_DEnsembleModel_Alpha158_csi300_custom_step0_s_20260408_14,d7c6074fe9334c5fa3790f178d8b36ed,,,
2026-04-08,SH601377,-0.2315962903699738,EXP_DEnsembleModel_Alpha158_csi300_custom_step0_s_20260408_14,d7c6074fe9334c5fa3790f178d8b36ed,,,
2026-04-08,SH601390,-0.0449133081622677,EXP_DEnsembleModel_Alpha158_csi300_custom_step0_s_20260408_14,d7c6074fe9334c5fa3790f178d8b36ed,,,
2026-04-08,SH601398,-0.005133514394122336,EXP_DEnsembleModel_Alpha158_csi300_custom_step0_s_20260408_14,d7c6074fe9334c5fa3790f178d8b36ed,,,
2026-04-08,SH601456,-0.06120628393261105,EXP_DEnsembleModel_Alpha158_csi300_custom_step0_s_20260408_14,d7c6074fe9334c5fa3790f178d8b36ed,,,
2026-04-08,SH601600,0.009283034747815637,EXP_DEnsembleModel_Alpha158_csi300_custom_step0_s_20260408_14,d7c6074fe9334c5fa3790f178d8b36ed,,,
2026-04-08,SH601601,-0.13847499223200943,EXP_DEnsembleModel_Alpha158_csi300_custom_step0_s_20260408_14,d7c6074fe9334c5fa3790f178d8b36ed,,,
2026-04-08,SH600346,-0.036775433868384,EXP_DEnsembleModel_Alpha158_csi300_custom_step0_s_20260408_14,d7c6074fe9334c5fa3790f178d8b36ed,,,
2026-04-08,SZ301269,-0.03509693965315819,EXP_XGBModel_Alpha158_csi300_custom_step0_s_20260408_13,db69e2c872d444f18b58478652f44874,,,
2026-04-08,SH600309,-0.20106628785316588,EXP_DEnsembleModel_Alpha158_csi300_custom_step0_s_20260408_14,d7c6074fe9334c5fa3790f178d8b36ed,,,
2026-04-08,SH600233,0.12111111683670572,EXP_DEnsembleModel_Alpha158_csi300_custom_step0_s_20260408_14,d7c6074fe9334c5fa3790f178d8b36ed,,,
2026-04-08,SZ002600,-0.007107239593090516,EXP_LGBModel_Alpha158_csi300_custom_step0_s_20260408_16,f7a2c30ab83745afaa4b50a7d1a4e0f8,,,
2026-04-08,SZ002601,0.002569701923748182,EXP_LGBModel_Alpha158_csi300_custom_step0_s_20260408_16,f7a2c30ab83745afaa4b50a7d1a4e0f8,,,
2026-04-08,SZ002625,0.005051211978100814,EXP_LGBModel_Alpha158_csi300_custom_step0_s_20260408_16,f7a2c30ab83745afaa4b50a7d1a4e0f8,,,
2026-04-08,SZ002648,-0.00038060031477076635,EXP_LGBModel_Alpha158_csi300_custom_step0_s_20260408_16,f7a2c30ab83745afaa4b50a7d1a4e0f8,,,
2026-04-08,SZ002709,-1.2099998029688214e-09,EXP_LGBModel_Alpha158_csi300_custom_step0_s_20260408_16,f7a2c30ab83745afaa4b50a7d1a4e0f8,,,
2026-04-08,SZ002714,0.0003509138690996406,EXP_LGBModel_Alpha158_csi300_custom_step0_s_20260408_16,f7a2c30ab83745afaa4b50a7d1a4e0f8,,,
2026-04-08,SZ002736,-0.0034210294507841044,EXP_LGBModel_Alpha158_csi300_custom_step0_s_20260408_16,f7a2c30ab83745afaa4b50a7d1a4e0f8,,,
2026-04-08,SZ002916,-0.002359507357215754,EXP_LGBModel_Alpha158_csi300_custom_step0_s_20260408_16,f7a2c30ab83745afaa4b50a7d1a4e0f8,,,
2026-04-08,SZ002920,-0.002999741573223115,EXP_LGBModel_Alpha158_csi300_custom_step0_s_20260408_16,f7a2c30ab83745afaa4b50a7d1a4e0f8,,,
2026-04-08,SZ002938,-0.007107239593090516,EXP_LGBModel_Alpha158_csi300_custom_step0_s_20260408_16,f7a2c30ab83745afaa4b50a7d1a4e0f8,,,
2026-04-08,SZ003816,-0.00038060031477076635,EXP_LGBModel_Alpha158_csi300_custom_step0_s_20260408_16,f7a2c30ab83745afaa4b50a7d1a4e0f8,,,
2026-04-08,SZ002594,-0.007107239593090516,EXP_LGBModel_Alpha158_csi300_custom_step0_s_20260408_16,f7a2c30ab83745afaa4b50a7d1a4e0f8,,,
2026-04-08,SZ300014,-0.007107239593090516,EXP_LGBModel_Alpha158_csi300_custom_step0_s_20260408_16,f7a2c30ab83745afaa4b50a7d1a4e0f8,,,
2026-04-08,SZ300033,-0.002359507357215754,EXP_LGBModel_Alpha158_csi300_custom_step0_s_20260408_16,f7a2c30ab83745afaa4b50a7d1a4e0f8,,,
2026-04-08,SZ300059,-0.007107239593090516,EXP_LGBModel_Alpha158_csi300_custom_step0_s_20260408_16,f7a2c30ab83745afaa4b50a7d1a4e0f8,,,
2026-04-08,SZ300122,-0.0025446769021761047,EXP_LGBModel_Alpha158_csi300_custom_step0_s_20260408_16,f7a2c30ab83745afaa4b50a7d1a4e0f8,,,
2026-04-08,SZ300124,-1.2099998029688214e-09,EXP_LGBModel_Alpha158_csi300_custom_step0_s_20260408_16,f7a2c30ab83745afaa4b50a7d1a4e0f8,,,
2026-04-08,SZ300251,-1.2099998029688214e-09,EXP_LGBModel_Alpha158_csi300_custom_step0_s_20260408_16,f7a2c30ab83745afaa4b50a7d1a4e0f8,,,
2026-04-08,SZ300274,0.005989905622536459,EXP_LGBModel_Alpha158_csi300_custom_step0_s_20260408_16,f7a2c30ab83745afaa4b50a7d1a4e0f8,,,
2026-04-08,SZ300308,0.00014447261372063186,EXP_LGBModel_Alpha158_csi300_custom_step0_s_20260408_16,f7a2c30ab83745afaa4b50a7d1a4e0f8,,,
2026-04-08,SZ300316,-1.2099998029688214e-09,EXP_LGBModel_Alpha158_csi300_custom_step0_s_20260408_16,f7a2c30ab83745afaa4b50a7d1a4e0f8,,,
2026-04-08,SZ300347,-1.2099998029688214e-09,EXP_LGBModel_Alpha158_csi300_custom_step0_s_20260408_16,f7a2c30ab83745afaa4b50a7d1a4e0f8,,,
2026-04-08,SZ300394,-0.0014209336248002316,EXP_LGBModel_Alpha158_csi300_custom_step0_s_20260408_16,f7a2c30ab83745afaa4b50a7d1a4e0f8,,,
2026-04-08,SZ300408,-1.2099998029688214e-09,EXP_LGBModel_Alpha158_csi300_custom_step0_s_20260408_16,f7a2c30ab83745afaa4b50a7d1a4e0f8,,,
2026-04-08,SZ300015,0.0015628211176912966,EXP_LGBModel_Alpha158_csi300_custom_step0_s_20260408_16,f7a2c30ab83745afaa4b50a7d1a4e0f8,,,
2026-04-08,SZ300413,-1.2099998029688214e-09,EXP_LGBModel_Alpha158_csi300_custom_step0_s_20260408_16,f7a2c30ab83745afaa4b50a7d1a4e0f8,,,
2026-04-08,SZ002493,0.005051211978100814,EXP_LGBModel_Alpha158_csi300_custom_step0_s_20260408_16,f7a2c30ab83745afaa4b50a7d1a4e0f8,,,
2026-04-08,SZ002466,-0.0025732923492366552,EXP_LGBModel_Alpha158_csi300_custom_step0_s_20260408_16,f7a2c30ab83745afaa4b50a7d1a4e0f8,,,
2026-04-08,SZ001965,-1.2099998029688214e-09,EXP_LGBModel_Alpha158_csi300_custom_step0_s_20260408_16,f7a2c30ab83745afaa4b50a7d1a4e0f8,,,
2026-04-08,SZ001979,0.010491337686281039,EXP_LGBModel_Alpha158_csi300_custom_step0_s_20260408_16,f7a2c30ab83745afaa4b50a7d1a4e0f8,,,
2026-04-08,SZ002001,-0.0014209336248002316,EXP_LGBModel_Alpha158_csi300_custom_step0_s_20260408_16,f7a2c30ab83745afaa4b50a7d1a4e0f8,,,
2026-04-08,SZ002027,0.0015628211176912966,EXP_LGBModel_Alpha158_csi300_custom_step0_s_20260408_16,f7a2c30ab83745afaa4b50a7d1a4e0f8,,,
2026-04-08,SZ002028,0.0022030553336986575,EXP_LGBModel_Alpha158_csi300_custom_step0_s_20260408_16,f7a2c30ab83745afaa4b50a7d1a4e0f8,,,
2026-04-08,SZ002049,-0.007107239593090516,EXP_LGBModel_Alpha158_csi300_custom_step0_s_20260408_16,f7a2c30ab83745afaa4b50a7d1a4e0f8,,,
2026-04-08,SZ002050,-0.007107239593090516,EXP_LGBModel_Alpha158_csi300_custom_step0_s_20260408_16,f7a2c30ab83745afaa4b50a7d1a4e0f8,,,
2026-04-08,SZ002074,-0.004747733445874565,EXP_LGBModel_Alpha158_csi300_custom_step0_s_20260408_16,f7a2c30ab83745afaa4b50a7d1a4e0f8,,,
2026-04-08,SZ002142,0.0022030553336986575,EXP_LGBModel_Alpha158_csi300_custom_step0_s_20260408_16,f7a2c30ab83745afaa4b50a7d1a4e0f8,,,
2026-04-08,SZ002179,-0.007107239593090516,EXP_LGBModel_Alpha158_csi300_custom_step0_s_20260408_16,f7a2c30ab83745afaa4b50a7d1a4e0f8,,,
2026-04-08,SZ002230,-0.002999741573223115,EXP_LGBModel_Alpha158_csi300_custom_step0_s_20260408_16,f7a2c30ab83745afaa4b50a7d1a4e0f8,,,
2026-04-08,SZ002475,0.001650240535755409,EXP_LGBModel_Alpha158_csi300_custom_step0_s_20260408_16,f7a2c30ab83745afaa4b50a7d1a4e0f8,,,
2026-04-08,SZ002236,-0.002999741573223115,EXP_LGBModel_Alpha158_csi300_custom_step0_s_20260408_16,f7a2c30ab83745afaa4b50a7d1a4e0f8,,,
2026-04-08,SZ002252,0.0017817674561376679,EXP_LGBModel_Alpha158_csi300_custom_step0_s_20260408_16,f7a2c30ab83745afaa4b50a7d1a4e0f8,,,
2026-04-08,SZ002304,0.004772758467446642,EXP_LGBModel_Alpha158_csi300_custom_step0_s_20260408_16,f7a2c30ab83745afaa4b50a7d1a4e0f8,,,
2026-04-08,SZ002311,-0.007107239593090516,EXP_LGBModel_Alpha158_csi300_custom_step0_s_20260408_16,f7a2c30ab83745afaa4b50a7d1a4e0f8,,,
2026-04-08,SZ002352,0.0022030553336986575,EXP_LGBModel_Alpha158_csi300_custom_step0_s_20260408_16,f7a2c30ab83745afaa4b50a7d1a4e0f8,,,
2026-04-08,SZ002371,-0.007107239593090516,EXP_LGBModel_Alpha158_csi300_custom_step0_s_20260408_16,f7a2c30ab83745afaa4b50a7d1a4e0f8,,,
2026-04-08,SZ002384,-1.2099998029688214e-09,EXP_LGBModel_Alpha158_csi300_custom_step0_s_20260408_16,f7a2c30ab83745afaa4b50a7d1a4e0f8,,,
2026-04-08,SZ002415,0.0017817674561376679,EXP_LGBModel_Alpha158_csi300_custom_step0_s_20260408_16,f7a2c30ab83745afaa4b50a7d1a4e0f8,,,
2026-04-08,SZ002422,-0.0014209336248002316,EXP_LGBModel_Alpha158_csi300_custom_step0_s_20260408_16,f7a2c30ab83745afaa4b50a7d1a4e0f8,,,
2026-04-08,SZ002459,-0.0049145475586246275,EXP_LGBModel_Alpha158_csi300_custom_step0_s_20260408_16,f7a2c30ab83745afaa4b50a7d1a4e0f8,,,
2026-04-08,SZ002460,0.001650240535755409,EXP_LGBModel_Alpha158_csi300_custom_step0_s_20260408_16,f7a2c30ab83745afaa4b50a7d1a4e0f8,,,
2026-04-08,SZ002463,-0.002359507357215754,EXP_LGBModel_Alpha158_csi300_custom_step0_s_20260408_16,f7a2c30ab83745afaa4b50a7d1a4e0f8,,,
2026-04-08,SZ002241,-0.002359507357215754,EXP_LGBModel_Alpha158_csi300_custom_step0_s_20260408_16,f7a2c30ab83745afaa4b50a7d1a4e0f8,,,
2026-04-08,SZ300418,-0.007107239593090516,EXP_LGBModel_Alpha158_csi300_custom_step0_s_20260408_16,f7a2c30ab83745afaa4b50a7d1a4e0f8,,,
2026-04-08,SZ300433,-0.002359507357215754,EXP_LGBModel_Alpha158_csi300_custom_step0_s_20260408_16,f7a2c30ab83745afaa4b50a7d1a4e0f8,,,
2026-04-08,SZ300442,-0.007107239593090516,EXP_LGBModel_Alpha158_csi300_custom_step0_s_20260408_16,f7a2c30ab83745afaa4b50a7d1a4e0f8,,,
2026-04-08,SH600027,-0.14818749683059387,EXP_DEnsembleModel_Alpha158_csi300_custom_step0_s_20260408_14,d7c6074fe9334c5fa3790f178d8b36ed,,,
2026-04-08,SH600028,-0.014921029970016117,EXP_DEnsembleModel_Alpha158_csi300_custom_step0_s_20260408_14,d7c6074fe9334c5fa3790f178d8b36ed,,,
2026-04-08,SH600029,0.013829977780450338,EXP_DEnsembleModel_Alpha158_csi300_custom_step0_s_20260408_14,d7c6074fe9334c5fa3790f178d8b36ed,,,
2026-04-08,SH600030,-0.054867453465301176,EXP_DEnsembleModel_Alpha158_csi300_custom_step0_s_20260408_14,d7c6074fe9334c5fa3790f178d8b36ed,,,
2026-04-08,SH600031,-0.12636274815286325,EXP_DEnsembleModel_Alpha158_csi300_custom_step0_s_20260408_14,d7c6074fe9334c5fa3790f178d8b36ed,,,
2026-04-08,SH600036,0.05865417019950166,EXP_DEnsembleModel_Alpha158_csi300_custom_step0_s_20260408_14,d7c6074fe9334c5fa3790f178d8b36ed,,,
2026-04-08,SH600039,-0.008745385256073997,EXP_DEnsembleModel_Alpha158_csi300_custom_step0_s_20260408_14,d7c6074fe9334c5fa3790f178d8b36ed,,,
2026-04-08,SH600048,-0.14305499735897048,EXP_DEnsembleModel_Alpha158_csi300_custom_step0_s_20260408_14,d7c6074fe9334c5fa3790f178d8b36ed,,,
2026-04-08,SH600050,-0.0278789607610164,EXP_DEnsembleModel_Alpha158_csi300_custom_step0_s_20260408_14,d7c6074fe9334c5fa3790f178d8b36ed,,,
2026-04-08,SH600061,-0.028572461103227274,EXP_DEnsembleModel_Alpha158_csi300_custom_step0_s_20260408_14,d7c6074fe9334c5fa3790f178d8b36ed,,,
2026-04-08,SH600066,0.0007213615020642785,EXP_DEnsembleModel_Alpha158_csi300_custom_step0_s_20260408_14,d7c6074fe9334c5fa3790f178d8b36ed,,,
2026-04-08,SH600026,-0.057178931359815,EXP_DEnsembleModel_Alpha158_csi300_custom_step0_s_20260408_14,d7c6074fe9334c5fa3790f178d8b36ed,,,
2026-04-08,SH600085,-0.025662453979896083,EXP_DEnsembleModel_Alpha158_csi300_custom_step0_s_20260408_14,d7c6074fe9334c5fa3790f178d8b36ed,,,
2026-04-08,SH600104,0.007107332642301714,EXP_DEnsembleModel_Alpha158_csi300_custom_step0_s_20260408_14,d7c6074fe9334c5fa3790f178d8b36ed,,,
2026-04-08,SH600111,0.04676347338745263,EXP_DEnsembleModel_Alpha158_csi300_custom_step0_s_20260408_14,d7c6074fe9334c5fa3790f178d8b36ed,,,
2026-04-08,SH600115,0.07179109977133355,EXP_DEnsembleModel_Alpha158_csi300_custom_step0_s_20260408_14,d7c6074fe9334c5fa3790f178d8b36ed,,,
2026-04-08,SH600150,0.051218712406953235,EXP_DEnsembleModel_Alpha158_csi300_custom_step0_s_20260408_14,d7c6074fe9334c5fa3790f178d8b36ed,,,
2026-04-08,SH600160,0.0780701137899516,EXP_DEnsembleModel_Alpha158_csi300_custom_step0_s_20260408_14,d7c6074fe9334c5fa3790f178d8b36ed,,,
2026-04-08,SH600161,-0.01552532309390316,EXP_DEnsembleModel_Alpha158_csi300_custom_step0_s_20260408_14,d7c6074fe9334c5fa3790f178d8b36ed,,,
2026-04-08,SH600176,-0.09387295949002604,EXP_DEnsembleModel_Alpha158_csi300_custom_step0_s_20260408_14,d7c6074fe9334c5fa3790f178d8b36ed,,,
2026-04-08,SH600183,0.040083406403613575,EXP_DEnsembleModel_Alpha158_csi300_custom_step0_s_20260408_14,d7c6074fe9334c5fa3790f178d8b36ed,,,
2026-04-08,SH600188,-0.07172378747851818,EXP_DEnsembleModel_Alpha158_csi300_custom_step0_s_20260408_14,d7c6074fe9334c5fa3790f178d8b36ed,,,
2026-04-08,SH600196,0.0021327736349223115,EXP_DEnsembleModel_Alpha158_csi300_custom_step0_s_20260408_14,d7c6074fe9334c5fa3790f178d8b36ed,,,
2026-04-08,SH600219,0.08598553391399247,EXP_DEnsembleModel_Alpha158_csi300_custom_step0_s_20260408_14,d7c6074fe9334c5fa3790f178d8b36ed,,,
2026-04-08,SH600089,-0.1594202231874248,EXP_DEnsembleModel_Alpha158_csi300_custom_step0_s_20260408_14,d7c6074fe9334c5fa3790f178d8b36ed,,,
2026-04-08,SH600025,-0.033038844737862984,EXP_DEnsembleModel_Alpha158_csi300_custom_step0_s_20260408_14,d7c6074fe9334c5fa3790f178d8b36ed,,,
2026-04-08,SH600023,0.035512050672337654,EXP_DEnsembleModel_Alpha158_csi300_custom_step0_s_20260408_14,d7c6074fe9334c5fa3790f178d8b36ed,,,
2026-04-08,SH600019,0.01839104988892935,EXP_DEnsembleModel_Alpha158_csi300_custom_step0_s_20260408_14,d7c6074fe9334c5fa3790f178d8b36ed,,,
2026-04-08,SZ300476,-1.2099998029688214e-09,EXP_LGBModel_Alpha158_csi300_custom_step0_s_20260408_16,f7a2c30ab83745afaa4b50a7d1a4e0f8,,,
2026-04-08,SZ300498,0.0003509138690996406,EXP_LGBModel_Alpha158_csi300_custom_step0_s_20260408_16,f7a2c30ab83745afaa4b50a7d1a4e0f8,,,
2026-04-08,SZ300502,0.00014447261372063186,EXP_LGBModel_Alpha158_csi300_custom_step0_s_20260408_16,f7a2c30ab83745afaa4b50a7d1a4e0f8,,,
2026-04-08,SZ300628,-0.0049145475586246275,EXP_LGBModel_Alpha158_csi300_custom_step0_s_20260408_16,f7a2c30ab83745afaa4b50a7d1a4e0f8,,,
2026-04-08,SZ300661,-1.2099998029688214e-09,EXP_LGBModel_Alpha158_csi300_custom_step0_s_20260408_16,f7a2c30ab83745afaa4b50a7d1a4e0f8,,,
2026-04-08,SZ300750,-0.007107239593090516,EXP_LGBModel_Alpha158_csi300_custom_step0_s_20260408_16,f7a2c30ab83745afaa4b50a7d1a4e0f8,,,
2026-04-08,SZ300759,-0.0014209336248002316,EXP_LGBModel_Alpha158_csi300_custom_step0_s_20260408_16,f7a2c30ab83745afaa4b50a7d1a4e0f8,,,
2026-04-08,SZ300760,0.0022030553336986575,EXP_LGBModel_Alpha158_csi300_custom_step0_s_20260408_16,f7a2c30ab83745afaa4b50a7d1a4e0f8,,,
2026-04-08,SZ300782,0.0003509138690996406,EXP_LGBModel_Alpha158_csi300_custom_step0_s_20260408_16,f7a2c30ab83745afaa4b50a7d1a4e0f8,,,
2026-04-08,SZ300803,-0.002359507357215754,EXP_LGBModel_Alpha158_csi300_custom_step0_s_20260408_16,f7a2c30ab83745afaa4b50a7d1a4e0f8,,,
2026-04-08,SZ300832,-0.0025446769021761047,EXP_LGBModel_Alpha158_csi300_custom_step0_s_20260408_16,f7a2c30ab83745afaa4b50a7d1a4e0f8,,,
2026-04-08,SZ300866,-0.004396818366775122,EXP_LGBModel_Alpha158_csi300_custom_step0_s_20260408_16,f7a2c30ab83745afaa4b50a7d1a4e0f8,,,
2026-04-08,SZ300896,0.005051211978100814,EXP_LGBModel_Alpha158_csi300_custom_step0_s_20260408_16,f7a2c30ab83745afaa4b50a7d1a4e0f8,,,
2026-04-08,SZ300979,0.004351470589885653,EXP_LGBModel_Alpha158_csi300_custom_step0_s_20260408_16,f7a2c30ab83745afaa4b50a7d1a4e0f8,,,
2026-04-08,SZ300999,-1.2099998029688214e-09,EXP_LGBModel_Alpha158_csi300_custom_step0_s_20260408_16,f7a2c30ab83745afaa4b50a7d1a4e0f8,,,
2026-04-08,SZ301236,0.005051211978100814,EXP_LGBModel_Alpha158_csi300_custom_step0_s_20260408_16,f7a2c30ab83745afaa4b50a7d1a4e0f8,,,
2026-04-08,SZ301269,0.0022030553336986575,EXP_LGBModel_Alpha158_csi300_custom_step0_s_20260408_16,f7a2c30ab83745afaa4b50a7d1a4e0f8,,,
2026-04-08,SZ302132,-0.0025446769021761047,EXP_LGBModel_Alpha158_csi300_custom_step0_s_20260408_16,f7a2c30ab83745afaa4b50a7d1a4e0f8,,,
2026-04-08,SH600000,0.05787338837959135,EXP_DEnsembleModel_Alpha158_csi300_custom_step0_s_20260408_14,d7c6074fe9334c5fa3790f178d8b36ed,,,
2026-04-08,SH600009,-0.028304869970238983,EXP_DEnsembleModel_Alpha158_csi300_custom_step0_s_20260408_14,d7c6074fe9334c5fa3790f178d8b36ed,,,
2026-04-08,SH600010,-0.022178172950445198,EXP_DEnsembleModel_Alpha158_csi300_custom_step0_s_20260408_14,d7c6074fe9334c5fa3790f178d8b36ed,,,
2026-04-08,SH600011,-0.08645744175107853,EXP_DEnsembleModel_Alpha158_csi300_custom_step0_s_20260408_14,d7c6074fe9334c5fa3790f178d8b36ed,,,
2026-04-08,SH600015,0.05491620921935764,EXP_DEnsembleModel_Alpha158_csi300_custom_step0_s_20260408_14,d7c6074fe9334c5fa3790f178d8b36ed,,,
2026-04-08,SH600016,0.03251831856530786,EXP_DEnsembleModel_Alpha158_csi300_custom_step0_s_20260408_14,d7c6074fe9334c5fa3790f178d8b36ed,,,
2026-04-08,SH600018,0.06869528971160216,EXP_DEnsembleModel_Alpha158_csi300_custom_step0_s_20260408_14,d7c6074fe9334c5fa3790f178d8b36ed,,,
2026-04-08,SH600276,-0.05852972548227272,EXP_DEnsembleModel_Alpha158_csi300_custom_step0_s_20260408_14,d7c6074fe9334c5fa3790f178d8b36ed,,,
2026-04-08,SZ302132,-0.011147129349410534,EXP_XGBModel_Alpha158_csi300_custom_step0_s_20260408_13,db69e2c872d444f18b58478652f44874,,,
