datetime,instrument,score,exp_name,rid,real_label,error,abs_error
2026-04-07,SH600000,-1.2099998029688214e-09,EXP_LGBModel_Alpha158_csi300_custom_step0_s_20260407_16,4216e1d533bb4f408e31dd00520d8a4e,,,
2026-04-07,SZ300866,-0.019270500225351945,EXP_DEnsembleModel_Alpha158_csi300_custom_step0_s_20260407_14,eefeb6319b5f4d9c88f432a9b980e494,,,
2026-04-07,SZ300896,0.054596497022578024,EXP_DEnsembleModel_Alpha158_csi300_custom_step0_s_20260407_14,eefeb6319b5f4d9c88f432a9b980e494,,,
2026-04-07,SZ300979,0.04850065328403303,EXP_DEnsembleModel_Alpha158_csi300_custom_step0_s_20260407_14,eefeb6319b5f4d9c88f432a9b980e494,,,
2026-04-07,SZ300999,-0.03239412619710979,EXP_DEnsembleModel_Alpha158_csi300_custom_step0_s_20260407_14,eefeb6319b5f4d9c88f432a9b980e494,,,
2026-04-07,SZ301236,0.014081152866976802,EXP_DEnsembleModel_Alpha158_csi300_custom_step0_s_20260407_14,eefeb6319b5f4d9c88f432a9b980e494,,,
2026-04-07,SZ301269,0.12758252943826712,EXP_DEnsembleModel_Alpha158_csi300_custom_step0_s_20260407_14,eefeb6319b5f4d9c88f432a9b980e494,,,
2026-04-07,SZ302132,0.002221827941514336,EXP_DEnsembleModel_Alpha158_csi300_custom_step0_s_20260407_14,eefeb6319b5f4d9c88f432a9b980e494,,,
2026-04-07,SH600000,0.018175499513745308,EXP_XGBModel_Alpha158_csi300_custom_step0_s_20260407_13,0ed795681f844aeea0d4e72ca3258d67,,,
2026-04-07,SH600009,-0.003648533020168543,EXP_XGBModel_Alpha158_csi300_custom_step0_s_20260407_13,0ed795681f844aeea0d4e72ca3258d67,,,
2026-04-07,SH600010,-0.016832217574119568,EXP_XGBModel_Alpha158_csi300_custom_step0_s_20260407_13,0ed795681f844aeea0d4e72ca3258d67,,,
2026-04-07,SH600011,-0.08124586194753647,EXP_XGBModel_Alpha158_csi300_custom_step0_s_20260407_13,0ed795681f844aeea0d4e72ca3258d67,,,
2026-04-07,SZ300832,-0.013464139405804895,EXP_DEnsembleModel_Alpha158_csi300_custom_step0_s_20260407_14,eefeb6319b5f4d9c88f432a9b980e494,,,
2026-04-07,SH600015,0.009440082125365734,EXP_XGBModel_Alpha158_csi300_custom_step0_s_20260407_13,0ed795681f844aeea0d4e72ca3258d67,,,
2026-04-07,SH600018,0.02220386266708374,EXP_XGBModel_Alpha158_csi300_custom_step0_s_20260407_13,0ed795681f844aeea0d4e72ca3258d67,,,
2026-04-07,SH600019,0.013828218914568424,EXP_XGBModel_Alpha158_csi300_custom_step0_s_20260407_13,0ed795681f844aeea0d4e72ca3258d67,,,
2026-04-07,SH600023,-0.00025971970171667635,EXP_XGBModel_Alpha158_csi300_custom_step0_s_20260407_13,0ed795681f844aeea0d4e72ca3258d67,,,
2026-04-07,SH600025,-0.043684449046850204,EXP_XGBModel_Alpha158_csi300_custom_step0_s_20260407_13,0ed795681f844aeea0d4e72ca3258d67,,,
2026-04-07,SH600026,0.05488751083612442,EXP_XGBModel_Alpha158_csi300_custom_step0_s_20260407_13,0ed795681f844aeea0d4e72ca3258d67,,,
2026-04-07,SH600027,-0.06723558157682419,EXP_XGBModel_Alpha158_csi300_custom_step0_s_20260407_13,0ed795681f844aeea0d4e72ca3258d67,,,
2026-04-07,SH600028,-0.029008157551288605,EXP_XGBModel_Alpha158_csi300_custom_step0_s_20260407_13,0ed795681f844aeea0d4e72ca3258d67,,,
2026-04-07,SH600029,0.02485286258161068,EXP_XGBModel_Alpha158_csi300_custom_step0_s_20260407_13,0ed795681f844aeea0d4e72ca3258d67,,,
2026-04-07,SH600030,-0.013652227818965912,EXP_XGBModel_Alpha158_csi300_custom_step0_s_20260407_13,0ed795681f844aeea0d4e72ca3258d67,,,
2026-04-07,SH600031,-0.012636474333703518,EXP_XGBModel_Alpha158_csi300_custom_step0_s_20260407_13,0ed795681f844aeea0d4e72ca3258d67,,,
2026-04-07,SH600036,0.025273868814110756,EXP_XGBModel_Alpha158_csi300_custom_step0_s_20260407_13,0ed795681f844aeea0d4e72ca3258d67,,,
2026-04-07,SH600016,-0.030100028961896896,EXP_XGBModel_Alpha158_csi300_custom_step0_s_20260407_13,0ed795681f844aeea0d4e72ca3258d67,,,
2026-04-07,SH600039,-0.004955186974257231,EXP_XGBModel_Alpha158_csi300_custom_step0_s_20260407_13,0ed795681f844aeea0d4e72ca3258d67,,,
2026-04-07,SZ300803,-0.0033835731345350753,EXP_DEnsembleModel_Alpha158_csi300_custom_step0_s_20260407_14,eefeb6319b5f4d9c88f432a9b980e494,,,
2026-04-07,SZ300760,-0.03291168198945016,EXP_DEnsembleModel_Alpha158_csi300_custom_step0_s_20260407_14,eefeb6319b5f4d9c88f432a9b980e494,,,
2026-04-07,SZ300014,-0.03380845587494079,EXP_DEnsembleModel_Alpha158_csi300_custom_step0_s_20260407_14,eefeb6319b5f4d9c88f432a9b980e494,,,
2026-04-07,SZ300015,-0.015665172532638768,EXP_DEnsembleModel_Alpha158_csi300_custom_step0_s_20260407_14,eefeb6319b5f4d9c88f432a9b980e494,,,
2026-04-07,SZ300033,-0.05984280254391114,EXP_DEnsembleModel_Alpha158_csi300_custom_step0_s_20260407_14,eefeb6319b5f4d9c88f432a9b980e494,,,
2026-04-07,SZ300059,-0.03555769101837414,EXP_DEnsembleModel_Alpha158_csi300_custom_step0_s_20260407_14,eefeb6319b5f4d9c88f432a9b980e494,,,
2026-04-07,SZ300122,-0.06867489573478819,EXP_DEnsembleModel_Alpha158_csi300_custom_step0_s_20260407_14,eefeb6319b5f4d9c88f432a9b980e494,,,
2026-04-07,SZ300124,-0.056419765798994,EXP_DEnsembleModel_Alpha158_csi300_custom_step0_s_20260407_14,eefeb6319b5f4d9c88f432a9b980e494,,,
2026-04-07,SZ300251,0.03960967789535088,EXP_DEnsembleModel_Alpha158_csi300_custom_step0_s_20260407_14,eefeb6319b5f4d9c88f432a9b980e494,,,
2026-04-07,SZ300274,0.20077291027848984,EXP_DEnsembleModel_Alpha158_csi300_custom_step0_s_20260407_14,eefeb6319b5f4d9c88f432a9b980e494,,,
2026-04-07,SZ300308,0.008246591647260151,EXP_DEnsembleModel_Alpha158_csi300_custom_step0_s_20260407_14,eefeb6319b5f4d9c88f432a9b980e494,,,
2026-04-07,SZ300316,-0.02194541536436099,EXP_DEnsembleModel_Alpha158_csi300_custom_step0_s_20260407_14,eefeb6319b5f4d9c88f432a9b980e494,,,
2026-04-07,SZ300347,-0.09420849088365098,EXP_DEnsembleModel_Alpha158_csi300_custom_step0_s_20260407_14,eefeb6319b5f4d9c88f432a9b980e494,,,
2026-04-07,SZ300782,-0.05131481509230307,EXP_DEnsembleModel_Alpha158_csi300_custom_step0_s_20260407_14,eefeb6319b5f4d9c88f432a9b980e494,,,
2026-04-07,SZ300394,-0.17187772099645493,EXP_DEnsembleModel_Alpha158_csi300_custom_step0_s_20260407_14,eefeb6319b5f4d9c88f432a9b980e494,,,
2026-04-07,SZ300413,0.11017696568004601,EXP_DEnsembleModel_Alpha158_csi300_custom_step0_s_20260407_14,eefeb6319b5f4d9c88f432a9b980e494,,,
2026-04-07,SZ300418,-0.06398466589799034,EXP_DEnsembleModel_Alpha158_csi300_custom_step0_s_20260407_14,eefeb6319b5f4d9c88f432a9b980e494,,,
2026-04-07,SZ300433,0.025022019883671084,EXP_DEnsembleModel_Alpha158_csi300_custom_step0_s_20260407_14,eefeb6319b5f4d9c88f432a9b980e494,,,
2026-04-07,SZ300442,-0.08741914917181555,EXP_DEnsembleModel_Alpha158_csi300_custom_step0_s_20260407_14,eefeb6319b5f4d9c88f432a9b980e494,,,
2026-04-07,SZ300476,0.047555778120126756,EXP_DEnsembleModel_Alpha158_csi300_custom_step0_s_20260407_14,eefeb6319b5f4d9c88f432a9b980e494,,,
2026-04-07,SZ300498,0.1451330464401656,EXP_DEnsembleModel_Alpha158_csi300_custom_step0_s_20260407_14,eefeb6319b5f4d9c88f432a9b980e494,,,
2026-04-07,SZ300502,-0.03209006806864826,EXP_DEnsembleModel_Alpha158_csi300_custom_step0_s_20260407_14,eefeb6319b5f4d9c88f432a9b980e494,,,
2026-04-07,SZ300628,0.09517729856098373,EXP_DEnsembleModel_Alpha158_csi300_custom_step0_s_20260407_14,eefeb6319b5f4d9c88f432a9b980e494,,,
2026-04-07,SZ300661,-0.08168334645492197,EXP_DEnsembleModel_Alpha158_csi300_custom_step0_s_20260407_14,eefeb6319b5f4d9c88f432a9b980e494,,,
2026-04-07,SZ300750,0.03332410253574137,EXP_DEnsembleModel_Alpha158_csi300_custom_step0_s_20260407_14,eefeb6319b5f4d9c88f432a9b980e494,,,
2026-04-07,SZ300759,0.04291489623480781,EXP_DEnsembleModel_Alpha158_csi300_custom_step0_s_20260407_14,eefeb6319b5f4d9c88f432a9b980e494,,,
2026-04-07,SZ300408,-0.01282568809048139,EXP_DEnsembleModel_Alpha158_csi300_custom_step0_s_20260407_14,eefeb6319b5f4d9c88f432a9b980e494,,,
2026-04-07,SZ003816,0.057283970251754496,EXP_DEnsembleModel_Alpha158_csi300_custom_step0_s_20260407_14,eefeb6319b5f4d9c88f432a9b980e494,,,
2026-04-07,SH600048,-0.04104997590184212,EXP_XGBModel_Alpha158_csi300_custom_step0_s_20260407_13,0ed795681f844aeea0d4e72ca3258d67,,,
2026-04-07,SH600061,-0.009317266754806042,EXP_XGBModel_Alpha158_csi300_custom_step0_s_20260407_13,0ed795681f844aeea0d4e72ca3258d67,,,
2026-04-07,SH600489,0.059574730694293976,EXP_XGBModel_Alpha158_csi300_custom_step0_s_20260407_13,0ed795681f844aeea0d4e72ca3258d67,,,
2026-04-07,SH600515,0.0029779772739857435,EXP_XGBModel_Alpha158_csi300_custom_step0_s_20260407_13,0ed795681f844aeea0d4e72ca3258d67,,,
2026-04-07,SH600519,0.013954722322523594,EXP_XGBModel_Alpha158_csi300_custom_step0_s_20260407_13,0ed795681f844aeea0d4e72ca3258d67,,,
2026-04-07,SH600522,-0.11926841735839844,EXP_XGBModel_Alpha158_csi300_custom_step0_s_20260407_13,0ed795681f844aeea0d4e72ca3258d67,,,
2026-04-07,SH600547,0.050546903163194656,EXP_XGBModel_Alpha158_csi300_custom_step0_s_20260407_13,0ed795681f844aeea0d4e72ca3258d67,,,
2026-04-07,SH600570,0.009140313602983952,EXP_XGBModel_Alpha158_csi300_custom_step0_s_20260407_13,0ed795681f844aeea0d4e72ca3258d67,,,
2026-04-07,SH600584,0.25757572054862976,EXP_XGBModel_Alpha158_csi300_custom_step0_s_20260407_13,0ed795681f844aeea0d4e72ca3258d67,,,
2026-04-07,SH600585,0.027642035856842995,EXP_XGBModel_Alpha158_csi300_custom_step0_s_20260407_13,0ed795681f844aeea0d4e72ca3258d67,,,
2026-04-07,SH600588,0.025044552981853485,EXP_XGBModel_Alpha158_csi300_custom_step0_s_20260407_13,0ed795681f844aeea0d4e72ca3258d67,,,
2026-04-07,SH600600,0.027729015797376633,EXP_XGBModel_Alpha158_csi300_custom_step0_s_20260407_13,0ed795681f844aeea0d4e72ca3258d67,,,
2026-04-07,SH600660,0.01834765076637268,EXP_XGBModel_Alpha158_csi300_custom_step0_s_20260407_13,0ed795681f844aeea0d4e72ca3258d67,,,
2026-04-07,SH600482,-0.022901196032762527,EXP_XGBModel_Alpha158_csi300_custom_step0_s_20260407_13,0ed795681f844aeea0d4e72ca3258d67,,,
2026-04-07,SH600674,-0.015578699298202991,EXP_XGBModel_Alpha158_csi300_custom_step0_s_20260407_13,0ed795681f844aeea0d4e72ca3258d67,,,
2026-04-07,SH600741,-0.014847773127257824,EXP_XGBModel_Alpha158_csi300_custom_step0_s_20260407_13,0ed795681f844aeea0d4e72ca3258d67,,,
2026-04-07,SH600760,0.017159586772322655,EXP_XGBModel_Alpha158_csi300_custom_step0_s_20260407_13,0ed795681f844aeea0d4e72ca3258d67,,,
2026-04-07,SH600795,-0.039312027394771576,EXP_XGBModel_Alpha158_csi300_custom_step0_s_20260407_13,0ed795681f844aeea0d4e72ca3258d67,,,
2026-04-07,SH600803,0.0003166999376844615,EXP_XGBModel_Alpha158_csi300_custom_step0_s_20260407_13,0ed795681f844aeea0d4e72ca3258d67,,,
2026-04-07,SH600809,-0.021502330899238586,EXP_XGBModel_Alpha158_csi300_custom_step0_s_20260407_13,0ed795681f844aeea0d4e72ca3258d67,,,
2026-04-07,SH600845,-0.04030023515224457,EXP_XGBModel_Alpha158_csi300_custom_step0_s_20260407_13,0ed795681f844aeea0d4e72ca3258d67,,,
2026-04-07,SH600875,-0.07146895676851273,EXP_XGBModel_Alpha158_csi300_custom_step0_s_20260407_13,0ed795681f844aeea0d4e72ca3258d67,,,
2026-04-07,SH600886,-0.05936122313141823,EXP_XGBModel_Alpha158_csi300_custom_step0_s_20260407_13,0ed795681f844aeea0d4e72ca3258d67,,,
2026-04-07,SH600887,0.02567112073302269,EXP_XGBModel_Alpha158_csi300_custom_step0_s_20260407_13,0ed795681f844aeea0d4e72ca3258d67,,,
2026-04-07,SH600893,0.20158708095550537,EXP_XGBModel_Alpha158_csi300_custom_step0_s_20260407_13,0ed795681f844aeea0d4e72ca3258d67,,,
2026-04-07,SH600900,0.007487956900149584,EXP_XGBModel_Alpha158_csi300_custom_step0_s_20260407_13,0ed795681f844aeea0d4e72ca3258d67,,,
2026-04-07,SH600690,-0.113045334815979,EXP_XGBModel_Alpha158_csi300_custom_step0_s_20260407_13,0ed795681f844aeea0d4e72ca3258d67,,,
2026-04-07,SH600050,0.0032942674588412046,EXP_XGBModel_Alpha158_csi300_custom_step0_s_20260407_13,0ed795681f844aeea0d4e72ca3258d67,,,
2026-04-07,SH600460,-0.04372828081250191,EXP_XGBModel_Alpha158_csi300_custom_step0_s_20260407_13,0ed795681f844aeea0d4e72ca3258d67,,,
2026-04-07,SH600436,-0.014651297591626644,EXP_XGBModel_Alpha158_csi300_custom_step0_s_20260407_13,0ed795681f844aeea0d4e72ca3258d67,,,
2026-04-07,SH600066,-0.07765155285596848,EXP_XGBModel_Alpha158_csi300_custom_step0_s_20260407_13,0ed795681f844aeea0d4e72ca3258d67,,,
2026-04-07,SH600085,-0.018765322864055634,EXP_XGBModel_Alpha158_csi300_custom_step0_s_20260407_13,0ed795681f844aeea0d4e72ca3258d67,,,
2026-04-07,SH600089,-0.012269473634660244,EXP_XGBModel_Alpha158_csi300_custom_step0_s_20260407_13,0ed795681f844aeea0d4e72ca3258d67,,,
2026-04-07,SH600104,0.006081359926611185,EXP_XGBModel_Alpha158_csi300_custom_step0_s_20260407_13,0ed795681f844aeea0d4e72ca3258d67,,,
2026-04-07,SH600111,0.016777152195572853,EXP_XGBModel_Alpha158_csi300_custom_step0_s_20260407_13,0ed795681f844aeea0d4e72ca3258d67,,,
2026-04-07,SH600115,0.25755077600479126,EXP_XGBModel_Alpha158_csi300_custom_step0_s_20260407_13,0ed795681f844aeea0d4e72ca3258d67,,,
2026-04-07,SH600150,0.07203109562397003,EXP_XGBModel_Alpha158_csi300_custom_step0_s_20260407_13,0ed795681f844aeea0d4e72ca3258d67,,,
2026-04-07,SH600160,-0.006835214793682098,EXP_XGBModel_Alpha158_csi300_custom_step0_s_20260407_13,0ed795681f844aeea0d4e72ca3258d67,,,
2026-04-07,SH600161,-0.020397398620843887,EXP_XGBModel_Alpha158_csi300_custom_step0_s_20260407_13,0ed795681f844aeea0d4e72ca3258d67,,,
2026-04-07,SH600176,-0.01752852089703083,EXP_XGBModel_Alpha158_csi300_custom_step0_s_20260407_13,0ed795681f844aeea0d4e72ca3258d67,,,
2026-04-07,SH600183,0.03355364874005318,EXP_XGBModel_Alpha158_csi300_custom_step0_s_20260407_13,0ed795681f844aeea0d4e72ca3258d67,,,
2026-04-07,SH600438,-0.044836122542619705,EXP_XGBModel_Alpha158_csi300_custom_step0_s_20260407_13,0ed795681f844aeea0d4e72ca3258d67,,,
2026-04-07,SH600188,-0.08758165687322617,EXP_XGBModel_Alpha158_csi300_custom_step0_s_20260407_13,0ed795681f844aeea0d4e72ca3258d67,,,
2026-04-07,SH600219,0.11892066150903702,EXP_XGBModel_Alpha158_csi300_custom_step0_s_20260407_13,0ed795681f844aeea0d4e72ca3258d67,,,
2026-04-07,SH600233,0.0017165698809549212,EXP_XGBModel_Alpha158_csi300_custom_step0_s_20260407_13,0ed795681f844aeea0d4e72ca3258d67,,,
2026-04-07,SH600276,-0.006087033078074455,EXP_XGBModel_Alpha158_csi300_custom_step0_s_20260407_13,0ed795681f844aeea0d4e72ca3258d67,,,
2026-04-07,SH600309,-0.15457767248153687,EXP_XGBModel_Alpha158_csi300_custom_step0_s_20260407_13,0ed795681f844aeea0d4e72ca3258d67,,,
2026-04-07,SH600346,0.06131015717983246,EXP_XGBModel_Alpha158_csi300_custom_step0_s_20260407_13,0ed795681f844aeea0d4e72ca3258d67,,,
2026-04-07,SH600362,0.1656472235918045,EXP_XGBModel_Alpha158_csi300_custom_step0_s_20260407_13,0ed795681f844aeea0d4e72ca3258d67,,,
2026-04-07,SH600372,0.006387755740433931,EXP_XGBModel_Alpha158_csi300_custom_step0_s_20260407_13,0ed795681f844aeea0d4e72ca3258d67,,,
2026-04-07,SH600377,-0.028875885531306267,EXP_XGBModel_Alpha158_csi300_custom_step0_s_20260407_13,0ed795681f844aeea0d4e72ca3258d67,,,
2026-04-07,SH600406,-0.023853184655308723,EXP_XGBModel_Alpha158_csi300_custom_step0_s_20260407_13,0ed795681f844aeea0d4e72ca3258d67,,,
2026-04-07,SH600415,0.021382413804531097,EXP_XGBModel_Alpha158_csi300_custom_step0_s_20260407_13,0ed795681f844aeea0d4e72ca3258d67,,,
2026-04-07,SH600426,-0.0479544959962368,EXP_XGBModel_Alpha158_csi300_custom_step0_s_20260407_13,0ed795681f844aeea0d4e72ca3258d67,,,
2026-04-07,SH600196,0.0002583489113021642,EXP_XGBModel_Alpha158_csi300_custom_step0_s_20260407_13,0ed795681f844aeea0d4e72ca3258d67,,,
2026-04-07,SZ002938,0.06931341510670677,EXP_DEnsembleModel_Alpha158_csi300_custom_step0_s_20260407_14,eefeb6319b5f4d9c88f432a9b980e494,,,
2026-04-07,SZ002920,-0.009339978019865846,EXP_DEnsembleModel_Alpha158_csi300_custom_step0_s_20260407_14,eefeb6319b5f4d9c88f432a9b980e494,,,
2026-04-07,SZ002916,0.12720589728429624,EXP_DEnsembleModel_Alpha158_csi300_custom_step0_s_20260407_14,eefeb6319b5f4d9c88f432a9b980e494,,,
2026-04-07,SH688169,0.02051618397909362,EXP_DEnsembleModel_Alpha158_csi300_custom_step0_s_20260407_14,eefeb6319b5f4d9c88f432a9b980e494,,,
2026-04-07,SH688187,-0.037829165619582446,EXP_DEnsembleModel_Alpha158_csi300_custom_step0_s_20260407_14,eefeb6319b5f4d9c88f432a9b980e494,,,
2026-04-07,SH688223,0.04365326928213175,EXP_DEnsembleModel_Alpha158_csi300_custom_step0_s_20260407_14,eefeb6319b5f4d9c88f432a9b980e494,,,
2026-04-07,SH688256,0.04258429931142583,EXP_DEnsembleModel_Alpha158_csi300_custom_step0_s_20260407_14,eefeb6319b5f4d9c88f432a9b980e494,,,
2026-04-07,SH688271,0.004546389287937966,EXP_DEnsembleModel_Alpha158_csi300_custom_step0_s_20260407_14,eefeb6319b5f4d9c88f432a9b980e494,,,
2026-04-07,SH688303,0.06518800595796771,EXP_DEnsembleModel_Alpha158_csi300_custom_step0_s_20260407_14,eefeb6319b5f4d9c88f432a9b980e494,,,
2026-04-07,SH688396,0.024805788492819024,EXP_DEnsembleModel_Alpha158_csi300_custom_step0_s_20260407_14,eefeb6319b5f4d9c88f432a9b980e494,,,
2026-04-07,SH688472,-0.03818337672178942,EXP_DEnsembleModel_Alpha158_csi300_custom_step0_s_20260407_14,eefeb6319b5f4d9c88f432a9b980e494,,,
2026-04-07,SH688506,-0.12680103064015733,EXP_DEnsembleModel_Alpha158_csi300_custom_step0_s_20260407_14,eefeb6319b5f4d9c88f432a9b980e494,,,
2026-04-07,SH688981,-0.16227792587827788,EXP_DEnsembleModel_Alpha158_csi300_custom_step0_s_20260407_14,eefeb6319b5f4d9c88f432a9b980e494,,,
2026-04-07,SZ000001,0.07992366380642975,EXP_DEnsembleModel_Alpha158_csi300_custom_step0_s_20260407_14,eefeb6319b5f4d9c88f432a9b980e494,,,
2026-04-07,SH688126,-0.031206641734015314,EXP_DEnsembleModel_Alpha158_csi300_custom_step0_s_20260407_14,eefeb6319b5f4d9c88f432a9b980e494,,,
2026-04-07,SZ000002,0.14446896736229617,EXP_DEnsembleModel_Alpha158_csi300_custom_step0_s_20260407_14,eefeb6319b5f4d9c88f432a9b980e494,,,
2026-04-07,SZ000100,-0.0422202277529295,EXP_DEnsembleModel_Alpha158_csi300_custom_step0_s_20260407_14,eefeb6319b5f4d9c88f432a9b980e494,,,
2026-04-07,SZ000157,0.0054137295849434365,EXP_DEnsembleModel_Alpha158_csi300_custom_step0_s_20260407_14,eefeb6319b5f4d9c88f432a9b980e494,,,
2026-04-07,SZ000166,0.010637977644109658,EXP_DEnsembleModel_Alpha158_csi300_custom_step0_s_20260407_14,eefeb6319b5f4d9c88f432a9b980e494,,,
2026-04-07,SZ000301,-0.1306057120228846,EXP_DEnsembleModel_Alpha158_csi300_custom_step0_s_20260407_14,eefeb6319b5f4d9c88f432a9b980e494,,,
2026-04-07,SZ000333,0.04425560793569824,EXP_DEnsembleModel_Alpha158_csi300_custom_step0_s_20260407_14,eefeb6319b5f4d9c88f432a9b980e494,,,
2026-04-07,SZ000338,-0.09285841651634581,EXP_DEnsembleModel_Alpha158_csi300_custom_step0_s_20260407_14,eefeb6319b5f4d9c88f432a9b980e494,,,
2026-04-07,SZ000408,0.03271434713092046,EXP_DEnsembleModel_Alpha158_csi300_custom_step0_s_20260407_14,eefeb6319b5f4d9c88f432a9b980e494,,,
2026-04-07,SZ000425,0.16158676413291015,EXP_DEnsembleModel_Alpha158_csi300_custom_step0_s_20260407_14,eefeb6319b5f4d9c88f432a9b980e494,,,
2026-04-07,SZ000538,0.1217246355986477,EXP_DEnsembleModel_Alpha158_csi300_custom_step0_s_20260407_14,eefeb6319b5f4d9c88f432a9b980e494,,,
2026-04-07,SZ000568,0.09216166705062638,EXP_DEnsembleModel_Alpha158_csi300_custom_step0_s_20260407_14,eefeb6319b5f4d9c88f432a9b980e494,,,
2026-04-07,SZ000596,0.09205348340254063,EXP_DEnsembleModel_Alpha158_csi300_custom_step0_s_20260407_14,eefeb6319b5f4d9c88f432a9b980e494,,,
2026-04-07,SZ000063,0.018070762555796052,EXP_DEnsembleModel_Alpha158_csi300_custom_step0_s_20260407_14,eefeb6319b5f4d9c88f432a9b980e494,,,
2026-04-07,SZ000617,0.12175461913254089,EXP_DEnsembleModel_Alpha158_csi300_custom_step0_s_20260407_14,eefeb6319b5f4d9c88f432a9b980e494,,,
2026-04-07,SH688111,0.11395672753168147,EXP_DEnsembleModel_Alpha158_csi300_custom_step0_s_20260407_14,eefeb6319b5f4d9c88f432a9b980e494,,,
2026-04-07,SH688047,-0.08759246710166267,EXP_DEnsembleModel_Alpha158_csi300_custom_step0_s_20260407_14,eefeb6319b5f4d9c88f432a9b980e494,,,
2026-04-07,SH601985,-0.11039083513236488,EXP_DEnsembleModel_Alpha158_csi300_custom_step0_s_20260407_14,eefeb6319b5f4d9c88f432a9b980e494,,,
2026-04-07,SH601988,0.02512625247292098,EXP_DEnsembleModel_Alpha158_csi300_custom_step0_s_20260407_14,eefeb6319b5f4d9c88f432a9b980e494,,,
2026-04-07,SH601995,-0.044949922275022036,EXP_DEnsembleModel_Alpha158_csi300_custom_step0_s_20260407_14,eefeb6319b5f4d9c88f432a9b980e494,,,
2026-04-07,SH601998,0.10301941614429219,EXP_DEnsembleModel_Alpha158_csi300_custom_step0_s_20260407_14,eefeb6319b5f4d9c88f432a9b980e494,,,
2026-04-07,SH603019,-0.0019156759910418399,EXP_DEnsembleModel_Alpha158_csi300_custom_step0_s_20260407_14,eefeb6319b5f4d9c88f432a9b980e494,,,
2026-04-07,SH603195,0.048021995817923734,EXP_DEnsembleModel_Alpha158_csi300_custom_step0_s_20260407_14,eefeb6319b5f4d9c88f432a9b980e494,,,
2026-04-07,SH603259,0.030960061568542845,EXP_DEnsembleModel_Alpha158_csi300_custom_step0_s_20260407_14,eefeb6319b5f4d9c88f432a9b980e494,,,
2026-04-07,SH603260,0.0795365615274244,EXP_DEnsembleModel_Alpha158_csi300_custom_step0_s_20260407_14,eefeb6319b5f4d9c88f432a9b980e494,,,
2026-04-07,SH603288,0.049564345145991985,EXP_DEnsembleModel_Alpha158_csi300_custom_step0_s_20260407_14,eefeb6319b5f4d9c88f432a9b980e494,,,
2026-04-07,SH603296,0.15720896904962267,EXP_DEnsembleModel_Alpha158_csi300_custom_step0_s_20260407_14,eefeb6319b5f4d9c88f432a9b980e494,,,
2026-04-07,SH603369,0.013698806895915695,EXP_DEnsembleModel_Alpha158_csi300_custom_step0_s_20260407_14,eefeb6319b5f4d9c88f432a9b980e494,,,
2026-04-07,SH688082,0.08126499094410275,EXP_DEnsembleModel_Alpha158_csi300_custom_step0_s_20260407_14,eefeb6319b5f4d9c88f432a9b980e494,,,
2026-04-07,SH603392,0.0840018056728164,EXP_DEnsembleModel_Alpha158_csi300_custom_step0_s_20260407_14,eefeb6319b5f4d9c88f432a9b980e494,,,
2026-04-07,SH603799,0.19722197608217595,EXP_DEnsembleModel_Alpha158_csi300_custom_step0_s_20260407_14,eefeb6319b5f4d9c88f432a9b980e494,,,
2026-04-07,SH603893,0.06479487051810923,EXP_DEnsembleModel_Alpha158_csi300_custom_step0_s_20260407_14,eefeb6319b5f4d9c88f432a9b980e494,,,
2026-04-07,SH603986,0.025654986467618008,EXP_DEnsembleModel_Alpha158_csi300_custom_step0_s_20260407_14,eefeb6319b5f4d9c88f432a9b980e494,,,
2026-04-07,SH603993,0.17152166557932214,EXP_DEnsembleModel_Alpha158_csi300_custom_step0_s_20260407_14,eefeb6319b5f4d9c88f432a9b980e494,,,
2026-04-07,SH605117,-0.051581922995927246,EXP_DEnsembleModel_Alpha158_csi300_custom_step0_s_20260407_14,eefeb6319b5f4d9c88f432a9b980e494,,,
2026-04-07,SH605499,-0.028638584029355405,EXP_DEnsembleModel_Alpha158_csi300_custom_step0_s_20260407_14,eefeb6319b5f4d9c88f432a9b980e494,,,
2026-04-07,SH688008,0.09762412406462913,EXP_DEnsembleModel_Alpha158_csi300_custom_step0_s_20260407_14,eefeb6319b5f4d9c88f432a9b980e494,,,
2026-04-07,SH688009,-0.05801410318974621,EXP_DEnsembleModel_Alpha158_csi300_custom_step0_s_20260407_14,eefeb6319b5f4d9c88f432a9b980e494,,,
2026-04-07,SH688012,-0.0009156800152038802,EXP_DEnsembleModel_Alpha158_csi300_custom_step0_s_20260407_14,eefeb6319b5f4d9c88f432a9b980e494,,,
2026-04-07,SH688036,-0.07612772442179913,EXP_DEnsembleModel_Alpha158_csi300_custom_step0_s_20260407_14,eefeb6319b5f4d9c88f432a9b980e494,,,
2026-04-07,SH688041,0.0389565267679838,EXP_DEnsembleModel_Alpha158_csi300_custom_step0_s_20260407_14,eefeb6319b5f4d9c88f432a9b980e494,,,
2026-04-07,SH603501,0.20445701032965582,EXP_DEnsembleModel_Alpha158_csi300_custom_step0_s_20260407_14,eefeb6319b5f4d9c88f432a9b980e494,,,
2026-04-07,SZ000625,-0.011703144713388274,EXP_DEnsembleModel_Alpha158_csi300_custom_step0_s_20260407_14,eefeb6319b5f4d9c88f432a9b980e494,,,
2026-04-07,SZ000630,0.12754695006401245,EXP_DEnsembleModel_Alpha158_csi300_custom_step0_s_20260407_14,eefeb6319b5f4d9c88f432a9b980e494,,,
2026-04-07,SZ000651,0.016479897534616404,EXP_DEnsembleModel_Alpha158_csi300_custom_step0_s_20260407_14,eefeb6319b5f4d9c88f432a9b980e494,,,
2026-04-07,SZ002236,0.09776326529591445,EXP_DEnsembleModel_Alpha158_csi300_custom_step0_s_20260407_14,eefeb6319b5f4d9c88f432a9b980e494,,,
2026-04-07,SZ002241,0.07937805765872431,EXP_DEnsembleModel_Alpha158_csi300_custom_step0_s_20260407_14,eefeb6319b5f4d9c88f432a9b980e494,,,
2026-04-07,SZ002252,-0.016262752254206352,EXP_DEnsembleModel_Alpha158_csi300_custom_step0_s_20260407_14,eefeb6319b5f4d9c88f432a9b980e494,,,
2026-04-07,SZ002304,0.04454893380442145,EXP_DEnsembleModel_Alpha158_csi300_custom_step0_s_20260407_14,eefeb6319b5f4d9c88f432a9b980e494,,,
2026-04-07,SZ002311,-0.08180809919383489,EXP_DEnsembleModel_Alpha158_csi300_custom_step0_s_20260407_14,eefeb6319b5f4d9c88f432a9b980e494,,,
2026-04-07,SZ002352,0.052912386329723386,EXP_DEnsembleModel_Alpha158_csi300_custom_step0_s_20260407_14,eefeb6319b5f4d9c88f432a9b980e494,,,
2026-04-07,SZ002371,-0.09817334518762398,EXP_DEnsembleModel_Alpha158_csi300_custom_step0_s_20260407_14,eefeb6319b5f4d9c88f432a9b980e494,,,
2026-04-07,SZ002384,0.07420931667921764,EXP_DEnsembleModel_Alpha158_csi300_custom_step0_s_20260407_14,eefeb6319b5f4d9c88f432a9b980e494,,,
2026-04-07,SZ002415,0.08632718867370978,EXP_DEnsembleModel_Alpha158_csi300_custom_step0_s_20260407_14,eefeb6319b5f4d9c88f432a9b980e494,,,
2026-04-07,SZ002422,-0.14888083302912727,EXP_DEnsembleModel_Alpha158_csi300_custom_step0_s_20260407_14,eefeb6319b5f4d9c88f432a9b980e494,,,
2026-04-07,SZ002459,0.05757957443283668,EXP_DEnsembleModel_Alpha158_csi300_custom_step0_s_20260407_14,eefeb6319b5f4d9c88f432a9b980e494,,,
2026-04-07,SZ002230,0.014959958191619507,EXP_DEnsembleModel_Alpha158_csi300_custom_step0_s_20260407_14,eefeb6319b5f4d9c88f432a9b980e494,,,
2026-04-07,SZ002460,0.054104375858879734,EXP_DEnsembleModel_Alpha158_csi300_custom_step0_s_20260407_14,eefeb6319b5f4d9c88f432a9b980e494,,,
2026-04-07,SZ002466,-0.03784188502016455,EXP_DEnsembleModel_Alpha158_csi300_custom_step0_s_20260407_14,eefeb6319b5f4d9c88f432a9b980e494,,,
2026-04-07,SZ002475,0.012924250244995716,EXP_DEnsembleModel_Alpha158_csi300_custom_step0_s_20260407_14,eefeb6319b5f4d9c88f432a9b980e494,,,
2026-04-07,SZ002493,0.282202847265378,EXP_DEnsembleModel_Alpha158_csi300_custom_step0_s_20260407_14,eefeb6319b5f4d9c88f432a9b980e494,,,
2026-04-07,SZ002594,-0.06883244645782252,EXP_DEnsembleModel_Alpha158_csi300_custom_step0_s_20260407_14,eefeb6319b5f4d9c88f432a9b980e494,,,
2026-04-07,SZ002600,-0.01054682093025308,EXP_DEnsembleModel_Alpha158_csi300_custom_step0_s_20260407_14,eefeb6319b5f4d9c88f432a9b980e494,,,
2026-04-07,SZ002601,0.06237781568156614,EXP_DEnsembleModel_Alpha158_csi300_custom_step0_s_20260407_14,eefeb6319b5f4d9c88f432a9b980e494,,,
2026-04-07,SZ002625,0.10061565913021991,EXP_DEnsembleModel_Alpha158_csi300_custom_step0_s_20260407_14,eefeb6319b5f4d9c88f432a9b980e494,,,
2026-04-07,SZ002648,-0.10005453993194759,EXP_DEnsembleModel_Alpha158_csi300_custom_step0_s_20260407_14,eefeb6319b5f4d9c88f432a9b980e494,,,
2026-04-07,SZ002709,0.05544394856741931,EXP_DEnsembleModel_Alpha158_csi300_custom_step0_s_20260407_14,eefeb6319b5f4d9c88f432a9b980e494,,,
2026-04-07,SZ002714,0.08144974210115166,EXP_DEnsembleModel_Alpha158_csi300_custom_step0_s_20260407_14,eefeb6319b5f4d9c88f432a9b980e494,,,
2026-04-07,SZ002736,-0.03005913115667094,EXP_DEnsembleModel_Alpha158_csi300_custom_step0_s_20260407_14,eefeb6319b5f4d9c88f432a9b980e494,,,
2026-04-07,SZ002463,-0.037954917409700986,EXP_DEnsembleModel_Alpha158_csi300_custom_step0_s_20260407_14,eefeb6319b5f4d9c88f432a9b980e494,,,
2026-04-07,SZ002179,-0.048130060750369255,EXP_DEnsembleModel_Alpha158_csi300_custom_step0_s_20260407_14,eefeb6319b5f4d9c88f432a9b980e494,,,
2026-04-07,SZ002142,0.12064371842421198,EXP_DEnsembleModel_Alpha158_csi300_custom_step0_s_20260407_14,eefeb6319b5f4d9c88f432a9b980e494,,,
2026-04-07,SZ002074,-0.017857365443955327,EXP_DEnsembleModel_Alpha158_csi300_custom_step0_s_20260407_14,eefeb6319b5f4d9c88f432a9b980e494,,,
2026-04-07,SZ000661,0.08884589390970547,EXP_DEnsembleModel_Alpha158_csi300_custom_step0_s_20260407_14,eefeb6319b5f4d9c88f432a9b980e494,,,
2026-04-07,SZ000708,0.008013615190580648,EXP_DEnsembleModel_Alpha158_csi300_custom_step0_s_20260407_14,eefeb6319b5f4d9c88f432a9b980e494,,,
2026-04-07,SZ000725,-0.012710874895501224,EXP_DEnsembleModel_Alpha158_csi300_custom_step0_s_20260407_14,eefeb6319b5f4d9c88f432a9b980e494,,,
2026-04-07,SZ000768,-0.017990265599356133,EXP_DEnsembleModel_Alpha158_csi300_custom_step0_s_20260407_14,eefeb6319b5f4d9c88f432a9b980e494,,,
2026-04-07,SZ000776,-0.03885333000843923,EXP_DEnsembleModel_Alpha158_csi300_custom_step0_s_20260407_14,eefeb6319b5f4d9c88f432a9b980e494,,,
2026-04-07,SZ000786,0.04454379318808987,EXP_DEnsembleModel_Alpha158_csi300_custom_step0_s_20260407_14,eefeb6319b5f4d9c88f432a9b980e494,,,
2026-04-07,SZ000792,0.0417779755667404,EXP_DEnsembleModel_Alpha158_csi300_custom_step0_s_20260407_14,eefeb6319b5f4d9c88f432a9b980e494,,,
2026-04-07,SZ000807,-0.17762167449732952,EXP_DEnsembleModel_Alpha158_csi300_custom_step0_s_20260407_14,eefeb6319b5f4d9c88f432a9b980e494,,,
2026-04-07,SZ000858,0.08696599241708074,EXP_DEnsembleModel_Alpha158_csi300_custom_step0_s_20260407_14,eefeb6319b5f4d9c88f432a9b980e494,,,
2026-04-07,SZ000876,-0.001567377471640085,EXP_DEnsembleModel_Alpha158_csi300_custom_step0_s_20260407_14,eefeb6319b5f4d9c88f432a9b980e494,,,
2026-04-07,SZ000895,0.03857839346125006,EXP_DEnsembleModel_Alpha158_csi300_custom_step0_s_20260407_14,eefeb6319b5f4d9c88f432a9b980e494,,,
2026-04-07,SZ000938,-0.04657599729208244,EXP_DEnsembleModel_Alpha158_csi300_custom_step0_s_20260407_14,eefeb6319b5f4d9c88f432a9b980e494,,,
2026-04-07,SZ000963,-0.05700469312179496,EXP_DEnsembleModel_Alpha158_csi300_custom_step0_s_20260407_14,eefeb6319b5f4d9c88f432a9b980e494,,,
2026-04-07,SZ000975,-0.02461387365145436,EXP_DEnsembleModel_Alpha158_csi300_custom_step0_s_20260407_14,eefeb6319b5f4d9c88f432a9b980e494,,,
2026-04-07,SZ000977,-0.04214108186304854,EXP_DEnsembleModel_Alpha158_csi300_custom_step0_s_20260407_14,eefeb6319b5f4d9c88f432a9b980e494,,,
2026-04-07,SZ000983,-0.0552976379355991,EXP_DEnsembleModel_Alpha158_csi300_custom_step0_s_20260407_14,eefeb6319b5f4d9c88f432a9b980e494,,,
2026-04-07,SZ000999,0.05122132297604033,EXP_DEnsembleModel_Alpha158_csi300_custom_step0_s_20260407_14,eefeb6319b5f4d9c88f432a9b980e494,,,
2026-04-07,SZ001391,-0.009063856302684034,EXP_DEnsembleModel_Alpha158_csi300_custom_step0_s_20260407_14,eefeb6319b5f4d9c88f432a9b980e494,,,
2026-04-07,SZ001965,-0.10416647132222386,EXP_DEnsembleModel_Alpha158_csi300_custom_step0_s_20260407_14,eefeb6319b5f4d9c88f432a9b980e494,,,
2026-04-07,SZ001979,0.03757101779732175,EXP_DEnsembleModel_Alpha158_csi300_custom_step0_s_20260407_14,eefeb6319b5f4d9c88f432a9b980e494,,,
2026-04-07,SZ002001,-0.055457510730277874,EXP_DEnsembleModel_Alpha158_csi300_custom_step0_s_20260407_14,eefeb6319b5f4d9c88f432a9b980e494,,,
2026-04-07,SZ002027,0.0010960248145072927,EXP_DEnsembleModel_Alpha158_csi300_custom_step0_s_20260407_14,eefeb6319b5f4d9c88f432a9b980e494,,,
2026-04-07,SZ002028,-0.06213804230688273,EXP_DEnsembleModel_Alpha158_csi300_custom_step0_s_20260407_14,eefeb6319b5f4d9c88f432a9b980e494,,,
2026-04-07,SZ002049,-0.005735005788381347,EXP_DEnsembleModel_Alpha158_csi300_custom_step0_s_20260407_14,eefeb6319b5f4d9c88f432a9b980e494,,,
2026-04-07,SZ002050,0.03230047021545885,EXP_DEnsembleModel_Alpha158_csi300_custom_step0_s_20260407_14,eefeb6319b5f4d9c88f432a9b980e494,,,
2026-04-07,SH600905,-0.01673053205013275,EXP_XGBModel_Alpha158_csi300_custom_step0_s_20260407_13,0ed795681f844aeea0d4e72ca3258d67,,,
2026-04-07,SH601939,0.059788596729082176,EXP_DEnsembleModel_Alpha158_csi300_custom_step0_s_20260407_14,eefeb6319b5f4d9c88f432a9b980e494,,,
2026-04-07,SH600918,-0.004267287440598011,EXP_XGBModel_Alpha158_csi300_custom_step0_s_20260407_13,0ed795681f844aeea0d4e72ca3258d67,,,
2026-04-07,SH600926,0.03412872925400734,EXP_XGBModel_Alpha158_csi300_custom_step0_s_20260407_13,0ed795681f844aeea0d4e72ca3258d67,,,
2026-04-07,SZ000895,0.02535945363342762,EXP_XGBModel_Alpha158_csi300_custom_step0_s_20260407_13,0ed795681f844aeea0d4e72ca3258d67,,,
2026-04-07,SZ000938,-0.011517181992530823,EXP_XGBModel_Alpha158_csi300_custom_step0_s_20260407_13,0ed795681f844aeea0d4e72ca3258d67,,,
2026-04-07,SZ000963,-0.03069397620856762,EXP_XGBModel_Alpha158_csi300_custom_step0_s_20260407_13,0ed795681f844aeea0d4e72ca3258d67,,,
2026-04-07,SZ000975,-0.01974441669881344,EXP_XGBModel_Alpha158_csi300_custom_step0_s_20260407_13,0ed795681f844aeea0d4e72ca3258d67,,,
2026-04-07,SZ000977,-0.02097400091588497,EXP_XGBModel_Alpha158_csi300_custom_step0_s_20260407_13,0ed795681f844aeea0d4e72ca3258d67,,,
2026-04-07,SZ000983,0.025340605527162552,EXP_XGBModel_Alpha158_csi300_custom_step0_s_20260407_13,0ed795681f844aeea0d4e72ca3258d67,,,
2026-04-07,SZ000999,-0.007072600536048412,EXP_XGBModel_Alpha158_csi300_custom_step0_s_20260407_13,0ed795681f844aeea0d4e72ca3258d67,,,
2026-04-07,SZ001391,-0.00974506139755249,EXP_XGBModel_Alpha158_csi300_custom_step0_s_20260407_13,0ed795681f844aeea0d4e72ca3258d67,,,
2026-04-07,SZ001965,-0.06489533185958862,EXP_XGBModel_Alpha158_csi300_custom_step0_s_20260407_13,0ed795681f844aeea0d4e72ca3258d67,,,
2026-04-07,SZ001979,-0.018053647130727768,EXP_XGBModel_Alpha158_csi300_custom_step0_s_20260407_13,0ed795681f844aeea0d4e72ca3258d67,,,
2026-04-07,SZ002001,-0.05385857820510864,EXP_XGBModel_Alpha158_csi300_custom_step0_s_20260407_13,0ed795681f844aeea0d4e72ca3258d67,,,
2026-04-07,SZ000876,0.007044279016554356,EXP_XGBModel_Alpha158_csi300_custom_step0_s_20260407_13,0ed795681f844aeea0d4e72ca3258d67,,,
2026-04-07,SZ002027,-0.0438348762691021,EXP_XGBModel_Alpha158_csi300_custom_step0_s_20260407_13,0ed795681f844aeea0d4e72ca3258d67,,,
2026-04-07,SZ002049,0.010270731523633003,EXP_XGBModel_Alpha158_csi300_custom_step0_s_20260407_13,0ed795681f844aeea0d4e72ca3258d67,,,
2026-04-07,SZ002050,0.0024140949826687574,EXP_XGBModel_Alpha158_csi300_custom_step0_s_20260407_13,0ed795681f844aeea0d4e72ca3258d67,,,
2026-04-07,SZ002074,-0.03764136880636215,EXP_XGBModel_Alpha158_csi300_custom_step0_s_20260407_13,0ed795681f844aeea0d4e72ca3258d67,,,
2026-04-07,SZ002142,0.025925004854798317,EXP_XGBModel_Alpha158_csi300_custom_step0_s_20260407_13,0ed795681f844aeea0d4e72ca3258d67,,,
2026-04-07,SZ002179,0.015589484013617039,EXP_XGBModel_Alpha158_csi300_custom_step0_s_20260407_13,0ed795681f844aeea0d4e72ca3258d67,,,
2026-04-07,SZ002230,-0.025041650980710983,EXP_XGBModel_Alpha158_csi300_custom_step0_s_20260407_13,0ed795681f844aeea0d4e72ca3258d67,,,
2026-04-07,SZ002236,0.02415456250309944,EXP_XGBModel_Alpha158_csi300_custom_step0_s_20260407_13,0ed795681f844aeea0d4e72ca3258d67,,,
2026-04-07,SZ002241,0.019239379093050957,EXP_XGBModel_Alpha158_csi300_custom_step0_s_20260407_13,0ed795681f844aeea0d4e72ca3258d67,,,
2026-04-07,SZ002252,-0.004044817294925451,EXP_XGBModel_Alpha158_csi300_custom_step0_s_20260407_13,0ed795681f844aeea0d4e72ca3258d67,,,
2026-04-07,SZ002304,0.010759041644632816,EXP_XGBModel_Alpha158_csi300_custom_step0_s_20260407_13,0ed795681f844aeea0d4e72ca3258d67,,,
2026-04-07,SZ002311,-0.06712594628334045,EXP_XGBModel_Alpha158_csi300_custom_step0_s_20260407_13,0ed795681f844aeea0d4e72ca3258d67,,,
2026-04-07,SZ002028,-0.06779628247022629,EXP_XGBModel_Alpha158_csi300_custom_step0_s_20260407_13,0ed795681f844aeea0d4e72ca3258d67,,,
2026-04-07,SZ002352,-0.0005161501467227936,EXP_XGBModel_Alpha158_csi300_custom_step0_s_20260407_13,0ed795681f844aeea0d4e72ca3258d67,,,
2026-04-07,SZ000858,0.02578926831483841,EXP_XGBModel_Alpha158_csi300_custom_step0_s_20260407_13,0ed795681f844aeea0d4e72ca3258d67,,,
2026-04-07,SZ000792,0.009551784954965115,EXP_XGBModel_Alpha158_csi300_custom_step0_s_20260407_13,0ed795681f844aeea0d4e72ca3258d67,,,
2026-04-07,SZ000001,0.0238750372081995,EXP_XGBModel_Alpha158_csi300_custom_step0_s_20260407_13,0ed795681f844aeea0d4e72ca3258d67,,,
2026-04-07,SZ000002,0.06360911577939987,EXP_XGBModel_Alpha158_csi300_custom_step0_s_20260407_13,0ed795681f844aeea0d4e72ca3258d67,,,
2026-04-07,SZ000063,-0.0030210588593035936,EXP_XGBModel_Alpha158_csi300_custom_step0_s_20260407_13,0ed795681f844aeea0d4e72ca3258d67,,,
2026-04-07,SZ000100,0.014024210162460804,EXP_XGBModel_Alpha158_csi300_custom_step0_s_20260407_13,0ed795681f844aeea0d4e72ca3258d67,,,
2026-04-07,SZ000157,-0.014024079777300358,EXP_XGBModel_Alpha158_csi300_custom_step0_s_20260407_13,0ed795681f844aeea0d4e72ca3258d67,,,
2026-04-07,SZ000166,-0.007309570908546448,EXP_XGBModel_Alpha158_csi300_custom_step0_s_20260407_13,0ed795681f844aeea0d4e72ca3258d67,,,
2026-04-07,SZ000301,-0.013072874397039413,EXP_XGBModel_Alpha158_csi300_custom_step0_s_20260407_13,0ed795681f844aeea0d4e72ca3258d67,,,
2026-04-07,SZ000333,0.002563386457040906,EXP_XGBModel_Alpha158_csi300_custom_step0_s_20260407_13,0ed795681f844aeea0d4e72ca3258d67,,,
2026-04-07,SZ000338,-0.04761302471160889,EXP_XGBModel_Alpha158_csi300_custom_step0_s_20260407_13,0ed795681f844aeea0d4e72ca3258d67,,,
2026-04-07,SZ000408,0.006398445926606655,EXP_XGBModel_Alpha158_csi300_custom_step0_s_20260407_13,0ed795681f844aeea0d4e72ca3258d67,,,
2026-04-07,SZ000425,0.08723026514053345,EXP_XGBModel_Alpha158_csi300_custom_step0_s_20260407_13,0ed795681f844aeea0d4e72ca3258d67,,,
2026-04-07,SZ000807,-0.060465678572654724,EXP_XGBModel_Alpha158_csi300_custom_step0_s_20260407_13,0ed795681f844aeea0d4e72ca3258d67,,,
2026-04-07,SZ000538,0.021060077473521233,EXP_XGBModel_Alpha158_csi300_custom_step0_s_20260407_13,0ed795681f844aeea0d4e72ca3258d67,,,
2026-04-07,SZ000596,0.004046825226396322,EXP_XGBModel_Alpha158_csi300_custom_step0_s_20260407_13,0ed795681f844aeea0d4e72ca3258d67,,,
2026-04-07,SZ000617,-0.015440787188708782,EXP_XGBModel_Alpha158_csi300_custom_step0_s_20260407_13,0ed795681f844aeea0d4e72ca3258d67,,,
2026-04-07,SZ000625,-0.007180092390626669,EXP_XGBModel_Alpha158_csi300_custom_step0_s_20260407_13,0ed795681f844aeea0d4e72ca3258d67,,,
2026-04-07,SZ000630,0.060768794268369675,EXP_XGBModel_Alpha158_csi300_custom_step0_s_20260407_13,0ed795681f844aeea0d4e72ca3258d67,,,
2026-04-07,SZ000651,0.024143319576978683,EXP_XGBModel_Alpha158_csi300_custom_step0_s_20260407_13,0ed795681f844aeea0d4e72ca3258d67,,,
2026-04-07,SZ000661,0.015102273784577847,EXP_XGBModel_Alpha158_csi300_custom_step0_s_20260407_13,0ed795681f844aeea0d4e72ca3258d67,,,
2026-04-07,SZ000708,-0.015017404220998287,EXP_XGBModel_Alpha158_csi300_custom_step0_s_20260407_13,0ed795681f844aeea0d4e72ca3258d67,,,
2026-04-07,SZ000725,0.009652577340602875,EXP_XGBModel_Alpha158_csi300_custom_step0_s_20260407_13,0ed795681f844aeea0d4e72ca3258d67,,,
2026-04-07,SZ000768,-0.00297612720169127,EXP_XGBModel_Alpha158_csi300_custom_step0_s_20260407_13,0ed795681f844aeea0d4e72ca3258d67,,,
2026-04-07,SZ000776,0.010891574434936047,EXP_XGBModel_Alpha158_csi300_custom_step0_s_20260407_13,0ed795681f844aeea0d4e72ca3258d67,,,
2026-04-07,SZ000786,0.01308768056333065,EXP_XGBModel_Alpha158_csi300_custom_step0_s_20260407_13,0ed795681f844aeea0d4e72ca3258d67,,,
2026-04-07,SZ000568,0.029676752164959908,EXP_XGBModel_Alpha158_csi300_custom_step0_s_20260407_13,0ed795681f844aeea0d4e72ca3258d67,,,
2026-04-07,SH688981,-0.06951867043972015,EXP_XGBModel_Alpha158_csi300_custom_step0_s_20260407_13,0ed795681f844aeea0d4e72ca3258d67,,,
2026-04-07,SZ002371,-0.04200536012649536,EXP_XGBModel_Alpha158_csi300_custom_step0_s_20260407_13,0ed795681f844aeea0d4e72ca3258d67,,,
2026-04-07,SZ002415,0.02824598364531994,EXP_XGBModel_Alpha158_csi300_custom_step0_s_20260407_13,0ed795681f844aeea0d4e72ca3258d67,,,
2026-04-07,SZ300316,-0.031912241131067276,EXP_XGBModel_Alpha158_csi300_custom_step0_s_20260407_13,0ed795681f844aeea0d4e72ca3258d67,,,
2026-04-07,SZ300347,0.030675344169139862,EXP_XGBModel_Alpha158_csi300_custom_step0_s_20260407_13,0ed795681f844aeea0d4e72ca3258d67,,,
2026-04-07,SZ300394,-0.15822532773017883,EXP_XGBModel_Alpha158_csi300_custom_step0_s_20260407_13,0ed795681f844aeea0d4e72ca3258d67,,,
2026-04-07,SZ300408,0.05845443531870842,EXP_XGBModel_Alpha158_csi300_custom_step0_s_20260407_13,0ed795681f844aeea0d4e72ca3258d67,,,
2026-04-07,SZ300413,0.02050876058638096,EXP_XGBModel_Alpha158_csi300_custom_step0_s_20260407_13,0ed795681f844aeea0d4e72ca3258d67,,,
2026-04-07,SZ300418,-0.04578555002808571,EXP_XGBModel_Alpha158_csi300_custom_step0_s_20260407_13,0ed795681f844aeea0d4e72ca3258d67,,,
2026-04-07,SZ300433,0.04197276756167412,EXP_XGBModel_Alpha158_csi300_custom_step0_s_20260407_13,0ed795681f844aeea0d4e72ca3258d67,,,
2026-04-07,SZ300442,-0.028894027695059776,EXP_XGBModel_Alpha158_csi300_custom_step0_s_20260407_13,0ed795681f844aeea0d4e72ca3258d67,,,
2026-04-07,SZ300476,-0.004917279351502657,EXP_XGBModel_Alpha158_csi300_custom_step0_s_20260407_13,0ed795681f844aeea0d4e72ca3258d67,,,
2026-04-07,SZ300498,-0.016879260540008545,EXP_XGBModel_Alpha158_csi300_custom_step0_s_20260407_13,0ed795681f844aeea0d4e72ca3258d67,,,
2026-04-07,SZ300502,0.011213704012334347,EXP_XGBModel_Alpha158_csi300_custom_step0_s_20260407_13,0ed795681f844aeea0d4e72ca3258d67,,,
2026-04-07,SZ300308,-0.04219060391187668,EXP_XGBModel_Alpha158_csi300_custom_step0_s_20260407_13,0ed795681f844aeea0d4e72ca3258d67,,,
2026-04-07,SZ300628,0.02913166955113411,EXP_XGBModel_Alpha158_csi300_custom_step0_s_20260407_13,0ed795681f844aeea0d4e72ca3258d67,,,
2026-04-07,SZ300750,-0.010160320438444614,EXP_XGBModel_Alpha158_csi300_custom_step0_s_20260407_13,0ed795681f844aeea0d4e72ca3258d67,,,
2026-04-07,SZ300759,-0.025449473410844803,EXP_XGBModel_Alpha158_csi300_custom_step0_s_20260407_13,0ed795681f844aeea0d4e72ca3258d67,,,
2026-04-07,SZ300760,-0.04899436607956886,EXP_XGBModel_Alpha158_csi300_custom_step0_s_20260407_13,0ed795681f844aeea0d4e72ca3258d67,,,
2026-04-07,SZ300782,-0.03927323594689369,EXP_XGBModel_Alpha158_csi300_custom_step0_s_20260407_13,0ed795681f844aeea0d4e72ca3258d67,,,
2026-04-07,SZ300803,-0.03314369171857834,EXP_XGBModel_Alpha158_csi300_custom_step0_s_20260407_13,0ed795681f844aeea0d4e72ca3258d67,,,
2026-04-07,SZ300832,-0.019597316160798073,EXP_XGBModel_Alpha158_csi300_custom_step0_s_20260407_13,0ed795681f844aeea0d4e72ca3258d67,,,
2026-04-07,SZ300866,-0.051388151943683624,EXP_XGBModel_Alpha158_csi300_custom_step0_s_20260407_13,0ed795681f844aeea0d4e72ca3258d67,,,
2026-04-07,SZ300896,0.010269003920257092,EXP_XGBModel_Alpha158_csi300_custom_step0_s_20260407_13,0ed795681f844aeea0d4e72ca3258d67,,,
2026-04-07,SZ300979,0.018510939553380013,EXP_XGBModel_Alpha158_csi300_custom_step0_s_20260407_13,0ed795681f844aeea0d4e72ca3258d67,,,
2026-04-07,SZ300999,-0.011132970452308655,EXP_XGBModel_Alpha158_csi300_custom_step0_s_20260407_13,0ed795681f844aeea0d4e72ca3258d67,,,
2026-04-07,SZ301236,0.1062021553516388,EXP_XGBModel_Alpha158_csi300_custom_step0_s_20260407_13,0ed795681f844aeea0d4e72ca3258d67,,,
2026-04-07,SZ300661,-0.08259695768356323,EXP_XGBModel_Alpha158_csi300_custom_step0_s_20260407_13,0ed795681f844aeea0d4e72ca3258d67,,,
2026-04-07,SZ002384,0.014581064693629742,EXP_XGBModel_Alpha158_csi300_custom_step0_s_20260407_13,0ed795681f844aeea0d4e72ca3258d67,,,
2026-04-07,SZ300274,0.5377846956253052,EXP_XGBModel_Alpha158_csi300_custom_step0_s_20260407_13,0ed795681f844aeea0d4e72ca3258d67,,,
2026-04-07,SZ300124,-0.010159265249967575,EXP_XGBModel_Alpha158_csi300_custom_step0_s_20260407_13,0ed795681f844aeea0d4e72ca3258d67,,,
2026-04-07,SZ002422,-0.04533897712826729,EXP_XGBModel_Alpha158_csi300_custom_step0_s_20260407_13,0ed795681f844aeea0d4e72ca3258d67,,,
2026-04-07,SZ002459,0.004314594902098179,EXP_XGBModel_Alpha158_csi300_custom_step0_s_20260407_13,0ed795681f844aeea0d4e72ca3258d67,,,
2026-04-07,SZ002460,0.009439146146178246,EXP_XGBModel_Alpha158_csi300_custom_step0_s_20260407_13,0ed795681f844aeea0d4e72ca3258d67,,,
2026-04-07,SZ002463,0.008565179072320461,EXP_XGBModel_Alpha158_csi300_custom_step0_s_20260407_13,0ed795681f844aeea0d4e72ca3258d67,,,
2026-04-07,SZ002466,-0.02367709018290043,EXP_XGBModel_Alpha158_csi300_custom_step0_s_20260407_13,0ed795681f844aeea0d4e72ca3258d67,,,
2026-04-07,SZ002475,-0.004299008287489414,EXP_XGBModel_Alpha158_csi300_custom_step0_s_20260407_13,0ed795681f844aeea0d4e72ca3258d67,,,
2026-04-07,SZ002493,0.08635100722312927,EXP_XGBModel_Alpha158_csi300_custom_step0_s_20260407_13,0ed795681f844aeea0d4e72ca3258d67,,,
2026-04-07,SZ002594,-0.038054682314395905,EXP_XGBModel_Alpha158_csi300_custom_step0_s_20260407_13,0ed795681f844aeea0d4e72ca3258d67,,,
2026-04-07,SZ002600,-0.013838129118084908,EXP_XGBModel_Alpha158_csi300_custom_step0_s_20260407_13,0ed795681f844aeea0d4e72ca3258d67,,,
2026-04-07,SZ002601,0.038275234401226044,EXP_XGBModel_Alpha158_csi300_custom_step0_s_20260407_13,0ed795681f844aeea0d4e72ca3258d67,,,
2026-04-07,SZ002625,0.009132969193160534,EXP_XGBModel_Alpha158_csi300_custom_step0_s_20260407_13,0ed795681f844aeea0d4e72ca3258d67,,,
2026-04-07,SZ300251,0.3010081350803375,EXP_XGBModel_Alpha158_csi300_custom_step0_s_20260407_13,0ed795681f844aeea0d4e72ca3258d67,,,
2026-04-07,SZ002648,-0.14447475969791412,EXP_XGBModel_Alpha158_csi300_custom_step0_s_20260407_13,0ed795681f844aeea0d4e72ca3258d67,,,
2026-04-07,SZ002714,0.018837008625268936,EXP_XGBModel_Alpha158_csi300_custom_step0_s_20260407_13,0ed795681f844aeea0d4e72ca3258d67,,,
2026-04-07,SZ002736,-0.011899279430508614,EXP_XGBModel_Alpha158_csi300_custom_step0_s_20260407_13,0ed795681f844aeea0d4e72ca3258d67,,,
2026-04-07,SZ002916,0.04916141927242279,EXP_XGBModel_Alpha158_csi300_custom_step0_s_20260407_13,0ed795681f844aeea0d4e72ca3258d67,,,
2026-04-07,SZ002920,0.012129313312470913,EXP_XGBModel_Alpha158_csi300_custom_step0_s_20260407_13,0ed795681f844aeea0d4e72ca3258d67,,,
2026-04-07,SZ002938,0.004178657662123442,EXP_XGBModel_Alpha158_csi300_custom_step0_s_20260407_13,0ed795681f844aeea0d4e72ca3258d67,,,
2026-04-07,SZ003816,0.008766061626374722,EXP_XGBModel_Alpha158_csi300_custom_step0_s_20260407_13,0ed795681f844aeea0d4e72ca3258d67,,,
2026-04-07,SZ300014,0.10538549721240997,EXP_XGBModel_Alpha158_csi300_custom_step0_s_20260407_13,0ed795681f844aeea0d4e72ca3258d67,,,
2026-04-07,SZ300015,-0.011374722234904766,EXP_XGBModel_Alpha158_csi300_custom_step0_s_20260407_13,0ed795681f844aeea0d4e72ca3258d67,,,
2026-04-07,SZ300033,-0.05001300945878029,EXP_XGBModel_Alpha158_csi300_custom_step0_s_20260407_13,0ed795681f844aeea0d4e72ca3258d67,,,
2026-04-07,SZ300059,-0.034455716609954834,EXP_XGBModel_Alpha158_csi300_custom_step0_s_20260407_13,0ed795681f844aeea0d4e72ca3258d67,,,
2026-04-07,SZ300122,-0.02305419184267521,EXP_XGBModel_Alpha158_csi300_custom_step0_s_20260407_13,0ed795681f844aeea0d4e72ca3258d67,,,
2026-04-07,SZ002709,0.0029619319830089808,EXP_XGBModel_Alpha158_csi300_custom_step0_s_20260407_13,0ed795681f844aeea0d4e72ca3258d67,,,
2026-04-07,SH688506,-0.16152790188789368,EXP_XGBModel_Alpha158_csi300_custom_step0_s_20260407_13,0ed795681f844aeea0d4e72ca3258d67,,,
2026-04-07,SH688472,-0.012914614751935005,EXP_XGBModel_Alpha158_csi300_custom_step0_s_20260407_13,0ed795681f844aeea0d4e72ca3258d67,,,
2026-04-07,SH688396,-0.029412537813186646,EXP_XGBModel_Alpha158_csi300_custom_step0_s_20260407_13,0ed795681f844aeea0d4e72ca3258d67,,,
2026-04-07,SH601236,-0.029822925105690956,EXP_XGBModel_Alpha158_csi300_custom_step0_s_20260407_13,0ed795681f844aeea0d4e72ca3258d67,,,
2026-04-07,SH601238,-0.006756981834769249,EXP_XGBModel_Alpha158_csi300_custom_step0_s_20260407_13,0ed795681f844aeea0d4e72ca3258d67,,,
2026-04-07,SH601288,-0.03189343959093094,EXP_XGBModel_Alpha158_csi300_custom_step0_s_20260407_13,0ed795681f844aeea0d4e72ca3258d67,,,
2026-04-07,SH601298,-0.017221998423337936,EXP_XGBModel_Alpha158_csi300_custom_step0_s_20260407_13,0ed795681f844aeea0d4e72ca3258d67,,,
2026-04-07,SH601318,0.023183191195130348,EXP_XGBModel_Alpha158_csi300_custom_step0_s_20260407_13,0ed795681f844aeea0d4e72ca3258d67,,,
2026-04-07,SH601319,0.015369498170912266,EXP_XGBModel_Alpha158_csi300_custom_step0_s_20260407_13,0ed795681f844aeea0d4e72ca3258d67,,,
2026-04-07,SH601328,0.021027550101280212,EXP_XGBModel_Alpha158_csi300_custom_step0_s_20260407_13,0ed795681f844aeea0d4e72ca3258d67,,,
2026-04-07,SH601336,0.02961600199341774,EXP_XGBModel_Alpha158_csi300_custom_step0_s_20260407_13,0ed795681f844aeea0d4e72ca3258d67,,,
2026-04-07,SH601360,-0.026659704744815826,EXP_XGBModel_Alpha158_csi300_custom_step0_s_20260407_13,0ed795681f844aeea0d4e72ca3258d67,,,
2026-04-07,SH601377,-0.027517195791006088,EXP_XGBModel_Alpha158_csi300_custom_step0_s_20260407_13,0ed795681f844aeea0d4e72ca3258d67,,,
2026-04-07,SH601390,-0.05044079199433327,EXP_XGBModel_Alpha158_csi300_custom_step0_s_20260407_13,0ed795681f844aeea0d4e72ca3258d67,,,
2026-04-07,SH601229,0.01581006497144699,EXP_XGBModel_Alpha158_csi300_custom_step0_s_20260407_13,0ed795681f844aeea0d4e72ca3258d67,,,
2026-04-07,SH601398,0.018634995445609093,EXP_XGBModel_Alpha158_csi300_custom_step0_s_20260407_13,0ed795681f844aeea0d4e72ca3258d67,,,
2026-04-07,SH601600,0.1314159333705902,EXP_XGBModel_Alpha158_csi300_custom_step0_s_20260407_13,0ed795681f844aeea0d4e72ca3258d67,,,
2026-04-07,SH601601,-0.04267944023013115,EXP_XGBModel_Alpha158_csi300_custom_step0_s_20260407_13,0ed795681f844aeea0d4e72ca3258d67,,,
2026-04-07,SH601607,0.004356665071099997,EXP_XGBModel_Alpha158_csi300_custom_step0_s_20260407_13,0ed795681f844aeea0d4e72ca3258d67,,,
2026-04-07,SH601618,-0.027560768648982048,EXP_XGBModel_Alpha158_csi300_custom_step0_s_20260407_13,0ed795681f844aeea0d4e72ca3258d67,,,
2026-04-07,SH601628,-0.01599300093948841,EXP_XGBModel_Alpha158_csi300_custom_step0_s_20260407_13,0ed795681f844aeea0d4e72ca3258d67,,,
2026-04-07,SH601633,0.024342605844140053,EXP_XGBModel_Alpha158_csi300_custom_step0_s_20260407_13,0ed795681f844aeea0d4e72ca3258d67,,,
2026-04-07,SH601658,0.026750793680548668,EXP_XGBModel_Alpha158_csi300_custom_step0_s_20260407_13,0ed795681f844aeea0d4e72ca3258d67,,,
2026-04-07,SH601668,0.020597325637936592,EXP_XGBModel_Alpha158_csi300_custom_step0_s_20260407_13,0ed795681f844aeea0d4e72ca3258d67,,,
2026-04-07,SH601669,-0.021250862628221512,EXP_XGBModel_Alpha158_csi300_custom_step0_s_20260407_13,0ed795681f844aeea0d4e72ca3258d67,,,
2026-04-07,SH601688,-0.07599963247776031,EXP_XGBModel_Alpha158_csi300_custom_step0_s_20260407_13,0ed795681f844aeea0d4e72ca3258d67,,,
2026-04-07,SH601689,0.027841361239552498,EXP_XGBModel_Alpha158_csi300_custom_step0_s_20260407_13,0ed795681f844aeea0d4e72ca3258d67,,,
2026-04-07,SH601456,-0.010580590926110744,EXP_XGBModel_Alpha158_csi300_custom_step0_s_20260407_13,0ed795681f844aeea0d4e72ca3258d67,,,
2026-04-07,SH601698,0.0456305555999279,EXP_XGBModel_Alpha158_csi300_custom_step0_s_20260407_13,0ed795681f844aeea0d4e72ca3258d67,,,
2026-04-07,SH601225,-0.012503729201853275,EXP_XGBModel_Alpha158_csi300_custom_step0_s_20260407_13,0ed795681f844aeea0d4e72ca3258d67,,,
2026-04-07,SH601186,-0.005561997648328543,EXP_XGBModel_Alpha158_csi300_custom_step0_s_20260407_13,0ed795681f844aeea0d4e72ca3258d67,,,
2026-04-07,SH600930,-0.038333918899297714,EXP_XGBModel_Alpha158_csi300_custom_step0_s_20260407_13,0ed795681f844aeea0d4e72ca3258d67,,,
2026-04-07,SH600938,-0.0008847749559208751,EXP_XGBModel_Alpha158_csi300_custom_step0_s_20260407_13,0ed795681f844aeea0d4e72ca3258d67,,,
2026-04-07,SH600941,0.022129861637949944,EXP_XGBModel_Alpha158_csi300_custom_step0_s_20260407_13,0ed795681f844aeea0d4e72ca3258d67,,,
2026-04-07,SH600958,-0.01075663696974516,EXP_XGBModel_Alpha158_csi300_custom_step0_s_20260407_13,0ed795681f844aeea0d4e72ca3258d67,,,
2026-04-07,SH600989,-0.03104841522872448,EXP_XGBModel_Alpha158_csi300_custom_step0_s_20260407_13,0ed795681f844aeea0d4e72ca3258d67,,,
2026-04-07,SH600999,0.016881603747606277,EXP_XGBModel_Alpha158_csi300_custom_step0_s_20260407_13,0ed795681f844aeea0d4e72ca3258d67,,,
2026-04-07,SH601006,0.009952562861144543,EXP_XGBModel_Alpha158_csi300_custom_step0_s_20260407_13,0ed795681f844aeea0d4e72ca3258d67,,,
2026-04-07,SH601009,0.03437340632081032,EXP_XGBModel_Alpha158_csi300_custom_step0_s_20260407_13,0ed795681f844aeea0d4e72ca3258d67,,,
2026-04-07,SH601012,0.01344192586839199,EXP_XGBModel_Alpha158_csi300_custom_step0_s_20260407_13,0ed795681f844aeea0d4e72ca3258d67,,,
2026-04-07,SH601018,0.005492216907441616,EXP_XGBModel_Alpha158_csi300_custom_step0_s_20260407_13,0ed795681f844aeea0d4e72ca3258d67,,,
2026-04-07,SH601021,-0.012936876155436039,EXP_XGBModel_Alpha158_csi300_custom_step0_s_20260407_13,0ed795681f844aeea0d4e72ca3258d67,,,
2026-04-07,SH601211,-0.03148738667368889,EXP_XGBModel_Alpha158_csi300_custom_step0_s_20260407_13,0ed795681f844aeea0d4e72ca3258d67,,,
2026-04-07,SH601058,-0.006469517480581999,EXP_XGBModel_Alpha158_csi300_custom_step0_s_20260407_13,0ed795681f844aeea0d4e72ca3258d67,,,
2026-04-07,SH601066,-0.011996314860880375,EXP_XGBModel_Alpha158_csi300_custom_step0_s_20260407_13,0ed795681f844aeea0d4e72ca3258d67,,,
2026-04-07,SH601077,0.029552312567830086,EXP_XGBModel_Alpha158_csi300_custom_step0_s_20260407_13,0ed795681f844aeea0d4e72ca3258d67,,,
2026-04-07,SH601088,0.016595667228102684,EXP_XGBModel_Alpha158_csi300_custom_step0_s_20260407_13,0ed795681f844aeea0d4e72ca3258d67,,,
2026-04-07,SH601100,-0.048089541494846344,EXP_XGBModel_Alpha158_csi300_custom_step0_s_20260407_13,0ed795681f844aeea0d4e72ca3258d67,,,
2026-04-07,SH601111,-0.023888904601335526,EXP_XGBModel_Alpha158_csi300_custom_step0_s_20260407_13,0ed795681f844aeea0d4e72ca3258d67,,,
2026-04-07,SH601117,-0.012693164870142937,EXP_XGBModel_Alpha158_csi300_custom_step0_s_20260407_13,0ed795681f844aeea0d4e72ca3258d67,,,
2026-04-07,SH601127,0.039891209453344345,EXP_XGBModel_Alpha158_csi300_custom_step0_s_20260407_13,0ed795681f844aeea0d4e72ca3258d67,,,
2026-04-07,SH601136,-0.01308086235076189,EXP_XGBModel_Alpha158_csi300_custom_step0_s_20260407_13,0ed795681f844aeea0d4e72ca3258d67,,,
2026-04-07,SH601138,-0.011150619946420193,EXP_XGBModel_Alpha158_csi300_custom_step0_s_20260407_13,0ed795681f844aeea0d4e72ca3258d67,,,
2026-04-07,SH601166,0.02609947882592678,EXP_XGBModel_Alpha158_csi300_custom_step0_s_20260407_13,0ed795681f844aeea0d4e72ca3258d67,,,
2026-04-07,SH601169,0.024954354390501976,EXP_XGBModel_Alpha158_csi300_custom_step0_s_20260407_13,0ed795681f844aeea0d4e72ca3258d67,,,
2026-04-07,SH601059,-0.01374245248734951,EXP_XGBModel_Alpha158_csi300_custom_step0_s_20260407_13,0ed795681f844aeea0d4e72ca3258d67,,,
2026-04-07,SH601728,0.014943606220185757,EXP_XGBModel_Alpha158_csi300_custom_step0_s_20260407_13,0ed795681f844aeea0d4e72ca3258d67,,,
2026-04-07,SH601766,0.023453688248991966,EXP_XGBModel_Alpha158_csi300_custom_step0_s_20260407_13,0ed795681f844aeea0d4e72ca3258d67,,,
2026-04-07,SH601788,-0.0027091235388070345,EXP_XGBModel_Alpha158_csi300_custom_step0_s_20260407_13,0ed795681f844aeea0d4e72ca3258d67,,,
2026-04-07,SH603369,-0.013929884880781174,EXP_XGBModel_Alpha158_csi300_custom_step0_s_20260407_13,0ed795681f844aeea0d4e72ca3258d67,,,
2026-04-07,SH603392,0.01721370592713356,EXP_XGBModel_Alpha158_csi300_custom_step0_s_20260407_13,0ed795681f844aeea0d4e72ca3258d67,,,
2026-04-07,SH603501,0.07676798850297928,EXP_XGBModel_Alpha158_csi300_custom_step0_s_20260407_13,0ed795681f844aeea0d4e72ca3258d67,,,
2026-04-07,SH603799,0.07237224280834198,EXP_XGBModel_Alpha158_csi300_custom_step0_s_20260407_13,0ed795681f844aeea0d4e72ca3258d67,,,
2026-04-07,SH603893,0.04267415404319763,EXP_XGBModel_Alpha158_csi300_custom_step0_s_20260407_13,0ed795681f844aeea0d4e72ca3258d67,,,
2026-04-07,SH603986,-0.007642657030373812,EXP_XGBModel_Alpha158_csi300_custom_step0_s_20260407_13,0ed795681f844aeea0d4e72ca3258d67,,,
2026-04-07,SH603993,-0.06792110949754715,EXP_XGBModel_Alpha158_csi300_custom_step0_s_20260407_13,0ed795681f844aeea0d4e72ca3258d67,,,
2026-04-07,SH605117,-0.015582519583404064,EXP_XGBModel_Alpha158_csi300_custom_step0_s_20260407_13,0ed795681f844aeea0d4e72ca3258d67,,,
2026-04-07,SH605499,0.009799440391361713,EXP_XGBModel_Alpha158_csi300_custom_step0_s_20260407_13,0ed795681f844aeea0d4e72ca3258d67,,,
2026-04-07,SH688008,0.03816846385598183,EXP_XGBModel_Alpha158_csi300_custom_step0_s_20260407_13,0ed795681f844aeea0d4e72ca3258d67,,,
2026-04-07,SH688009,-0.02812136337161064,EXP_XGBModel_Alpha158_csi300_custom_step0_s_20260407_13,0ed795681f844aeea0d4e72ca3258d67,,,
2026-04-07,SH603296,0.011830715462565422,EXP_XGBModel_Alpha158_csi300_custom_step0_s_20260407_13,0ed795681f844aeea0d4e72ca3258d67,,,
2026-04-07,SH688012,0.02944045327603817,EXP_XGBModel_Alpha158_csi300_custom_step0_s_20260407_13,0ed795681f844aeea0d4e72ca3258d67,,,
2026-04-07,SH688041,0.005136978346854448,EXP_XGBModel_Alpha158_csi300_custom_step0_s_20260407_13,0ed795681f844aeea0d4e72ca3258d67,,,
2026-04-07,SH688047,-0.045068223029375076,EXP_XGBModel_Alpha158_csi300_custom_step0_s_20260407_13,0ed795681f844aeea0d4e72ca3258d67,,,
2026-04-07,SH688082,0.14101886749267578,EXP_XGBModel_Alpha158_csi300_custom_step0_s_20260407_13,0ed795681f844aeea0d4e72ca3258d67,,,
2026-04-07,SH688111,0.10183494538068771,EXP_XGBModel_Alpha158_csi300_custom_step0_s_20260407_13,0ed795681f844aeea0d4e72ca3258d67,,,
2026-04-07,SH688126,-0.2151211053133011,EXP_XGBModel_Alpha158_csi300_custom_step0_s_20260407_13,0ed795681f844aeea0d4e72ca3258d67,,,
2026-04-07,SH688169,-0.031211240217089653,EXP_XGBModel_Alpha158_csi300_custom_step0_s_20260407_13,0ed795681f844aeea0d4e72ca3258d67,,,
2026-04-07,SH688187,-0.03578571602702141,EXP_XGBModel_Alpha158_csi300_custom_step0_s_20260407_13,0ed795681f844aeea0d4e72ca3258d67,,,
2026-04-07,SH688223,0.11962621659040451,EXP_XGBModel_Alpha158_csi300_custom_step0_s_20260407_13,0ed795681f844aeea0d4e72ca3258d67,,,
2026-04-07,SH688256,-0.10117973387241364,EXP_XGBModel_Alpha158_csi300_custom_step0_s_20260407_13,0ed795681f844aeea0d4e72ca3258d67,,,
2026-04-07,SH688271,-0.00402417778968811,EXP_XGBModel_Alpha158_csi300_custom_step0_s_20260407_13,0ed795681f844aeea0d4e72ca3258d67,,,
2026-04-07,SH688303,-0.039357706904411316,EXP_XGBModel_Alpha158_csi300_custom_step0_s_20260407_13,0ed795681f844aeea0d4e72ca3258d67,,,
2026-04-07,SH688036,-0.055277857929468155,EXP_XGBModel_Alpha158_csi300_custom_step0_s_20260407_13,0ed795681f844aeea0d4e72ca3258d67,,,
2026-04-07,SH603288,0.005059805233031511,EXP_XGBModel_Alpha158_csi300_custom_step0_s_20260407_13,0ed795681f844aeea0d4e72ca3258d67,,,
2026-04-07,SH603260,0.0031257602386176586,EXP_XGBModel_Alpha158_csi300_custom_step0_s_20260407_13,0ed795681f844aeea0d4e72ca3258d67,,,
2026-04-07,SH603259,0.004766126628965139,EXP_XGBModel_Alpha158_csi300_custom_step0_s_20260407_13,0ed795681f844aeea0d4e72ca3258d67,,,
2026-04-07,SH601800,-0.04719966650009155,EXP_XGBModel_Alpha158_csi300_custom_step0_s_20260407_13,0ed795681f844aeea0d4e72ca3258d67,,,
2026-04-07,SH601808,0.006127795670181513,EXP_XGBModel_Alpha158_csi300_custom_step0_s_20260407_13,0ed795681f844aeea0d4e72ca3258d67,,,
2026-04-07,SH601816,0.027098627761006355,EXP_XGBModel_Alpha158_csi300_custom_step0_s_20260407_13,0ed795681f844aeea0d4e72ca3258d67,,,
2026-04-07,SH601818,-0.003814970375970006,EXP_XGBModel_Alpha158_csi300_custom_step0_s_20260407_13,0ed795681f844aeea0d4e72ca3258d67,,,
2026-04-07,SH601825,0.030277201905846596,EXP_XGBModel_Alpha158_csi300_custom_step0_s_20260407_13,0ed795681f844aeea0d4e72ca3258d67,,,
2026-04-07,SH601838,0.04064192250370979,EXP_XGBModel_Alpha158_csi300_custom_step0_s_20260407_13,0ed795681f844aeea0d4e72ca3258d67,,,
2026-04-07,SH601857,-0.003604185301810503,EXP_XGBModel_Alpha158_csi300_custom_step0_s_20260407_13,0ed795681f844aeea0d4e72ca3258d67,,,
2026-04-07,SH601868,0.15104693174362183,EXP_XGBModel_Alpha158_csi300_custom_step0_s_20260407_13,0ed795681f844aeea0d4e72ca3258d67,,,
2026-04-07,SH601872,-0.11581895500421524,EXP_XGBModel_Alpha158_csi300_custom_step0_s_20260407_13,0ed795681f844aeea0d4e72ca3258d67,,,
2026-04-07,SH601877,-0.008343352936208248,EXP_XGBModel_Alpha158_csi300_custom_step0_s_20260407_13,0ed795681f844aeea0d4e72ca3258d67,,,
2026-04-07,SH601878,-0.04643654823303223,EXP_XGBModel_Alpha158_csi300_custom_step0_s_20260407_13,0ed795681f844aeea0d4e72ca3258d67,,,
2026-04-07,SH601881,-0.04056452587246895,EXP_XGBModel_Alpha158_csi300_custom_step0_s_20260407_13,0ed795681f844aeea0d4e72ca3258d67,,,
2026-04-07,SH601888,-0.25093579292297363,EXP_XGBModel_Alpha158_csi300_custom_step0_s_20260407_13,0ed795681f844aeea0d4e72ca3258d67,,,
2026-04-07,SH601898,-0.03322748839855194,EXP_XGBModel_Alpha158_csi300_custom_step0_s_20260407_13,0ed795681f844aeea0d4e72ca3258d67,,,
2026-04-07,SH601899,0.024666329845786095,EXP_XGBModel_Alpha158_csi300_custom_step0_s_20260407_13,0ed795681f844aeea0d4e72ca3258d67,,,
2026-04-07,SH601901,-0.0033218974713236094,EXP_XGBModel_Alpha158_csi300_custom_step0_s_20260407_13,0ed795681f844aeea0d4e72ca3258d67,,,
2026-04-07,SH601916,-0.022573554888367653,EXP_XGBModel_Alpha158_csi300_custom_step0_s_20260407_13,0ed795681f844aeea0d4e72ca3258d67,,,
2026-04-07,SH601919,-0.009247466921806335,EXP_XGBModel_Alpha158_csi300_custom_step0_s_20260407_13,0ed795681f844aeea0d4e72ca3258d67,,,
2026-04-07,SH601939,0.014777845703065395,EXP_XGBModel_Alpha158_csi300_custom_step0_s_20260407_13,0ed795681f844aeea0d4e72ca3258d67,,,
2026-04-07,SH601985,-0.03265359252691269,EXP_XGBModel_Alpha158_csi300_custom_step0_s_20260407_13,0ed795681f844aeea0d4e72ca3258d67,,,
2026-04-07,SH601988,-0.0020025845151394606,EXP_XGBModel_Alpha158_csi300_custom_step0_s_20260407_13,0ed795681f844aeea0d4e72ca3258d67,,,
2026-04-07,SH601995,-0.013587906956672668,EXP_XGBModel_Alpha158_csi300_custom_step0_s_20260407_13,0ed795681f844aeea0d4e72ca3258d67,,,
2026-04-07,SH601998,0.0457809753715992,EXP_XGBModel_Alpha158_csi300_custom_step0_s_20260407_13,0ed795681f844aeea0d4e72ca3258d67,,,
2026-04-07,SH603019,-0.01810484752058983,EXP_XGBModel_Alpha158_csi300_custom_step0_s_20260407_13,0ed795681f844aeea0d4e72ca3258d67,,,
2026-04-07,SH603195,0.02309349738061428,EXP_XGBModel_Alpha158_csi300_custom_step0_s_20260407_13,0ed795681f844aeea0d4e72ca3258d67,,,
2026-04-07,SH600919,0.03663508966565132,EXP_XGBModel_Alpha158_csi300_custom_step0_s_20260407_13,0ed795681f844aeea0d4e72ca3258d67,,,
2026-04-07,SH601919,0.05398092386261601,EXP_DEnsembleModel_Alpha158_csi300_custom_step0_s_20260407_14,eefeb6319b5f4d9c88f432a9b980e494,,,
2026-04-07,SH601916,-0.03472931984578891,EXP_DEnsembleModel_Alpha158_csi300_custom_step0_s_20260407_14,eefeb6319b5f4d9c88f432a9b980e494,,,
2026-04-07,SH601901,0.02170087182145551,EXP_DEnsembleModel_Alpha158_csi300_custom_step0_s_20260407_14,eefeb6319b5f4d9c88f432a9b980e494,,,
2026-04-07,SH601877,-0.0014287243920722834,EXP_LGBModel_Alpha158_csi300_custom_step0_s_20260407_16,4216e1d533bb4f408e31dd00520d8a4e,,,
2026-04-07,SH601878,-0.004747733445874565,EXP_LGBModel_Alpha158_csi300_custom_step0_s_20260407_16,4216e1d533bb4f408e31dd00520d8a4e,,,
2026-04-07,SH601881,-1.2099998029688214e-09,EXP_LGBModel_Alpha158_csi300_custom_step0_s_20260407_16,4216e1d533bb4f408e31dd00520d8a4e,,,
2026-04-07,SH601888,-0.004747733445874565,EXP_LGBModel_Alpha158_csi300_custom_step0_s_20260407_16,4216e1d533bb4f408e31dd00520d8a4e,,,
2026-04-07,SH601898,0.0003509138690996406,EXP_LGBModel_Alpha158_csi300_custom_step0_s_20260407_16,4216e1d533bb4f408e31dd00520d8a4e,,,
2026-04-07,SH601899,-0.00038060031477076635,EXP_LGBModel_Alpha158_csi300_custom_step0_s_20260407_16,4216e1d533bb4f408e31dd00520d8a4e,,,
2026-04-07,SH601901,-1.2099998029688214e-09,EXP_LGBModel_Alpha158_csi300_custom_step0_s_20260407_16,4216e1d533bb4f408e31dd00520d8a4e,,,
2026-04-07,SH601916,-0.004747733445874565,EXP_LGBModel_Alpha158_csi300_custom_step0_s_20260407_16,4216e1d533bb4f408e31dd00520d8a4e,,,
2026-04-07,SH601919,0.002569701923748182,EXP_LGBModel_Alpha158_csi300_custom_step0_s_20260407_16,4216e1d533bb4f408e31dd00520d8a4e,,,
2026-04-07,SH601939,0.002517040917392639,EXP_LGBModel_Alpha158_csi300_custom_step0_s_20260407_16,4216e1d533bb4f408e31dd00520d8a4e,,,
2026-04-07,SH601985,-0.006176456627947045,EXP_LGBModel_Alpha158_csi300_custom_step0_s_20260407_16,4216e1d533bb4f408e31dd00520d8a4e,,,
2026-04-07,SH601872,-0.0014209336248002316,EXP_LGBModel_Alpha158_csi300_custom_step0_s_20260407_16,4216e1d533bb4f408e31dd00520d8a4e,,,
2026-04-07,SH601988,1.036329923276855e-05,EXP_LGBModel_Alpha158_csi300_custom_step0_s_20260407_16,4216e1d533bb4f408e31dd00520d8a4e,,,
2026-04-07,SH601998,0.002569701923748182,EXP_LGBModel_Alpha158_csi300_custom_step0_s_20260407_16,4216e1d533bb4f408e31dd00520d8a4e,,,
2026-04-07,SH603019,-0.0049145475586246275,EXP_LGBModel_Alpha158_csi300_custom_step0_s_20260407_16,4216e1d533bb4f408e31dd00520d8a4e,,,
2026-04-07,SH603195,-1.2099998029688214e-09,EXP_LGBModel_Alpha158_csi300_custom_step0_s_20260407_16,4216e1d533bb4f408e31dd00520d8a4e,,,
2026-04-07,SH603259,0.0015057667120349741,EXP_LGBModel_Alpha158_csi300_custom_step0_s_20260407_16,4216e1d533bb4f408e31dd00520d8a4e,,,
2026-04-07,SH603260,-1.2099998029688214e-09,EXP_LGBModel_Alpha158_csi300_custom_step0_s_20260407_16,4216e1d533bb4f408e31dd00520d8a4e,,,
2026-04-07,SH603288,-0.0006869253224309148,EXP_LGBModel_Alpha158_csi300_custom_step0_s_20260407_16,4216e1d533bb4f408e31dd00520d8a4e,,,
2026-04-07,SH603296,-0.0022150335334953195,EXP_LGBModel_Alpha158_csi300_custom_step0_s_20260407_16,4216e1d533bb4f408e31dd00520d8a4e,,,
2026-04-07,SH603369,-1.2099998029688214e-09,EXP_LGBModel_Alpha158_csi300_custom_step0_s_20260407_16,4216e1d533bb4f408e31dd00520d8a4e,,,
2026-04-07,SH603392,0.005467343155911587,EXP_LGBModel_Alpha158_csi300_custom_step0_s_20260407_16,4216e1d533bb4f408e31dd00520d8a4e,,,
2026-04-07,SH603501,0.011041118810637076,EXP_LGBModel_Alpha158_csi300_custom_step0_s_20260407_16,4216e1d533bb4f408e31dd00520d8a4e,,,
2026-04-07,SH603799,0.005051211978100814,EXP_LGBModel_Alpha158_csi300_custom_step0_s_20260407_16,4216e1d533bb4f408e31dd00520d8a4e,,,
2026-04-07,SH601995,-1.2099998029688214e-09,EXP_LGBModel_Alpha158_csi300_custom_step0_s_20260407_16,4216e1d533bb4f408e31dd00520d8a4e,,,
2026-04-07,SH603893,0.0028976400221636025,EXP_LGBModel_Alpha158_csi300_custom_step0_s_20260407_16,4216e1d533bb4f408e31dd00520d8a4e,,,
2026-04-07,SH601868,-1.2099998029688214e-09,EXP_LGBModel_Alpha158_csi300_custom_step0_s_20260407_16,4216e1d533bb4f408e31dd00520d8a4e,,,
2026-04-07,SH601838,0.007670399699610048,EXP_LGBModel_Alpha158_csi300_custom_step0_s_20260407_16,4216e1d533bb4f408e31dd00520d8a4e,,,
2026-04-07,SH601377,-1.2099998029688214e-09,EXP_LGBModel_Alpha158_csi300_custom_step0_s_20260407_16,4216e1d533bb4f408e31dd00520d8a4e,,,
2026-04-07,SH601390,-0.006176456627947045,EXP_LGBModel_Alpha158_csi300_custom_step0_s_20260407_16,4216e1d533bb4f408e31dd00520d8a4e,,,
2026-04-07,SH601398,-1.2099998029688214e-09,EXP_LGBModel_Alpha158_csi300_custom_step0_s_20260407_16,4216e1d533bb4f408e31dd00520d8a4e,,,
2026-04-07,SH601456,-1.2099998029688214e-09,EXP_LGBModel_Alpha158_csi300_custom_step0_s_20260407_16,4216e1d533bb4f408e31dd00520d8a4e,,,
2026-04-07,SH601600,-1.2099998029688214e-09,EXP_LGBModel_Alpha158_csi300_custom_step0_s_20260407_16,4216e1d533bb4f408e31dd00520d8a4e,,,
2026-04-07,SH601601,-0.002359507357215754,EXP_LGBModel_Alpha158_csi300_custom_step0_s_20260407_16,4216e1d533bb4f408e31dd00520d8a4e,,,
2026-04-07,SH601607,0.0022030553336986575,EXP_LGBModel_Alpha158_csi300_custom_step0_s_20260407_16,4216e1d533bb4f408e31dd00520d8a4e,,,
2026-04-07,SH601618,-1.2099998029688214e-09,EXP_LGBModel_Alpha158_csi300_custom_step0_s_20260407_16,4216e1d533bb4f408e31dd00520d8a4e,,,
2026-04-07,SH601628,0.010491337686281039,EXP_LGBModel_Alpha158_csi300_custom_step0_s_20260407_16,4216e1d533bb4f408e31dd00520d8a4e,,,
2026-04-07,SH601633,0.002569701923748182,EXP_LGBModel_Alpha158_csi300_custom_step0_s_20260407_16,4216e1d533bb4f408e31dd00520d8a4e,,,
2026-04-07,SH601658,0.007670399699610048,EXP_LGBModel_Alpha158_csi300_custom_step0_s_20260407_16,4216e1d533bb4f408e31dd00520d8a4e,,,
2026-04-07,SH601857,-0.006168665860674994,EXP_LGBModel_Alpha158_csi300_custom_step0_s_20260407_16,4216e1d533bb4f408e31dd00520d8a4e,,,
2026-04-07,SH601668,0.007670399699610048,EXP_LGBModel_Alpha158_csi300_custom_step0_s_20260407_16,4216e1d533bb4f408e31dd00520d8a4e,,,
2026-04-07,SH601688,-0.004747733445874565,EXP_LGBModel_Alpha158_csi300_custom_step0_s_20260407_16,4216e1d533bb4f408e31dd00520d8a4e,,,
2026-04-07,SH601689,0.002517040917392639,EXP_LGBModel_Alpha158_csi300_custom_step0_s_20260407_16,4216e1d533bb4f408e31dd00520d8a4e,,,
2026-04-07,SH601698,0.006945892420215201,EXP_LGBModel_Alpha158_csi300_custom_step0_s_20260407_16,4216e1d533bb4f408e31dd00520d8a4e,,,
2026-04-07,SH601728,0.002569701923748182,EXP_LGBModel_Alpha158_csi300_custom_step0_s_20260407_16,4216e1d533bb4f408e31dd00520d8a4e,,,
2026-04-07,SH601766,0.002569701923748182,EXP_LGBModel_Alpha158_csi300_custom_step0_s_20260407_16,4216e1d533bb4f408e31dd00520d8a4e,,,
2026-04-07,SH601788,-1.2099998029688214e-09,EXP_LGBModel_Alpha158_csi300_custom_step0_s_20260407_16,4216e1d533bb4f408e31dd00520d8a4e,,,
2026-04-07,SH601800,-1.2099998029688214e-09,EXP_LGBModel_Alpha158_csi300_custom_step0_s_20260407_16,4216e1d533bb4f408e31dd00520d8a4e,,,
2026-04-07,SH601808,0.0003509138690996406,EXP_LGBModel_Alpha158_csi300_custom_step0_s_20260407_16,4216e1d533bb4f408e31dd00520d8a4e,,,
2026-04-07,SH601816,0.007670399699610048,EXP_LGBModel_Alpha158_csi300_custom_step0_s_20260407_16,4216e1d533bb4f408e31dd00520d8a4e,,,
2026-04-07,SH601818,-1.2099998029688214e-09,EXP_LGBModel_Alpha158_csi300_custom_step0_s_20260407_16,4216e1d533bb4f408e31dd00520d8a4e,,,
2026-04-07,SH601825,-1.2099998029688214e-09,EXP_LGBModel_Alpha158_csi300_custom_step0_s_20260407_16,4216e1d533bb4f408e31dd00520d8a4e,,,
2026-04-07,SH601669,-0.006176456627947045,EXP_LGBModel_Alpha158_csi300_custom_step0_s_20260407_16,4216e1d533bb4f408e31dd00520d8a4e,,,
2026-04-07,SH601360,-0.006176456627947045,EXP_LGBModel_Alpha158_csi300_custom_step0_s_20260407_16,4216e1d533bb4f408e31dd00520d8a4e,,,
2026-04-07,SH603986,0.008131831539065089,EXP_LGBModel_Alpha158_csi300_custom_step0_s_20260407_16,4216e1d533bb4f408e31dd00520d8a4e,,,
2026-04-07,SH605117,0.005989905622536459,EXP_LGBModel_Alpha158_csi300_custom_step0_s_20260407_16,4216e1d533bb4f408e31dd00520d8a4e,,,
2026-04-07,SZ000338,0.002691705830884862,EXP_LGBModel_Alpha158_csi300_custom_step0_s_20260407_16,4216e1d533bb4f408e31dd00520d8a4e,,,
2026-04-07,SZ000408,-1.2099998029688214e-09,EXP_LGBModel_Alpha158_csi300_custom_step0_s_20260407_16,4216e1d533bb4f408e31dd00520d8a4e,,,
2026-04-07,SZ000425,0.005051211978100814,EXP_LGBModel_Alpha158_csi300_custom_step0_s_20260407_16,4216e1d533bb4f408e31dd00520d8a4e,,,
2026-04-07,SZ000538,0.007670399699610048,EXP_LGBModel_Alpha158_csi300_custom_step0_s_20260407_16,4216e1d533bb4f408e31dd00520d8a4e,,,
2026-04-07,SZ000568,0.007670399699610048,EXP_LGBModel_Alpha158_csi300_custom_step0_s_20260407_16,4216e1d533bb4f408e31dd00520d8a4e,,,
2026-04-07,SZ000596,0.0003509138690996406,EXP_LGBModel_Alpha158_csi300_custom_step0_s_20260407_16,4216e1d533bb4f408e31dd00520d8a4e,,,
2026-04-07,SZ000617,0.00014447261372063186,EXP_LGBModel_Alpha158_csi300_custom_step0_s_20260407_16,4216e1d533bb4f408e31dd00520d8a4e,,,
2026-04-07,SZ000625,-1.2099998029688214e-09,EXP_LGBModel_Alpha158_csi300_custom_step0_s_20260407_16,4216e1d533bb4f408e31dd00520d8a4e,,,
2026-04-07,SZ000630,0.005467343155911587,EXP_LGBModel_Alpha158_csi300_custom_step0_s_20260407_16,4216e1d533bb4f408e31dd00520d8a4e,,,
2026-04-07,SZ000651,0.005100696565862063,EXP_LGBModel_Alpha158_csi300_custom_step0_s_20260407_16,4216e1d533bb4f408e31dd00520d8a4e,,,
2026-04-07,SZ000661,-1.2099998029688214e-09,EXP_LGBModel_Alpha158_csi300_custom_step0_s_20260407_16,4216e1d533bb4f408e31dd00520d8a4e,,,
2026-04-07,SZ000333,0.0022030553336986575,EXP_LGBModel_Alpha158_csi300_custom_step0_s_20260407_16,4216e1d533bb4f408e31dd00520d8a4e,,,
2026-04-07,SZ000708,0.0028976400221636025,EXP_LGBModel_Alpha158_csi300_custom_step0_s_20260407_16,4216e1d533bb4f408e31dd00520d8a4e,,,
2026-04-07,SZ000768,-1.2099998029688214e-09,EXP_LGBModel_Alpha158_csi300_custom_step0_s_20260407_16,4216e1d533bb4f408e31dd00520d8a4e,,,
2026-04-07,SZ000776,-1.2099998029688214e-09,EXP_LGBModel_Alpha158_csi300_custom_step0_s_20260407_16,4216e1d533bb4f408e31dd00520d8a4e,,,
2026-04-07,SZ000786,-0.0025732923492366552,EXP_LGBModel_Alpha158_csi300_custom_step0_s_20260407_16,4216e1d533bb4f408e31dd00520d8a4e,,,
2026-04-07,SZ000792,-0.0025732923492366552,EXP_LGBModel_Alpha158_csi300_custom_step0_s_20260407_16,4216e1d533bb4f408e31dd00520d8a4e,,,
2026-04-07,SZ000807,-0.0025732923492366552,EXP_LGBModel_Alpha158_csi300_custom_step0_s_20260407_16,4216e1d533bb4f408e31dd00520d8a4e,,,
2026-04-07,SZ000858,0.007670399699610048,EXP_LGBModel_Alpha158_csi300_custom_step0_s_20260407_16,4216e1d533bb4f408e31dd00520d8a4e,,,
2026-04-07,SZ000876,0.002569701923748182,EXP_LGBModel_Alpha158_csi300_custom_step0_s_20260407_16,4216e1d533bb4f408e31dd00520d8a4e,,,
2026-04-07,SZ000895,0.0028976400221636025,EXP_LGBModel_Alpha158_csi300_custom_step0_s_20260407_16,4216e1d533bb4f408e31dd00520d8a4e,,,
2026-04-07,SZ000938,-0.007107239593090516,EXP_LGBModel_Alpha158_csi300_custom_step0_s_20260407_16,4216e1d533bb4f408e31dd00520d8a4e,,,
2026-04-07,SZ000963,-0.007107239593090516,EXP_LGBModel_Alpha158_csi300_custom_step0_s_20260407_16,4216e1d533bb4f408e31dd00520d8a4e,,,
2026-04-07,SZ000975,-1.2099998029688214e-09,EXP_LGBModel_Alpha158_csi300_custom_step0_s_20260407_16,4216e1d533bb4f408e31dd00520d8a4e,,,
2026-04-07,SZ000725,0.0028976400221636025,EXP_LGBModel_Alpha158_csi300_custom_step0_s_20260407_16,4216e1d533bb4f408e31dd00520d8a4e,,,
2026-04-07,SH603993,-1.2099998029688214e-09,EXP_LGBModel_Alpha158_csi300_custom_step0_s_20260407_16,4216e1d533bb4f408e31dd00520d8a4e,,,
2026-04-07,SZ000301,0.005051211978100814,EXP_LGBModel_Alpha158_csi300_custom_step0_s_20260407_16,4216e1d533bb4f408e31dd00520d8a4e,,,
2026-04-07,SZ000157,-1.2099998029688214e-09,EXP_LGBModel_Alpha158_csi300_custom_step0_s_20260407_16,4216e1d533bb4f408e31dd00520d8a4e,,,
2026-04-07,SH605499,-1.2099998029688214e-09,EXP_LGBModel_Alpha158_csi300_custom_step0_s_20260407_16,4216e1d533bb4f408e31dd00520d8a4e,,,
2026-04-07,SH688008,0.005440124498180423,EXP_LGBModel_Alpha158_csi300_custom_step0_s_20260407_16,4216e1d533bb4f408e31dd00520d8a4e,,,
2026-04-07,SH688009,-0.006176456627947045,EXP_LGBModel_Alpha158_csi300_custom_step0_s_20260407_16,4216e1d533bb4f408e31dd00520d8a4e,,,
2026-04-07,SH688012,-0.0025550414114086763,EXP_LGBModel_Alpha158_csi300_custom_step0_s_20260407_16,4216e1d533bb4f408e31dd00520d8a4e,,,
2026-04-07,SH688036,-0.006176456627947045,EXP_LGBModel_Alpha158_csi300_custom_step0_s_20260407_16,4216e1d533bb4f408e31dd00520d8a4e,,,
2026-04-07,SH688041,0.005086744051140624,EXP_LGBModel_Alpha158_csi300_custom_step0_s_20260407_16,4216e1d533bb4f408e31dd00520d8a4e,,,
2026-04-07,SH688047,-0.0014287243920722834,EXP_LGBModel_Alpha158_csi300_custom_step0_s_20260407_16,4216e1d533bb4f408e31dd00520d8a4e,,,
2026-04-07,SH688082,-1.2099998029688214e-09,EXP_LGBModel_Alpha158_csi300_custom_step0_s_20260407_16,4216e1d533bb4f408e31dd00520d8a4e,,,
2026-04-07,SH688111,0.005440124498180423,EXP_LGBModel_Alpha158_csi300_custom_step0_s_20260407_16,4216e1d533bb4f408e31dd00520d8a4e,,,
2026-04-07,SH688126,-1.2099998029688214e-09,EXP_LGBModel_Alpha158_csi300_custom_step0_s_20260407_16,4216e1d533bb4f408e31dd00520d8a4e,,,
2026-04-07,SH688169,0.010491337686281039,EXP_LGBModel_Alpha158_csi300_custom_step0_s_20260407_16,4216e1d533bb4f408e31dd00520d8a4e,,,
2026-04-07,SZ000166,-1.2099998029688214e-09,EXP_LGBModel_Alpha158_csi300_custom_step0_s_20260407_16,4216e1d533bb4f408e31dd00520d8a4e,,,
2026-04-07,SH688187,-0.007107239593090516,EXP_LGBModel_Alpha158_csi300_custom_step0_s_20260407_16,4216e1d533bb4f408e31dd00520d8a4e,,,
2026-04-07,SH688256,-0.002192693244465692,EXP_LGBModel_Alpha158_csi300_custom_step0_s_20260407_16,4216e1d533bb4f408e31dd00520d8a4e,,,
2026-04-07,SH688271,-0.002359507357215754,EXP_LGBModel_Alpha158_csi300_custom_step0_s_20260407_16,4216e1d533bb4f408e31dd00520d8a4e,,,
2026-04-07,SH688303,-0.0025550414114086763,EXP_LGBModel_Alpha158_csi300_custom_step0_s_20260407_16,4216e1d533bb4f408e31dd00520d8a4e,,,
2026-04-07,SH688396,-1.2099998029688214e-09,EXP_LGBModel_Alpha158_csi300_custom_step0_s_20260407_16,4216e1d533bb4f408e31dd00520d8a4e,,,
2026-04-07,SH688472,-0.006176456627947045,EXP_LGBModel_Alpha158_csi300_custom_step0_s_20260407_16,4216e1d533bb4f408e31dd00520d8a4e,,,
2026-04-07,SH688506,-0.0014209336248002316,EXP_LGBModel_Alpha158_csi300_custom_step0_s_20260407_16,4216e1d533bb4f408e31dd00520d8a4e,,,
2026-04-07,SH688981,-0.007107239593090516,EXP_LGBModel_Alpha158_csi300_custom_step0_s_20260407_16,4216e1d533bb4f408e31dd00520d8a4e,,,
2026-04-07,SZ000001,0.007670399699610048,EXP_LGBModel_Alpha158_csi300_custom_step0_s_20260407_16,4216e1d533bb4f408e31dd00520d8a4e,,,
2026-04-07,SZ000002,0.005440124498180423,EXP_LGBModel_Alpha158_csi300_custom_step0_s_20260407_16,4216e1d533bb4f408e31dd00520d8a4e,,,
2026-04-07,SZ000063,-1.2099998029688214e-09,EXP_LGBModel_Alpha158_csi300_custom_step0_s_20260407_16,4216e1d533bb4f408e31dd00520d8a4e,,,
2026-04-07,SZ000100,-0.006176456627947045,EXP_LGBModel_Alpha158_csi300_custom_step0_s_20260407_16,4216e1d533bb4f408e31dd00520d8a4e,,,
2026-04-07,SH688223,-1.2099998029688214e-09,EXP_LGBModel_Alpha158_csi300_custom_step0_s_20260407_16,4216e1d533bb4f408e31dd00520d8a4e,,,
2026-04-07,SH601336,0.0164812445188173,EXP_LGBModel_Alpha158_csi300_custom_step0_s_20260407_16,4216e1d533bb4f408e31dd00520d8a4e,,,
2026-04-07,SH601328,0.0028976400221636025,EXP_LGBModel_Alpha158_csi300_custom_step0_s_20260407_16,4216e1d533bb4f408e31dd00520d8a4e,,,
2026-04-07,SH601319,-1.2099998029688214e-09,EXP_LGBModel_Alpha158_csi300_custom_step0_s_20260407_16,4216e1d533bb4f408e31dd00520d8a4e,,,
2026-04-07,SH600161,-1.2099998029688214e-09,EXP_LGBModel_Alpha158_csi300_custom_step0_s_20260407_16,4216e1d533bb4f408e31dd00520d8a4e,,,
2026-04-07,SH600176,-0.00038060031477076635,EXP_LGBModel_Alpha158_csi300_custom_step0_s_20260407_16,4216e1d533bb4f408e31dd00520d8a4e,,,
2026-04-07,SH600183,0.005051211978100814,EXP_LGBModel_Alpha158_csi300_custom_step0_s_20260407_16,4216e1d533bb4f408e31dd00520d8a4e,,,
2026-04-07,SH600188,-0.004396818366775122,EXP_LGBModel_Alpha158_csi300_custom_step0_s_20260407_16,4216e1d533bb4f408e31dd00520d8a4e,,,
2026-04-07,SH600196,-0.00038060031477076635,EXP_LGBModel_Alpha158_csi300_custom_step0_s_20260407_16,4216e1d533bb4f408e31dd00520d8a4e,,,
2026-04-07,SH600219,-1.2099998029688214e-09,EXP_LGBModel_Alpha158_csi300_custom_step0_s_20260407_16,4216e1d533bb4f408e31dd00520d8a4e,,,
2026-04-07,SH600233,-1.2099998029688214e-09,EXP_LGBModel_Alpha158_csi300_custom_step0_s_20260407_16,4216e1d533bb4f408e31dd00520d8a4e,,,
2026-04-07,SH600276,-0.0014209336248002316,EXP_LGBModel_Alpha158_csi300_custom_step0_s_20260407_16,4216e1d533bb4f408e31dd00520d8a4e,,,
2026-04-07,SH600309,-0.0025732923492366552,EXP_LGBModel_Alpha158_csi300_custom_step0_s_20260407_16,4216e1d533bb4f408e31dd00520d8a4e,,,
2026-04-07,SH600346,0.005051211978100814,EXP_LGBModel_Alpha158_csi300_custom_step0_s_20260407_16,4216e1d533bb4f408e31dd00520d8a4e,,,
2026-04-07,SH600362,-1.2099998029688214e-09,EXP_LGBModel_Alpha158_csi300_custom_step0_s_20260407_16,4216e1d533bb4f408e31dd00520d8a4e,,,
2026-04-07,SH600160,0.005467343155911587,EXP_LGBModel_Alpha158_csi300_custom_step0_s_20260407_16,4216e1d533bb4f408e31dd00520d8a4e,,,
2026-04-07,SH600372,-1.2099998029688214e-09,EXP_LGBModel_Alpha158_csi300_custom_step0_s_20260407_16,4216e1d533bb4f408e31dd00520d8a4e,,,
2026-04-07,SH600406,-0.0025550414114086763,EXP_LGBModel_Alpha158_csi300_custom_step0_s_20260407_16,4216e1d533bb4f408e31dd00520d8a4e,,,
2026-04-07,SH600415,0.005100696565862063,EXP_LGBModel_Alpha158_csi300_custom_step0_s_20260407_16,4216e1d533bb4f408e31dd00520d8a4e,,,
2026-04-07,SH600426,-0.004747733445874565,EXP_LGBModel_Alpha158_csi300_custom_step0_s_20260407_16,4216e1d533bb4f408e31dd00520d8a4e,,,
2026-04-07,SH600436,-1.2099998029688214e-09,EXP_LGBModel_Alpha158_csi300_custom_step0_s_20260407_16,4216e1d533bb4f408e31dd00520d8a4e,,,
2026-04-07,SH600438,-0.006176456627947045,EXP_LGBModel_Alpha158_csi300_custom_step0_s_20260407_16,4216e1d533bb4f408e31dd00520d8a4e,,,
2026-04-07,SH600460,-1.2099998029688214e-09,EXP_LGBModel_Alpha158_csi300_custom_step0_s_20260407_16,4216e1d533bb4f408e31dd00520d8a4e,,,
2026-04-07,SH600482,-0.00038060031477076635,EXP_LGBModel_Alpha158_csi300_custom_step0_s_20260407_16,4216e1d533bb4f408e31dd00520d8a4e,,,
2026-04-07,SH600489,-1.2099998029688214e-09,EXP_LGBModel_Alpha158_csi300_custom_step0_s_20260407_16,4216e1d533bb4f408e31dd00520d8a4e,,,
2026-04-07,SH600515,0.005100696565862063,EXP_LGBModel_Alpha158_csi300_custom_step0_s_20260407_16,4216e1d533bb4f408e31dd00520d8a4e,,,
2026-04-07,SH600519,0.0031078370086956362,EXP_LGBModel_Alpha158_csi300_custom_step0_s_20260407_16,4216e1d533bb4f408e31dd00520d8a4e,,,
2026-04-07,SH600522,-1.2099998029688214e-09,EXP_LGBModel_Alpha158_csi300_custom_step0_s_20260407_16,4216e1d533bb4f408e31dd00520d8a4e,,,
2026-04-07,SH600377,-0.0014287243920722834,EXP_LGBModel_Alpha158_csi300_custom_step0_s_20260407_16,4216e1d533bb4f408e31dd00520d8a4e,,,
2026-04-07,SH600547,-1.2099998029688214e-09,EXP_LGBModel_Alpha158_csi300_custom_step0_s_20260407_16,4216e1d533bb4f408e31dd00520d8a4e,,,
2026-04-07,SH600150,-1.2099998029688214e-09,EXP_LGBModel_Alpha158_csi300_custom_step0_s_20260407_16,4216e1d533bb4f408e31dd00520d8a4e,,,
2026-04-07,SH600111,-1.2099998029688214e-09,EXP_LGBModel_Alpha158_csi300_custom_step0_s_20260407_16,4216e1d533bb4f408e31dd00520d8a4e,,,
2026-04-07,SH600009,-1.2099998029688214e-09,EXP_LGBModel_Alpha158_csi300_custom_step0_s_20260407_16,4216e1d533bb4f408e31dd00520d8a4e,,,
2026-04-07,SH600010,0.00655697990013559,EXP_LGBModel_Alpha158_csi300_custom_step0_s_20260407_16,4216e1d533bb4f408e31dd00520d8a4e,,,
2026-04-07,SH600011,-0.007107239593090516,EXP_LGBModel_Alpha158_csi300_custom_step0_s_20260407_16,4216e1d533bb4f408e31dd00520d8a4e,,,
2026-04-07,SH600015,1.036329923276855e-05,EXP_LGBModel_Alpha158_csi300_custom_step0_s_20260407_16,4216e1d533bb4f408e31dd00520d8a4e,,,
2026-04-07,SH600016,-1.2099998029688214e-09,EXP_LGBModel_Alpha158_csi300_custom_step0_s_20260407_16,4216e1d533bb4f408e31dd00520d8a4e,,,
2026-04-07,SH600018,0.0028976400221636025,EXP_LGBModel_Alpha158_csi300_custom_step0_s_20260407_16,4216e1d533bb4f408e31dd00520d8a4e,,,
2026-04-07,SH600019,0.002569701923748182,EXP_LGBModel_Alpha158_csi300_custom_step0_s_20260407_16,4216e1d533bb4f408e31dd00520d8a4e,,,
2026-04-07,SH600023,-0.002192693244465692,EXP_LGBModel_Alpha158_csi300_custom_step0_s_20260407_16,4216e1d533bb4f408e31dd00520d8a4e,,,
2026-04-07,SH600025,-0.006176456627947045,EXP_LGBModel_Alpha158_csi300_custom_step0_s_20260407_16,4216e1d533bb4f408e31dd00520d8a4e,,,
2026-04-07,SH600026,0.0003509138690996406,EXP_LGBModel_Alpha158_csi300_custom_step0_s_20260407_16,4216e1d533bb4f408e31dd00520d8a4e,,,
2026-04-07,SH600027,-0.006176456627947045,EXP_LGBModel_Alpha158_csi300_custom_step0_s_20260407_16,4216e1d533bb4f408e31dd00520d8a4e,,,
2026-04-07,SH600115,-1.2099998029688214e-09,EXP_LGBModel_Alpha158_csi300_custom_step0_s_20260407_16,4216e1d533bb4f408e31dd00520d8a4e,,,
2026-04-07,SH600028,-1.2099998029688214e-09,EXP_LGBModel_Alpha158_csi300_custom_step0_s_20260407_16,4216e1d533bb4f408e31dd00520d8a4e,,,
2026-04-07,SH600030,-1.2099998029688214e-09,EXP_LGBModel_Alpha158_csi300_custom_step0_s_20260407_16,4216e1d533bb4f408e31dd00520d8a4e,,,
2026-04-07,SH600031,0.002691705830884862,EXP_LGBModel_Alpha158_csi300_custom_step0_s_20260407_16,4216e1d533bb4f408e31dd00520d8a4e,,,
2026-04-07,SH600036,0.0028976400221636025,EXP_LGBModel_Alpha158_csi300_custom_step0_s_20260407_16,4216e1d533bb4f408e31dd00520d8a4e,,,
2026-04-07,SH600039,-1.2099998029688214e-09,EXP_LGBModel_Alpha158_csi300_custom_step0_s_20260407_16,4216e1d533bb4f408e31dd00520d8a4e,,,
2026-04-07,SH600048,-0.006176456627947045,EXP_LGBModel_Alpha158_csi300_custom_step0_s_20260407_16,4216e1d533bb4f408e31dd00520d8a4e,,,
2026-04-07,SH600050,-1.2099998029688214e-09,EXP_LGBModel_Alpha158_csi300_custom_step0_s_20260407_16,4216e1d533bb4f408e31dd00520d8a4e,,,
2026-04-07,SH600061,-1.2099998029688214e-09,EXP_LGBModel_Alpha158_csi300_custom_step0_s_20260407_16,4216e1d533bb4f408e31dd00520d8a4e,,,
2026-04-07,SH600066,-0.0006869253224309148,EXP_LGBModel_Alpha158_csi300_custom_step0_s_20260407_16,4216e1d533bb4f408e31dd00520d8a4e,,,
2026-04-07,SH600085,-0.0004212890875607926,EXP_LGBModel_Alpha158_csi300_custom_step0_s_20260407_16,4216e1d533bb4f408e31dd00520d8a4e,,,
2026-04-07,SH600089,-1.2099998029688214e-09,EXP_LGBModel_Alpha158_csi300_custom_step0_s_20260407_16,4216e1d533bb4f408e31dd00520d8a4e,,,
2026-04-07,SH600104,-0.002192693244465692,EXP_LGBModel_Alpha158_csi300_custom_step0_s_20260407_16,4216e1d533bb4f408e31dd00520d8a4e,,,
2026-04-07,SH600029,0.0028976400221636025,EXP_LGBModel_Alpha158_csi300_custom_step0_s_20260407_16,4216e1d533bb4f408e31dd00520d8a4e,,,
2026-04-07,SH600570,0.007670399699610048,EXP_LGBModel_Alpha158_csi300_custom_step0_s_20260407_16,4216e1d533bb4f408e31dd00520d8a4e,,,
2026-04-07,SH600584,-1.2099998029688214e-09,EXP_LGBModel_Alpha158_csi300_custom_step0_s_20260407_16,4216e1d533bb4f408e31dd00520d8a4e,,,
2026-04-07,SH600585,0.007670399699610048,EXP_LGBModel_Alpha158_csi300_custom_step0_s_20260407_16,4216e1d533bb4f408e31dd00520d8a4e,,,
2026-04-07,SH601018,-0.004747733445874565,EXP_LGBModel_Alpha158_csi300_custom_step0_s_20260407_16,4216e1d533bb4f408e31dd00520d8a4e,,,
2026-04-07,SH601021,-1.2099998029688214e-09,EXP_LGBModel_Alpha158_csi300_custom_step0_s_20260407_16,4216e1d533bb4f408e31dd00520d8a4e,,,
2026-04-07,SH601058,-0.0025732923492366552,EXP_LGBModel_Alpha158_csi300_custom_step0_s_20260407_16,4216e1d533bb4f408e31dd00520d8a4e,,,
2026-04-07,SH601059,-1.2099998029688214e-09,EXP_LGBModel_Alpha158_csi300_custom_step0_s_20260407_16,4216e1d533bb4f408e31dd00520d8a4e,,,
2026-04-07,SH601066,-1.2099998029688214e-09,EXP_LGBModel_Alpha158_csi300_custom_step0_s_20260407_16,4216e1d533bb4f408e31dd00520d8a4e,,,
2026-04-07,SH601077,0.002569701923748182,EXP_LGBModel_Alpha158_csi300_custom_step0_s_20260407_16,4216e1d533bb4f408e31dd00520d8a4e,,,
2026-04-07,SH601088,0.0005381338749476513,EXP_LGBModel_Alpha158_csi300_custom_step0_s_20260407_16,4216e1d533bb4f408e31dd00520d8a4e,,,
2026-04-07,SH601100,-1.2099998029688214e-09,EXP_LGBModel_Alpha158_csi300_custom_step0_s_20260407_16,4216e1d533bb4f408e31dd00520d8a4e,,,
2026-04-07,SH601111,-1.2099998029688214e-09,EXP_LGBModel_Alpha158_csi300_custom_step0_s_20260407_16,4216e1d533bb4f408e31dd00520d8a4e,,,
2026-04-07,SH601117,-1.2099998029688214e-09,EXP_LGBModel_Alpha158_csi300_custom_step0_s_20260407_16,4216e1d533bb4f408e31dd00520d8a4e,,,
2026-04-07,SH601127,-0.007107239593090516,EXP_LGBModel_Alpha158_csi300_custom_step0_s_20260407_16,4216e1d533bb4f408e31dd00520d8a4e,,,
2026-04-07,SH601012,0.0004575962596024112,EXP_LGBModel_Alpha158_csi300_custom_step0_s_20260407_16,4216e1d533bb4f408e31dd00520d8a4e,,,
2026-04-07,SH601136,-0.0014287243920722834,EXP_LGBModel_Alpha158_csi300_custom_step0_s_20260407_16,4216e1d533bb4f408e31dd00520d8a4e,,,
2026-04-07,SH601166,0.005467343155911587,EXP_LGBModel_Alpha158_csi300_custom_step0_s_20260407_16,4216e1d533bb4f408e31dd00520d8a4e,,,
2026-04-07,SH601169,0.0028976400221636025,EXP_LGBModel_Alpha158_csi300_custom_step0_s_20260407_16,4216e1d533bb4f408e31dd00520d8a4e,,,
2026-04-07,SH601186,-1.2099998029688214e-09,EXP_LGBModel_Alpha158_csi300_custom_step0_s_20260407_16,4216e1d533bb4f408e31dd00520d8a4e,,,
2026-04-07,SH601211,-1.2099998029688214e-09,EXP_LGBModel_Alpha158_csi300_custom_step0_s_20260407_16,4216e1d533bb4f408e31dd00520d8a4e,,,
2026-04-07,SH601225,-0.002359507357215754,EXP_LGBModel_Alpha158_csi300_custom_step0_s_20260407_16,4216e1d533bb4f408e31dd00520d8a4e,,,
2026-04-07,SH601229,-1.2099998029688214e-09,EXP_LGBModel_Alpha158_csi300_custom_step0_s_20260407_16,4216e1d533bb4f408e31dd00520d8a4e,,,
2026-04-07,SH601236,-0.006176456627947045,EXP_LGBModel_Alpha158_csi300_custom_step0_s_20260407_16,4216e1d533bb4f408e31dd00520d8a4e,,,
2026-04-07,SH601238,-1.2099998029688214e-09,EXP_LGBModel_Alpha158_csi300_custom_step0_s_20260407_16,4216e1d533bb4f408e31dd00520d8a4e,,,
2026-04-07,SH601288,-0.007107239593090516,EXP_LGBModel_Alpha158_csi300_custom_step0_s_20260407_16,4216e1d533bb4f408e31dd00520d8a4e,,,
2026-04-07,SH601298,0.0005381338749476513,EXP_LGBModel_Alpha158_csi300_custom_step0_s_20260407_16,4216e1d533bb4f408e31dd00520d8a4e,,,
2026-04-07,SH601318,0.0028976400221636025,EXP_LGBModel_Alpha158_csi300_custom_step0_s_20260407_16,4216e1d533bb4f408e31dd00520d8a4e,,,
2026-04-07,SH601138,-0.0025732923492366552,EXP_LGBModel_Alpha158_csi300_custom_step0_s_20260407_16,4216e1d533bb4f408e31dd00520d8a4e,,,
2026-04-07,SH601009,0.007670399699610048,EXP_LGBModel_Alpha158_csi300_custom_step0_s_20260407_16,4216e1d533bb4f408e31dd00520d8a4e,,,
2026-04-07,SH601006,0.005467343155911587,EXP_LGBModel_Alpha158_csi300_custom_step0_s_20260407_16,4216e1d533bb4f408e31dd00520d8a4e,,,
2026-04-07,SH600999,0.007670399699610048,EXP_LGBModel_Alpha158_csi300_custom_step0_s_20260407_16,4216e1d533bb4f408e31dd00520d8a4e,,,
2026-04-07,SH600588,0.0032485551012630463,EXP_LGBModel_Alpha158_csi300_custom_step0_s_20260407_16,4216e1d533bb4f408e31dd00520d8a4e,,,
2026-04-07,SH600600,0.007670399699610048,EXP_LGBModel_Alpha158_csi300_custom_step0_s_20260407_16,4216e1d533bb4f408e31dd00520d8a4e,,,
2026-04-07,SH600660,0.005086744051140624,EXP_LGBModel_Alpha158_csi300_custom_step0_s_20260407_16,4216e1d533bb4f408e31dd00520d8a4e,,,
2026-04-07,SH600674,-0.007107239593090516,EXP_LGBModel_Alpha158_csi300_custom_step0_s_20260407_16,4216e1d533bb4f408e31dd00520d8a4e,,,
2026-04-07,SH600690,0.010491337686281039,EXP_LGBModel_Alpha158_csi300_custom_step0_s_20260407_16,4216e1d533bb4f408e31dd00520d8a4e,,,
2026-04-07,SH600741,0.00014447261372063186,EXP_LGBModel_Alpha158_csi300_custom_step0_s_20260407_16,4216e1d533bb4f408e31dd00520d8a4e,,,
2026-04-07,SH600760,0.0014689168400911221,EXP_LGBModel_Alpha158_csi300_custom_step0_s_20260407_16,4216e1d533bb4f408e31dd00520d8a4e,,,
2026-04-07,SH600795,-0.0025550414114086763,EXP_LGBModel_Alpha158_csi300_custom_step0_s_20260407_16,4216e1d533bb4f408e31dd00520d8a4e,,,
2026-04-07,SH600803,0.0003509138690996406,EXP_LGBModel_Alpha158_csi300_custom_step0_s_20260407_16,4216e1d533bb4f408e31dd00520d8a4e,,,
2026-04-07,SH600809,-0.006176456627947045,EXP_LGBModel_Alpha158_csi300_custom_step0_s_20260407_16,4216e1d533bb4f408e31dd00520d8a4e,,,
2026-04-07,SH600845,-0.0025732923492366552,EXP_LGBModel_Alpha158_csi300_custom_step0_s_20260407_16,4216e1d533bb4f408e31dd00520d8a4e,,,
2026-04-07,SH600875,-0.007107239593090516,EXP_LGBModel_Alpha158_csi300_custom_step0_s_20260407_16,4216e1d533bb4f408e31dd00520d8a4e,,,
2026-04-07,SH600886,-0.007107239593090516,EXP_LGBModel_Alpha158_csi300_custom_step0_s_20260407_16,4216e1d533bb4f408e31dd00520d8a4e,,,
2026-04-07,SH600887,0.007670399699610048,EXP_LGBModel_Alpha158_csi300_custom_step0_s_20260407_16,4216e1d533bb4f408e31dd00520d8a4e,,,
2026-04-07,SH600893,0.011041118810637076,EXP_LGBModel_Alpha158_csi300_custom_step0_s_20260407_16,4216e1d533bb4f408e31dd00520d8a4e,,,
2026-04-07,SH600900,0.0028976400221636025,EXP_LGBModel_Alpha158_csi300_custom_step0_s_20260407_16,4216e1d533bb4f408e31dd00520d8a4e,,,
2026-04-07,SH600905,-0.006176456627947045,EXP_LGBModel_Alpha158_csi300_custom_step0_s_20260407_16,4216e1d533bb4f408e31dd00520d8a4e,,,
2026-04-07,SH600918,-1.2099998029688214e-09,EXP_LGBModel_Alpha158_csi300_custom_step0_s_20260407_16,4216e1d533bb4f408e31dd00520d8a4e,,,
2026-04-07,SH600919,0.007670399699610048,EXP_LGBModel_Alpha158_csi300_custom_step0_s_20260407_16,4216e1d533bb4f408e31dd00520d8a4e,,,
2026-04-07,SH600926,0.007670399699610048,EXP_LGBModel_Alpha158_csi300_custom_step0_s_20260407_16,4216e1d533bb4f408e31dd00520d8a4e,,,
2026-04-07,SH600930,-0.006176456627947045,EXP_LGBModel_Alpha158_csi300_custom_step0_s_20260407_16,4216e1d533bb4f408e31dd00520d8a4e,,,
2026-04-07,SH600938,-0.004396818366775122,EXP_LGBModel_Alpha158_csi300_custom_step0_s_20260407_16,4216e1d533bb4f408e31dd00520d8a4e,,,
2026-04-07,SH600941,0.005100696565862063,EXP_LGBModel_Alpha158_csi300_custom_step0_s_20260407_16,4216e1d533bb4f408e31dd00520d8a4e,,,
2026-04-07,SH600958,-1.2099998029688214e-09,EXP_LGBModel_Alpha158_csi300_custom_step0_s_20260407_16,4216e1d533bb4f408e31dd00520d8a4e,,,
2026-04-07,SH600989,0.005989905622536459,EXP_LGBModel_Alpha158_csi300_custom_step0_s_20260407_16,4216e1d533bb4f408e31dd00520d8a4e,,,
2026-04-07,SZ000977,-0.002359507357215754,EXP_LGBModel_Alpha158_csi300_custom_step0_s_20260407_16,4216e1d533bb4f408e31dd00520d8a4e,,,
2026-04-07,SZ000983,-0.004396818366775122,EXP_LGBModel_Alpha158_csi300_custom_step0_s_20260407_16,4216e1d533bb4f408e31dd00520d8a4e,,,
2026-04-07,SZ000999,0.0003509138690996406,EXP_LGBModel_Alpha158_csi300_custom_step0_s_20260407_16,4216e1d533bb4f408e31dd00520d8a4e,,,
2026-04-07,SZ001391,-1.2099998029688214e-09,EXP_LGBModel_Alpha158_csi300_custom_step0_s_20260407_16,4216e1d533bb4f408e31dd00520d8a4e,,,
2026-04-07,SH600845,-0.07022198021234043,EXP_DEnsembleModel_Alpha158_csi300_custom_step0_s_20260407_14,eefeb6319b5f4d9c88f432a9b980e494,,,
2026-04-07,SH600875,-0.09474412941659136,EXP_DEnsembleModel_Alpha158_csi300_custom_step0_s_20260407_14,eefeb6319b5f4d9c88f432a9b980e494,,,
2026-04-07,SH600886,-0.14633107725474437,EXP_DEnsembleModel_Alpha158_csi300_custom_step0_s_20260407_14,eefeb6319b5f4d9c88f432a9b980e494,,,
2026-04-07,SH600887,0.1069770936098429,EXP_DEnsembleModel_Alpha158_csi300_custom_step0_s_20260407_14,eefeb6319b5f4d9c88f432a9b980e494,,,
2026-04-07,SH600893,0.19289648196878467,EXP_DEnsembleModel_Alpha158_csi300_custom_step0_s_20260407_14,eefeb6319b5f4d9c88f432a9b980e494,,,
2026-04-07,SH600900,-0.006922773579710492,EXP_DEnsembleModel_Alpha158_csi300_custom_step0_s_20260407_14,eefeb6319b5f4d9c88f432a9b980e494,,,
2026-04-07,SH600905,-0.08813195574903136,EXP_DEnsembleModel_Alpha158_csi300_custom_step0_s_20260407_14,eefeb6319b5f4d9c88f432a9b980e494,,,
2026-04-07,SH600918,0.02294894136539538,EXP_DEnsembleModel_Alpha158_csi300_custom_step0_s_20260407_14,eefeb6319b5f4d9c88f432a9b980e494,,,
2026-04-07,SH600919,0.07905773996127506,EXP_DEnsembleModel_Alpha158_csi300_custom_step0_s_20260407_14,eefeb6319b5f4d9c88f432a9b980e494,,,
2026-04-07,SH600926,0.13115008649777976,EXP_DEnsembleModel_Alpha158_csi300_custom_step0_s_20260407_14,eefeb6319b5f4d9c88f432a9b980e494,,,
2026-04-07,SH600930,-0.04674984105820381,EXP_DEnsembleModel_Alpha158_csi300_custom_step0_s_20260407_14,eefeb6319b5f4d9c88f432a9b980e494,,,
2026-04-07,SH600809,-0.06658594908942274,EXP_DEnsembleModel_Alpha158_csi300_custom_step0_s_20260407_14,eefeb6319b5f4d9c88f432a9b980e494,,,
2026-04-07,SH600938,0.0038079576746667247,EXP_DEnsembleModel_Alpha158_csi300_custom_step0_s_20260407_14,eefeb6319b5f4d9c88f432a9b980e494,,,
2026-04-07,SH600958,-0.024206180589729575,EXP_DEnsembleModel_Alpha158_csi300_custom_step0_s_20260407_14,eefeb6319b5f4d9c88f432a9b980e494,,,
2026-04-07,SH600989,-0.022053717542685113,EXP_DEnsembleModel_Alpha158_csi300_custom_step0_s_20260407_14,eefeb6319b5f4d9c88f432a9b980e494,,,
2026-04-07,SH600999,0.06675852254395358,EXP_DEnsembleModel_Alpha158_csi300_custom_step0_s_20260407_14,eefeb6319b5f4d9c88f432a9b980e494,,,
2026-04-07,SH601006,0.02978241117218469,EXP_DEnsembleModel_Alpha158_csi300_custom_step0_s_20260407_14,eefeb6319b5f4d9c88f432a9b980e494,,,
2026-04-07,SH601009,0.10895207789410752,EXP_DEnsembleModel_Alpha158_csi300_custom_step0_s_20260407_14,eefeb6319b5f4d9c88f432a9b980e494,,,
2026-04-07,SH601012,0.05539344063053447,EXP_DEnsembleModel_Alpha158_csi300_custom_step0_s_20260407_14,eefeb6319b5f4d9c88f432a9b980e494,,,
2026-04-07,SH601018,-0.022488052938265682,EXP_DEnsembleModel_Alpha158_csi300_custom_step0_s_20260407_14,eefeb6319b5f4d9c88f432a9b980e494,,,
2026-04-07,SH601021,0.0020256327097817038,EXP_DEnsembleModel_Alpha158_csi300_custom_step0_s_20260407_14,eefeb6319b5f4d9c88f432a9b980e494,,,
2026-04-07,SH601058,-0.026398567830053194,EXP_DEnsembleModel_Alpha158_csi300_custom_step0_s_20260407_14,eefeb6319b5f4d9c88f432a9b980e494,,,
2026-04-07,SH601059,-0.029501421950856217,EXP_DEnsembleModel_Alpha158_csi300_custom_step0_s_20260407_14,eefeb6319b5f4d9c88f432a9b980e494,,,
2026-04-07,SH601066,-0.015432724460412961,EXP_DEnsembleModel_Alpha158_csi300_custom_step0_s_20260407_14,eefeb6319b5f4d9c88f432a9b980e494,,,
2026-04-07,SH600941,0.062473616869800186,EXP_DEnsembleModel_Alpha158_csi300_custom_step0_s_20260407_14,eefeb6319b5f4d9c88f432a9b980e494,,,
2026-04-07,SH601077,0.04630834216352297,EXP_DEnsembleModel_Alpha158_csi300_custom_step0_s_20260407_14,eefeb6319b5f4d9c88f432a9b980e494,,,
2026-04-07,SH600803,0.0865324342596908,EXP_DEnsembleModel_Alpha158_csi300_custom_step0_s_20260407_14,eefeb6319b5f4d9c88f432a9b980e494,,,
2026-04-07,SH600760,0.058831186277345945,EXP_DEnsembleModel_Alpha158_csi300_custom_step0_s_20260407_14,eefeb6319b5f4d9c88f432a9b980e494,,,
2026-04-07,SH600362,0.05565038468455753,EXP_DEnsembleModel_Alpha158_csi300_custom_step0_s_20260407_14,eefeb6319b5f4d9c88f432a9b980e494,,,
2026-04-07,SH600372,0.014102023150496757,EXP_DEnsembleModel_Alpha158_csi300_custom_step0_s_20260407_14,eefeb6319b5f4d9c88f432a9b980e494,,,
2026-04-07,SH600377,-0.07961595224134584,EXP_DEnsembleModel_Alpha158_csi300_custom_step0_s_20260407_14,eefeb6319b5f4d9c88f432a9b980e494,,,
2026-04-07,SH600406,-0.057284500082294416,EXP_DEnsembleModel_Alpha158_csi300_custom_step0_s_20260407_14,eefeb6319b5f4d9c88f432a9b980e494,,,
2026-04-07,SH600415,0.025219744759496066,EXP_DEnsembleModel_Alpha158_csi300_custom_step0_s_20260407_14,eefeb6319b5f4d9c88f432a9b980e494,,,
2026-04-07,SH600426,-0.06740643040846332,EXP_DEnsembleModel_Alpha158_csi300_custom_step0_s_20260407_14,eefeb6319b5f4d9c88f432a9b980e494,,,
2026-04-07,SH600436,-0.060759550708801395,EXP_DEnsembleModel_Alpha158_csi300_custom_step0_s_20260407_14,eefeb6319b5f4d9c88f432a9b980e494,,,
2026-04-07,SH600438,-0.1354638312661993,EXP_DEnsembleModel_Alpha158_csi300_custom_step0_s_20260407_14,eefeb6319b5f4d9c88f432a9b980e494,,,
2026-04-07,SH600460,-0.052299207167717826,EXP_DEnsembleModel_Alpha158_csi300_custom_step0_s_20260407_14,eefeb6319b5f4d9c88f432a9b980e494,,,
2026-04-07,SH600482,0.04117947694974203,EXP_DEnsembleModel_Alpha158_csi300_custom_step0_s_20260407_14,eefeb6319b5f4d9c88f432a9b980e494,,,
2026-04-07,SH600489,0.09581592937527551,EXP_DEnsembleModel_Alpha158_csi300_custom_step0_s_20260407_14,eefeb6319b5f4d9c88f432a9b980e494,,,
2026-04-07,SH600795,-0.07174874811563932,EXP_DEnsembleModel_Alpha158_csi300_custom_step0_s_20260407_14,eefeb6319b5f4d9c88f432a9b980e494,,,
2026-04-07,SH600515,0.06159413185226656,EXP_DEnsembleModel_Alpha158_csi300_custom_step0_s_20260407_14,eefeb6319b5f4d9c88f432a9b980e494,,,
2026-04-07,SH600522,0.005168620742020556,EXP_DEnsembleModel_Alpha158_csi300_custom_step0_s_20260407_14,eefeb6319b5f4d9c88f432a9b980e494,,,
2026-04-07,SH600547,0.10744994075351105,EXP_DEnsembleModel_Alpha158_csi300_custom_step0_s_20260407_14,eefeb6319b5f4d9c88f432a9b980e494,,,
2026-04-07,SH600570,0.08592292640288073,EXP_DEnsembleModel_Alpha158_csi300_custom_step0_s_20260407_14,eefeb6319b5f4d9c88f432a9b980e494,,,
2026-04-07,SH600584,-0.05451093107882409,EXP_DEnsembleModel_Alpha158_csi300_custom_step0_s_20260407_14,eefeb6319b5f4d9c88f432a9b980e494,,,
2026-04-07,SH600585,0.09706684693931589,EXP_DEnsembleModel_Alpha158_csi300_custom_step0_s_20260407_14,eefeb6319b5f4d9c88f432a9b980e494,,,
2026-04-07,SH600588,0.1257486220809978,EXP_DEnsembleModel_Alpha158_csi300_custom_step0_s_20260407_14,eefeb6319b5f4d9c88f432a9b980e494,,,
2026-04-07,SH600600,0.11429509347083183,EXP_DEnsembleModel_Alpha158_csi300_custom_step0_s_20260407_14,eefeb6319b5f4d9c88f432a9b980e494,,,
2026-04-07,SH600660,0.05590630124469649,EXP_DEnsembleModel_Alpha158_csi300_custom_step0_s_20260407_14,eefeb6319b5f4d9c88f432a9b980e494,,,
2026-04-07,SH600674,-0.024038803265649722,EXP_DEnsembleModel_Alpha158_csi300_custom_step0_s_20260407_14,eefeb6319b5f4d9c88f432a9b980e494,,,
2026-04-07,SH600690,0.025405775851038693,EXP_DEnsembleModel_Alpha158_csi300_custom_step0_s_20260407_14,eefeb6319b5f4d9c88f432a9b980e494,,,
2026-04-07,SH600741,0.012994784725169514,EXP_DEnsembleModel_Alpha158_csi300_custom_step0_s_20260407_14,eefeb6319b5f4d9c88f432a9b980e494,,,
2026-04-07,SH600519,0.034439899617324125,EXP_DEnsembleModel_Alpha158_csi300_custom_step0_s_20260407_14,eefeb6319b5f4d9c88f432a9b980e494,,,
2026-04-07,SH601088,0.08657263596392335,EXP_DEnsembleModel_Alpha158_csi300_custom_step0_s_20260407_14,eefeb6319b5f4d9c88f432a9b980e494,,,
2026-04-07,SH601100,-0.08666858752043585,EXP_DEnsembleModel_Alpha158_csi300_custom_step0_s_20260407_14,eefeb6319b5f4d9c88f432a9b980e494,,,
2026-04-07,SH601111,0.02214041109408716,EXP_DEnsembleModel_Alpha158_csi300_custom_step0_s_20260407_14,eefeb6319b5f4d9c88f432a9b980e494,,,
2026-04-07,SH601658,0.1026679521492361,EXP_DEnsembleModel_Alpha158_csi300_custom_step0_s_20260407_14,eefeb6319b5f4d9c88f432a9b980e494,,,
2026-04-07,SH601668,0.05749073765082098,EXP_DEnsembleModel_Alpha158_csi300_custom_step0_s_20260407_14,eefeb6319b5f4d9c88f432a9b980e494,,,
2026-04-07,SH601669,-0.07049111764527025,EXP_DEnsembleModel_Alpha158_csi300_custom_step0_s_20260407_14,eefeb6319b5f4d9c88f432a9b980e494,,,
2026-04-07,SH601688,-0.037323915589131604,EXP_DEnsembleModel_Alpha158_csi300_custom_step0_s_20260407_14,eefeb6319b5f4d9c88f432a9b980e494,,,
2026-04-07,SH601689,0.05495688786707318,EXP_DEnsembleModel_Alpha158_csi300_custom_step0_s_20260407_14,eefeb6319b5f4d9c88f432a9b980e494,,,
2026-04-07,SH601698,0.03638173670656031,EXP_DEnsembleModel_Alpha158_csi300_custom_step0_s_20260407_14,eefeb6319b5f4d9c88f432a9b980e494,,,
2026-04-07,SH601728,0.03728728545911888,EXP_DEnsembleModel_Alpha158_csi300_custom_step0_s_20260407_14,eefeb6319b5f4d9c88f432a9b980e494,,,
2026-04-07,SH601766,0.05718534681102188,EXP_DEnsembleModel_Alpha158_csi300_custom_step0_s_20260407_14,eefeb6319b5f4d9c88f432a9b980e494,,,
2026-04-07,SH601788,0.012116761133758014,EXP_DEnsembleModel_Alpha158_csi300_custom_step0_s_20260407_14,eefeb6319b5f4d9c88f432a9b980e494,,,
2026-04-07,SH601800,-0.08784364427987762,EXP_DEnsembleModel_Alpha158_csi300_custom_step0_s_20260407_14,eefeb6319b5f4d9c88f432a9b980e494,,,
2026-04-07,SH601808,-0.025758986287141874,EXP_DEnsembleModel_Alpha158_csi300_custom_step0_s_20260407_14,eefeb6319b5f4d9c88f432a9b980e494,,,
2026-04-07,SH601633,0.04300408333805775,EXP_DEnsembleModel_Alpha158_csi300_custom_step0_s_20260407_14,eefeb6319b5f4d9c88f432a9b980e494,,,
2026-04-07,SH601816,0.08616326116847495,EXP_DEnsembleModel_Alpha158_csi300_custom_step0_s_20260407_14,eefeb6319b5f4d9c88f432a9b980e494,,,
2026-04-07,SH601825,0.08321781487132937,EXP_DEnsembleModel_Alpha158_csi300_custom_step0_s_20260407_14,eefeb6319b5f4d9c88f432a9b980e494,,,
2026-04-07,SH601838,0.08037987578971303,EXP_DEnsembleModel_Alpha158_csi300_custom_step0_s_20260407_14,eefeb6319b5f4d9c88f432a9b980e494,,,
2026-04-07,SH601857,-0.018684347745536064,EXP_DEnsembleModel_Alpha158_csi300_custom_step0_s_20260407_14,eefeb6319b5f4d9c88f432a9b980e494,,,
2026-04-07,SH601868,0.02740845561052992,EXP_DEnsembleModel_Alpha158_csi300_custom_step0_s_20260407_14,eefeb6319b5f4d9c88f432a9b980e494,,,
2026-04-07,SH601872,-0.1694521401657237,EXP_DEnsembleModel_Alpha158_csi300_custom_step0_s_20260407_14,eefeb6319b5f4d9c88f432a9b980e494,,,
2026-04-07,SH601877,-0.035053033128147,EXP_DEnsembleModel_Alpha158_csi300_custom_step0_s_20260407_14,eefeb6319b5f4d9c88f432a9b980e494,,,
2026-04-07,SH601878,-0.11025583482453503,EXP_DEnsembleModel_Alpha158_csi300_custom_step0_s_20260407_14,eefeb6319b5f4d9c88f432a9b980e494,,,
2026-04-07,SH601881,-0.013264991489238364,EXP_DEnsembleModel_Alpha158_csi300_custom_step0_s_20260407_14,eefeb6319b5f4d9c88f432a9b980e494,,,
2026-04-07,SH601888,-0.04679078685439707,EXP_DEnsembleModel_Alpha158_csi300_custom_step0_s_20260407_14,eefeb6319b5f4d9c88f432a9b980e494,,,
2026-04-07,SH601898,-0.05395373581197768,EXP_DEnsembleModel_Alpha158_csi300_custom_step0_s_20260407_14,eefeb6319b5f4d9c88f432a9b980e494,,,
2026-04-07,SH601899,0.054270629643100005,EXP_DEnsembleModel_Alpha158_csi300_custom_step0_s_20260407_14,eefeb6319b5f4d9c88f432a9b980e494,,,
2026-04-07,SH601818,-0.004350398311110555,EXP_DEnsembleModel_Alpha158_csi300_custom_step0_s_20260407_14,eefeb6319b5f4d9c88f432a9b980e494,,,
2026-04-07,SH601628,0.0885798534534987,EXP_DEnsembleModel_Alpha158_csi300_custom_step0_s_20260407_14,eefeb6319b5f4d9c88f432a9b980e494,,,
2026-04-07,SH601618,-0.032455789475753935,EXP_DEnsembleModel_Alpha158_csi300_custom_step0_s_20260407_14,eefeb6319b5f4d9c88f432a9b980e494,,,
2026-04-07,SH601607,0.0601230907864728,EXP_DEnsembleModel_Alpha158_csi300_custom_step0_s_20260407_14,eefeb6319b5f4d9c88f432a9b980e494,,,
2026-04-07,SH601117,-0.027459623776096596,EXP_DEnsembleModel_Alpha158_csi300_custom_step0_s_20260407_14,eefeb6319b5f4d9c88f432a9b980e494,,,
2026-04-07,SH601127,0.024125234833427132,EXP_DEnsembleModel_Alpha158_csi300_custom_step0_s_20260407_14,eefeb6319b5f4d9c88f432a9b980e494,,,
2026-04-07,SH601136,-0.04716085675744856,EXP_DEnsembleModel_Alpha158_csi300_custom_step0_s_20260407_14,eefeb6319b5f4d9c88f432a9b980e494,,,
2026-04-07,SH601138,-0.08404162981633466,EXP_DEnsembleModel_Alpha158_csi300_custom_step0_s_20260407_14,eefeb6319b5f4d9c88f432a9b980e494,,,
2026-04-07,SH601166,0.06077361288583859,EXP_DEnsembleModel_Alpha158_csi300_custom_step0_s_20260407_14,eefeb6319b5f4d9c88f432a9b980e494,,,
2026-04-07,SH601169,0.07068362805311632,EXP_DEnsembleModel_Alpha158_csi300_custom_step0_s_20260407_14,eefeb6319b5f4d9c88f432a9b980e494,,,
2026-04-07,SH601186,-0.02361079458530916,EXP_DEnsembleModel_Alpha158_csi300_custom_step0_s_20260407_14,eefeb6319b5f4d9c88f432a9b980e494,,,
2026-04-07,SH601211,-0.05331861044777682,EXP_DEnsembleModel_Alpha158_csi300_custom_step0_s_20260407_14,eefeb6319b5f4d9c88f432a9b980e494,,,
2026-04-07,SH601225,-0.02992928634786477,EXP_DEnsembleModel_Alpha158_csi300_custom_step0_s_20260407_14,eefeb6319b5f4d9c88f432a9b980e494,,,
2026-04-07,SH601229,-0.007003055004033922,EXP_DEnsembleModel_Alpha158_csi300_custom_step0_s_20260407_14,eefeb6319b5f4d9c88f432a9b980e494,,,
2026-04-07,SH601236,-0.0715828388422643,EXP_DEnsembleModel_Alpha158_csi300_custom_step0_s_20260407_14,eefeb6319b5f4d9c88f432a9b980e494,,,
2026-04-07,SH601238,0.012775830863763831,EXP_DEnsembleModel_Alpha158_csi300_custom_step0_s_20260407_14,eefeb6319b5f4d9c88f432a9b980e494,,,
2026-04-07,SH601288,-0.05341264753419269,EXP_DEnsembleModel_Alpha158_csi300_custom_step0_s_20260407_14,eefeb6319b5f4d9c88f432a9b980e494,,,
2026-04-07,SH601298,-0.030441939496024112,EXP_DEnsembleModel_Alpha158_csi300_custom_step0_s_20260407_14,eefeb6319b5f4d9c88f432a9b980e494,,,
2026-04-07,SH601318,0.056211447593807036,EXP_DEnsembleModel_Alpha158_csi300_custom_step0_s_20260407_14,eefeb6319b5f4d9c88f432a9b980e494,,,
2026-04-07,SH601319,0.01350057862886592,EXP_DEnsembleModel_Alpha158_csi300_custom_step0_s_20260407_14,eefeb6319b5f4d9c88f432a9b980e494,,,
2026-04-07,SH601328,0.045476352500515876,EXP_DEnsembleModel_Alpha158_csi300_custom_step0_s_20260407_14,eefeb6319b5f4d9c88f432a9b980e494,,,
2026-04-07,SH601336,0.142107822388415,EXP_DEnsembleModel_Alpha158_csi300_custom_step0_s_20260407_14,eefeb6319b5f4d9c88f432a9b980e494,,,
2026-04-07,SH601360,-0.11541023671364133,EXP_DEnsembleModel_Alpha158_csi300_custom_step0_s_20260407_14,eefeb6319b5f4d9c88f432a9b980e494,,,
2026-04-07,SH601377,0.015448286068983295,EXP_DEnsembleModel_Alpha158_csi300_custom_step0_s_20260407_14,eefeb6319b5f4d9c88f432a9b980e494,,,
2026-04-07,SH601390,-0.08457492431763228,EXP_DEnsembleModel_Alpha158_csi300_custom_step0_s_20260407_14,eefeb6319b5f4d9c88f432a9b980e494,,,
2026-04-07,SH601398,-0.0017480360363617787,EXP_DEnsembleModel_Alpha158_csi300_custom_step0_s_20260407_14,eefeb6319b5f4d9c88f432a9b980e494,,,
2026-04-07,SH601456,0.0005766121483857884,EXP_DEnsembleModel_Alpha158_csi300_custom_step0_s_20260407_14,eefeb6319b5f4d9c88f432a9b980e494,,,
2026-04-07,SH601600,0.1828238108937639,EXP_DEnsembleModel_Alpha158_csi300_custom_step0_s_20260407_14,eefeb6319b5f4d9c88f432a9b980e494,,,
2026-04-07,SH601601,0.07325331535066174,EXP_DEnsembleModel_Alpha158_csi300_custom_step0_s_20260407_14,eefeb6319b5f4d9c88f432a9b980e494,,,
2026-04-07,SH600346,-0.05551486470957829,EXP_DEnsembleModel_Alpha158_csi300_custom_step0_s_20260407_14,eefeb6319b5f4d9c88f432a9b980e494,,,
2026-04-07,SZ301269,0.1237860694527626,EXP_XGBModel_Alpha158_csi300_custom_step0_s_20260407_13,0ed795681f844aeea0d4e72ca3258d67,,,
2026-04-07,SH600309,-0.2294067462320067,EXP_DEnsembleModel_Alpha158_csi300_custom_step0_s_20260407_14,eefeb6319b5f4d9c88f432a9b980e494,,,
2026-04-07,SH600233,0.014749108342291086,EXP_DEnsembleModel_Alpha158_csi300_custom_step0_s_20260407_14,eefeb6319b5f4d9c88f432a9b980e494,,,
2026-04-07,SZ002600,-0.006176456627947045,EXP_LGBModel_Alpha158_csi300_custom_step0_s_20260407_16,4216e1d533bb4f408e31dd00520d8a4e,,,
2026-04-07,SZ002601,0.002569701923748182,EXP_LGBModel_Alpha158_csi300_custom_step0_s_20260407_16,4216e1d533bb4f408e31dd00520d8a4e,,,
2026-04-07,SZ002625,-1.2099998029688214e-09,EXP_LGBModel_Alpha158_csi300_custom_step0_s_20260407_16,4216e1d533bb4f408e31dd00520d8a4e,,,
2026-04-07,SZ002648,-0.0025732923492366552,EXP_LGBModel_Alpha158_csi300_custom_step0_s_20260407_16,4216e1d533bb4f408e31dd00520d8a4e,,,
2026-04-07,SZ002709,0.0004575962596024112,EXP_LGBModel_Alpha158_csi300_custom_step0_s_20260407_16,4216e1d533bb4f408e31dd00520d8a4e,,,
2026-04-07,SZ002714,0.0003509138690996406,EXP_LGBModel_Alpha158_csi300_custom_step0_s_20260407_16,4216e1d533bb4f408e31dd00520d8a4e,,,
2026-04-07,SZ002736,-1.2099998029688214e-09,EXP_LGBModel_Alpha158_csi300_custom_step0_s_20260407_16,4216e1d533bb4f408e31dd00520d8a4e,,,
2026-04-07,SZ002916,0.0164812445188173,EXP_LGBModel_Alpha158_csi300_custom_step0_s_20260407_16,4216e1d533bb4f408e31dd00520d8a4e,,,
2026-04-07,SZ002920,-0.002359507357215754,EXP_LGBModel_Alpha158_csi300_custom_step0_s_20260407_16,4216e1d533bb4f408e31dd00520d8a4e,,,
2026-04-07,SZ002938,0.0003509138690996406,EXP_LGBModel_Alpha158_csi300_custom_step0_s_20260407_16,4216e1d533bb4f408e31dd00520d8a4e,,,
2026-04-07,SZ003816,-1.2099998029688214e-09,EXP_LGBModel_Alpha158_csi300_custom_step0_s_20260407_16,4216e1d533bb4f408e31dd00520d8a4e,,,
2026-04-07,SZ002594,-0.004747733445874565,EXP_LGBModel_Alpha158_csi300_custom_step0_s_20260407_16,4216e1d533bb4f408e31dd00520d8a4e,,,
2026-04-07,SZ300014,-0.007107239593090516,EXP_LGBModel_Alpha158_csi300_custom_step0_s_20260407_16,4216e1d533bb4f408e31dd00520d8a4e,,,
2026-04-07,SZ300033,-0.006176456627947045,EXP_LGBModel_Alpha158_csi300_custom_step0_s_20260407_16,4216e1d533bb4f408e31dd00520d8a4e,,,
2026-04-07,SZ300059,-0.006176456627947045,EXP_LGBModel_Alpha158_csi300_custom_step0_s_20260407_16,4216e1d533bb4f408e31dd00520d8a4e,,,
2026-04-07,SZ300122,-0.0014209336248002316,EXP_LGBModel_Alpha158_csi300_custom_step0_s_20260407_16,4216e1d533bb4f408e31dd00520d8a4e,,,
2026-04-07,SZ300124,-0.007107239593090516,EXP_LGBModel_Alpha158_csi300_custom_step0_s_20260407_16,4216e1d533bb4f408e31dd00520d8a4e,,,
2026-04-07,SZ300251,-1.2099998029688214e-09,EXP_LGBModel_Alpha158_csi300_custom_step0_s_20260407_16,4216e1d533bb4f408e31dd00520d8a4e,,,
2026-04-07,SZ300274,0.011041118810637076,EXP_LGBModel_Alpha158_csi300_custom_step0_s_20260407_16,4216e1d533bb4f408e31dd00520d8a4e,,,
2026-04-07,SZ300308,0.0003509138690996406,EXP_LGBModel_Alpha158_csi300_custom_step0_s_20260407_16,4216e1d533bb4f408e31dd00520d8a4e,,,
2026-04-07,SZ300316,-1.2099998029688214e-09,EXP_LGBModel_Alpha158_csi300_custom_step0_s_20260407_16,4216e1d533bb4f408e31dd00520d8a4e,,,
2026-04-07,SZ300347,-1.2099998029688214e-09,EXP_LGBModel_Alpha158_csi300_custom_step0_s_20260407_16,4216e1d533bb4f408e31dd00520d8a4e,,,
2026-04-07,SZ300394,-0.00038060031477076635,EXP_LGBModel_Alpha158_csi300_custom_step0_s_20260407_16,4216e1d533bb4f408e31dd00520d8a4e,,,
2026-04-07,SZ300408,0.0015057667120349741,EXP_LGBModel_Alpha158_csi300_custom_step0_s_20260407_16,4216e1d533bb4f408e31dd00520d8a4e,,,
2026-04-07,SZ300015,-1.2099998029688214e-09,EXP_LGBModel_Alpha158_csi300_custom_step0_s_20260407_16,4216e1d533bb4f408e31dd00520d8a4e,,,
2026-04-07,SZ300413,0.007670399699610048,EXP_LGBModel_Alpha158_csi300_custom_step0_s_20260407_16,4216e1d533bb4f408e31dd00520d8a4e,,,
2026-04-07,SZ002493,0.005051211978100814,EXP_LGBModel_Alpha158_csi300_custom_step0_s_20260407_16,4216e1d533bb4f408e31dd00520d8a4e,,,
2026-04-07,SZ002466,-0.0025732923492366552,EXP_LGBModel_Alpha158_csi300_custom_step0_s_20260407_16,4216e1d533bb4f408e31dd00520d8a4e,,,
2026-04-07,SZ001965,-1.2099998029688214e-09,EXP_LGBModel_Alpha158_csi300_custom_step0_s_20260407_16,4216e1d533bb4f408e31dd00520d8a4e,,,
2026-04-07,SZ001979,-1.2099998029688214e-09,EXP_LGBModel_Alpha158_csi300_custom_step0_s_20260407_16,4216e1d533bb4f408e31dd00520d8a4e,,,
2026-04-07,SZ002001,-0.007107239593090516,EXP_LGBModel_Alpha158_csi300_custom_step0_s_20260407_16,4216e1d533bb4f408e31dd00520d8a4e,,,
2026-04-07,SZ002027,-1.2099998029688214e-09,EXP_LGBModel_Alpha158_csi300_custom_step0_s_20260407_16,4216e1d533bb4f408e31dd00520d8a4e,,,
2026-04-07,SZ002028,-0.004396818366775122,EXP_LGBModel_Alpha158_csi300_custom_step0_s_20260407_16,4216e1d533bb4f408e31dd00520d8a4e,,,
2026-04-07,SZ002049,-0.004747733445874565,EXP_LGBModel_Alpha158_csi300_custom_step0_s_20260407_16,4216e1d533bb4f408e31dd00520d8a4e,,,
2026-04-07,SZ002050,-1.2099998029688214e-09,EXP_LGBModel_Alpha158_csi300_custom_step0_s_20260407_16,4216e1d533bb4f408e31dd00520d8a4e,,,
2026-04-07,SZ002074,-0.004747733445874565,EXP_LGBModel_Alpha158_csi300_custom_step0_s_20260407_16,4216e1d533bb4f408e31dd00520d8a4e,,,
2026-04-07,SZ002142,0.007670399699610048,EXP_LGBModel_Alpha158_csi300_custom_step0_s_20260407_16,4216e1d533bb4f408e31dd00520d8a4e,,,
2026-04-07,SZ002179,-0.002192693244465692,EXP_LGBModel_Alpha158_csi300_custom_step0_s_20260407_16,4216e1d533bb4f408e31dd00520d8a4e,,,
2026-04-07,SZ002230,-1.2099998029688214e-09,EXP_LGBModel_Alpha158_csi300_custom_step0_s_20260407_16,4216e1d533bb4f408e31dd00520d8a4e,,,
2026-04-07,SZ002475,0.0015057667120349741,EXP_LGBModel_Alpha158_csi300_custom_step0_s_20260407_16,4216e1d533bb4f408e31dd00520d8a4e,,,
2026-04-07,SZ002236,0.0031078370086956362,EXP_LGBModel_Alpha158_csi300_custom_step0_s_20260407_16,4216e1d533bb4f408e31dd00520d8a4e,,,
2026-04-07,SZ002252,-1.2099998029688214e-09,EXP_LGBModel_Alpha158_csi300_custom_step0_s_20260407_16,4216e1d533bb4f408e31dd00520d8a4e,,,
2026-04-07,SZ002304,0.002517040917392639,EXP_LGBModel_Alpha158_csi300_custom_step0_s_20260407_16,4216e1d533bb4f408e31dd00520d8a4e,,,
2026-04-07,SZ002311,-0.007107239593090516,EXP_LGBModel_Alpha158_csi300_custom_step0_s_20260407_16,4216e1d533bb4f408e31dd00520d8a4e,,,
2026-04-07,SZ002352,0.0022030553336986575,EXP_LGBModel_Alpha158_csi300_custom_step0_s_20260407_16,4216e1d533bb4f408e31dd00520d8a4e,,,
2026-04-07,SZ002371,-0.006176456627947045,EXP_LGBModel_Alpha158_csi300_custom_step0_s_20260407_16,4216e1d533bb4f408e31dd00520d8a4e,,,
2026-04-07,SZ002384,0.0164812445188173,EXP_LGBModel_Alpha158_csi300_custom_step0_s_20260407_16,4216e1d533bb4f408e31dd00520d8a4e,,,
2026-04-07,SZ002415,0.007670399699610048,EXP_LGBModel_Alpha158_csi300_custom_step0_s_20260407_16,4216e1d533bb4f408e31dd00520d8a4e,,,
2026-04-07,SZ002422,-0.007107239593090516,EXP_LGBModel_Alpha158_csi300_custom_step0_s_20260407_16,4216e1d533bb4f408e31dd00520d8a4e,,,
2026-04-07,SZ002459,-0.006176456627947045,EXP_LGBModel_Alpha158_csi300_custom_step0_s_20260407_16,4216e1d533bb4f408e31dd00520d8a4e,,,
2026-04-07,SZ002460,-0.0006869253224309148,EXP_LGBModel_Alpha158_csi300_custom_step0_s_20260407_16,4216e1d533bb4f408e31dd00520d8a4e,,,
2026-04-07,SZ002463,0.0008085113387018548,EXP_LGBModel_Alpha158_csi300_custom_step0_s_20260407_16,4216e1d533bb4f408e31dd00520d8a4e,,,
2026-04-07,SZ002241,0.005100696565862063,EXP_LGBModel_Alpha158_csi300_custom_step0_s_20260407_16,4216e1d533bb4f408e31dd00520d8a4e,,,
2026-04-07,SZ300418,0.003080618350964472,EXP_LGBModel_Alpha158_csi300_custom_step0_s_20260407_16,4216e1d533bb4f408e31dd00520d8a4e,,,
2026-04-07,SZ300433,-0.005205838790164484,EXP_LGBModel_Alpha158_csi300_custom_step0_s_20260407_16,4216e1d533bb4f408e31dd00520d8a4e,,,
2026-04-07,SZ300442,0.005791039577279867,EXP_LGBModel_Alpha158_csi300_custom_step0_s_20260407_16,4216e1d533bb4f408e31dd00520d8a4e,,,
2026-04-07,SH600027,-0.073511385133992,EXP_DEnsembleModel_Alpha158_csi300_custom_step0_s_20260407_14,eefeb6319b5f4d9c88f432a9b980e494,,,
2026-04-07,SH600028,-0.013241703626769066,EXP_DEnsembleModel_Alpha158_csi300_custom_step0_s_20260407_14,eefeb6319b5f4d9c88f432a9b980e494,,,
2026-04-07,SH600029,0.06656290950298063,EXP_DEnsembleModel_Alpha158_csi300_custom_step0_s_20260407_14,eefeb6319b5f4d9c88f432a9b980e494,,,
2026-04-07,SH600030,-0.00580776931253277,EXP_DEnsembleModel_Alpha158_csi300_custom_step0_s_20260407_14,eefeb6319b5f4d9c88f432a9b980e494,,,
2026-04-07,SH600031,-0.014268063495363434,EXP_DEnsembleModel_Alpha158_csi300_custom_step0_s_20260407_14,eefeb6319b5f4d9c88f432a9b980e494,,,
2026-04-07,SH600036,0.042926074413839825,EXP_DEnsembleModel_Alpha158_csi300_custom_step0_s_20260407_14,eefeb6319b5f4d9c88f432a9b980e494,,,
2026-04-07,SH600039,-0.0020959465314482773,EXP_DEnsembleModel_Alpha158_csi300_custom_step0_s_20260407_14,eefeb6319b5f4d9c88f432a9b980e494,,,
2026-04-07,SH600048,-0.08679881115761355,EXP_DEnsembleModel_Alpha158_csi300_custom_step0_s_20260407_14,eefeb6319b5f4d9c88f432a9b980e494,,,
2026-04-07,SH600050,0.03995755675525508,EXP_DEnsembleModel_Alpha158_csi300_custom_step0_s_20260407_14,eefeb6319b5f4d9c88f432a9b980e494,,,
2026-04-07,SH600061,0.003749227984108964,EXP_DEnsembleModel_Alpha158_csi300_custom_step0_s_20260407_14,eefeb6319b5f4d9c88f432a9b980e494,,,
2026-04-07,SH600066,-0.07587941607892479,EXP_DEnsembleModel_Alpha158_csi300_custom_step0_s_20260407_14,eefeb6319b5f4d9c88f432a9b980e494,,,
2026-04-07,SH600026,-0.039083570282372394,EXP_DEnsembleModel_Alpha158_csi300_custom_step0_s_20260407_14,eefeb6319b5f4d9c88f432a9b980e494,,,
2026-04-07,SH600085,-0.03299866584654025,EXP_DEnsembleModel_Alpha158_csi300_custom_step0_s_20260407_14,eefeb6319b5f4d9c88f432a9b980e494,,,
2026-04-07,SH600104,-0.01921386815456115,EXP_DEnsembleModel_Alpha158_csi300_custom_step0_s_20260407_14,eefeb6319b5f4d9c88f432a9b980e494,,,
2026-04-07,SH600111,0.073023668440736,EXP_DEnsembleModel_Alpha158_csi300_custom_step0_s_20260407_14,eefeb6319b5f4d9c88f432a9b980e494,,,
2026-04-07,SH600115,0.11500518279878776,EXP_DEnsembleModel_Alpha158_csi300_custom_step0_s_20260407_14,eefeb6319b5f4d9c88f432a9b980e494,,,
2026-04-07,SH600150,0.0530457304407111,EXP_DEnsembleModel_Alpha158_csi300_custom_step0_s_20260407_14,eefeb6319b5f4d9c88f432a9b980e494,,,
2026-04-07,SH600160,-0.017578045334305896,EXP_DEnsembleModel_Alpha158_csi300_custom_step0_s_20260407_14,eefeb6319b5f4d9c88f432a9b980e494,,,
2026-04-07,SH600161,0.02132308046281081,EXP_DEnsembleModel_Alpha158_csi300_custom_step0_s_20260407_14,eefeb6319b5f4d9c88f432a9b980e494,,,
2026-04-07,SH600176,-0.14425580900159843,EXP_DEnsembleModel_Alpha158_csi300_custom_step0_s_20260407_14,eefeb6319b5f4d9c88f432a9b980e494,,,
2026-04-07,SH600183,-0.045078022852769205,EXP_DEnsembleModel_Alpha158_csi300_custom_step0_s_20260407_14,eefeb6319b5f4d9c88f432a9b980e494,,,
2026-04-07,SH600188,-0.13809873530355793,EXP_DEnsembleModel_Alpha158_csi300_custom_step0_s_20260407_14,eefeb6319b5f4d9c88f432a9b980e494,,,
2026-04-07,SH600196,-0.040728745207780394,EXP_DEnsembleModel_Alpha158_csi300_custom_step0_s_20260407_14,eefeb6319b5f4d9c88f432a9b980e494,,,
2026-04-07,SH600219,0.25588811775042397,EXP_DEnsembleModel_Alpha158_csi300_custom_step0_s_20260407_14,eefeb6319b5f4d9c88f432a9b980e494,,,
2026-04-07,SH600089,-0.056140226552631796,EXP_DEnsembleModel_Alpha158_csi300_custom_step0_s_20260407_14,eefeb6319b5f4d9c88f432a9b980e494,,,
2026-04-07,SH600025,-0.057045390094301256,EXP_DEnsembleModel_Alpha158_csi300_custom_step0_s_20260407_14,eefeb6319b5f4d9c88f432a9b980e494,,,
2026-04-07,SH600023,-0.0040285641857828085,EXP_DEnsembleModel_Alpha158_csi300_custom_step0_s_20260407_14,eefeb6319b5f4d9c88f432a9b980e494,,,
2026-04-07,SH600019,0.01378669378853241,EXP_DEnsembleModel_Alpha158_csi300_custom_step0_s_20260407_14,eefeb6319b5f4d9c88f432a9b980e494,,,
2026-04-07,SZ300476,-0.007107239593090516,EXP_LGBModel_Alpha158_csi300_custom_step0_s_20260407_16,4216e1d533bb4f408e31dd00520d8a4e,,,
2026-04-07,SZ300498,0.005818258235011031,EXP_LGBModel_Alpha158_csi300_custom_step0_s_20260407_16,4216e1d533bb4f408e31dd00520d8a4e,,,
2026-04-07,SZ300502,0.005402127057200257,EXP_LGBModel_Alpha158_csi300_custom_step0_s_20260407_16,4216e1d533bb4f408e31dd00520d8a4e,,,
2026-04-07,SZ300628,0.007670399699610048,EXP_LGBModel_Alpha158_csi300_custom_step0_s_20260407_16,4216e1d533bb4f408e31dd00520d8a4e,,,
2026-04-07,SZ300661,-0.0006869253224309148,EXP_LGBModel_Alpha158_csi300_custom_step0_s_20260407_16,4216e1d533bb4f408e31dd00520d8a4e,,,
2026-04-07,SZ300750,-0.004747733445874565,EXP_LGBModel_Alpha158_csi300_custom_step0_s_20260407_16,4216e1d533bb4f408e31dd00520d8a4e,,,
2026-04-07,SZ300759,-0.0014209336248002316,EXP_LGBModel_Alpha158_csi300_custom_step0_s_20260407_16,4216e1d533bb4f408e31dd00520d8a4e,,,
2026-04-07,SZ300760,-1.2099998029688214e-09,EXP_LGBModel_Alpha158_csi300_custom_step0_s_20260407_16,4216e1d533bb4f408e31dd00520d8a4e,,,
2026-04-07,SZ300782,-0.002359507357215754,EXP_LGBModel_Alpha158_csi300_custom_step0_s_20260407_16,4216e1d533bb4f408e31dd00520d8a4e,,,
2026-04-07,SZ300803,-0.0025550414114086763,EXP_LGBModel_Alpha158_csi300_custom_step0_s_20260407_16,4216e1d533bb4f408e31dd00520d8a4e,,,
2026-04-07,SZ300832,-0.006176456627947045,EXP_LGBModel_Alpha158_csi300_custom_step0_s_20260407_16,4216e1d533bb4f408e31dd00520d8a4e,,,
2026-04-07,SZ300866,-0.004396818366775122,EXP_LGBModel_Alpha158_csi300_custom_step0_s_20260407_16,4216e1d533bb4f408e31dd00520d8a4e,,,
2026-04-07,SZ300896,-1.2099998029688214e-09,EXP_LGBModel_Alpha158_csi300_custom_step0_s_20260407_16,4216e1d533bb4f408e31dd00520d8a4e,,,
2026-04-07,SZ300979,0.007670399699610048,EXP_LGBModel_Alpha158_csi300_custom_step0_s_20260407_16,4216e1d533bb4f408e31dd00520d8a4e,,,
2026-04-07,SZ300999,-1.2099998029688214e-09,EXP_LGBModel_Alpha158_csi300_custom_step0_s_20260407_16,4216e1d533bb4f408e31dd00520d8a4e,,,
2026-04-07,SZ301236,-1.2099998029688214e-09,EXP_LGBModel_Alpha158_csi300_custom_step0_s_20260407_16,4216e1d533bb4f408e31dd00520d8a4e,,,
2026-04-07,SZ301269,0.007670399699610048,EXP_LGBModel_Alpha158_csi300_custom_step0_s_20260407_16,4216e1d533bb4f408e31dd00520d8a4e,,,
2026-04-07,SZ302132,-0.0014287243920722834,EXP_LGBModel_Alpha158_csi300_custom_step0_s_20260407_16,4216e1d533bb4f408e31dd00520d8a4e,,,
2026-04-07,SH600000,-0.011976284118032953,EXP_DEnsembleModel_Alpha158_csi300_custom_step0_s_20260407_14,eefeb6319b5f4d9c88f432a9b980e494,,,
2026-04-07,SH600009,0.012130303601489386,EXP_DEnsembleModel_Alpha158_csi300_custom_step0_s_20260407_14,eefeb6319b5f4d9c88f432a9b980e494,,,
2026-04-07,SH600010,-0.024513732788935916,EXP_DEnsembleModel_Alpha158_csi300_custom_step0_s_20260407_14,eefeb6319b5f4d9c88f432a9b980e494,,,
2026-04-07,SH600011,-0.07606346108374272,EXP_DEnsembleModel_Alpha158_csi300_custom_step0_s_20260407_14,eefeb6319b5f4d9c88f432a9b980e494,,,
2026-04-07,SH600015,0.06311207402091186,EXP_DEnsembleModel_Alpha158_csi300_custom_step0_s_20260407_14,eefeb6319b5f4d9c88f432a9b980e494,,,
2026-04-07,SH600016,-0.06811408280634433,EXP_DEnsembleModel_Alpha158_csi300_custom_step0_s_20260407_14,eefeb6319b5f4d9c88f432a9b980e494,,,
2026-04-07,SH600018,0.035154904449530365,EXP_DEnsembleModel_Alpha158_csi300_custom_step0_s_20260407_14,eefeb6319b5f4d9c88f432a9b980e494,,,
2026-04-07,SH600276,-0.01063276369552868,EXP_DEnsembleModel_Alpha158_csi300_custom_step0_s_20260407_14,eefeb6319b5f4d9c88f432a9b980e494,,,
2026-04-07,SZ302132,0.003882271470502019,EXP_XGBModel_Alpha158_csi300_custom_step0_s_20260407_13,0ed795681f844aeea0d4e72ca3258d67,,,
