datetime,instrument,score,exp_name,rid,real_label,error,abs_error
2026-03-25,SH600000,0.0006105176353281721,EXP_LGBModel_Alpha158_csi300_custom_step0_s_20260325_16,872ee995408d4f2fb88aae6899c29d2a,,,
2026-03-25,SZ300866,0.010093338994782892,EXP_DEnsembleModel_Alpha158_csi300_custom_step0_s_20260325_13,c11cead02a664671a2efc99d6a1b3467,,,
2026-03-25,SZ300896,0.006008771710536116,EXP_DEnsembleModel_Alpha158_csi300_custom_step0_s_20260325_13,c11cead02a664671a2efc99d6a1b3467,,,
2026-03-25,SZ300979,-0.07288356179118768,EXP_DEnsembleModel_Alpha158_csi300_custom_step0_s_20260325_13,c11cead02a664671a2efc99d6a1b3467,,,
2026-03-25,SZ300999,-0.07525637866364043,EXP_DEnsembleModel_Alpha158_csi300_custom_step0_s_20260325_13,c11cead02a664671a2efc99d6a1b3467,,,
2026-03-25,SZ301236,0.0032137988046672386,EXP_DEnsembleModel_Alpha158_csi300_custom_step0_s_20260325_13,c11cead02a664671a2efc99d6a1b3467,,,
2026-03-25,SZ301269,-0.0047730316888953,EXP_DEnsembleModel_Alpha158_csi300_custom_step0_s_20260325_13,c11cead02a664671a2efc99d6a1b3467,,,
2026-03-25,SZ302132,-0.1571637666720214,EXP_DEnsembleModel_Alpha158_csi300_custom_step0_s_20260325_13,c11cead02a664671a2efc99d6a1b3467,,,
2026-03-25,SH600000,0.03423181548714638,EXP_XGBModel_Alpha158_csi300_custom_step0_s_20260325_13,70aa04602be44171bbfe8de7fc11e803,,,
2026-03-25,SH600009,-0.023454446345567703,EXP_XGBModel_Alpha158_csi300_custom_step0_s_20260325_13,70aa04602be44171bbfe8de7fc11e803,,,
2026-03-25,SH600010,-0.11271398514509201,EXP_XGBModel_Alpha158_csi300_custom_step0_s_20260325_13,70aa04602be44171bbfe8de7fc11e803,,,
2026-03-25,SH600011,0.06106823682785034,EXP_XGBModel_Alpha158_csi300_custom_step0_s_20260325_13,70aa04602be44171bbfe8de7fc11e803,,,
2026-03-25,SZ300832,-0.03689534022644,EXP_DEnsembleModel_Alpha158_csi300_custom_step0_s_20260325_13,c11cead02a664671a2efc99d6a1b3467,,,
2026-03-25,SH600015,0.05291690304875374,EXP_XGBModel_Alpha158_csi300_custom_step0_s_20260325_13,70aa04602be44171bbfe8de7fc11e803,,,
2026-03-25,SH600018,0.004270814824849367,EXP_XGBModel_Alpha158_csi300_custom_step0_s_20260325_13,70aa04602be44171bbfe8de7fc11e803,,,
2026-03-25,SH600019,-0.0022945022210478783,EXP_XGBModel_Alpha158_csi300_custom_step0_s_20260325_13,70aa04602be44171bbfe8de7fc11e803,,,
2026-03-25,SH600023,0.01114916056394577,EXP_XGBModel_Alpha158_csi300_custom_step0_s_20260325_13,70aa04602be44171bbfe8de7fc11e803,,,
2026-03-25,SH600025,0.03369774669408798,EXP_XGBModel_Alpha158_csi300_custom_step0_s_20260325_13,70aa04602be44171bbfe8de7fc11e803,,,
2026-03-25,SH600026,0.697629451751709,EXP_XGBModel_Alpha158_csi300_custom_step0_s_20260325_13,70aa04602be44171bbfe8de7fc11e803,,,
2026-03-25,SH600027,0.006448817905038595,EXP_XGBModel_Alpha158_csi300_custom_step0_s_20260325_13,70aa04602be44171bbfe8de7fc11e803,,,
2026-03-25,SH600028,0.26261448860168457,EXP_XGBModel_Alpha158_csi300_custom_step0_s_20260325_13,70aa04602be44171bbfe8de7fc11e803,,,
2026-03-25,SH600029,0.21230973303318024,EXP_XGBModel_Alpha158_csi300_custom_step0_s_20260325_13,70aa04602be44171bbfe8de7fc11e803,,,
2026-03-25,SH600030,-0.02120828442275524,EXP_XGBModel_Alpha158_csi300_custom_step0_s_20260325_13,70aa04602be44171bbfe8de7fc11e803,,,
2026-03-25,SH600031,-0.061629652976989746,EXP_XGBModel_Alpha158_csi300_custom_step0_s_20260325_13,70aa04602be44171bbfe8de7fc11e803,,,
2026-03-25,SH600036,0.03098810464143753,EXP_XGBModel_Alpha158_csi300_custom_step0_s_20260325_13,70aa04602be44171bbfe8de7fc11e803,,,
2026-03-25,SH600016,-0.021580195054411888,EXP_XGBModel_Alpha158_csi300_custom_step0_s_20260325_13,70aa04602be44171bbfe8de7fc11e803,,,
2026-03-25,SH600039,-0.022005362436175346,EXP_XGBModel_Alpha158_csi300_custom_step0_s_20260325_13,70aa04602be44171bbfe8de7fc11e803,,,
2026-03-25,SZ300803,0.021311579723418003,EXP_DEnsembleModel_Alpha158_csi300_custom_step0_s_20260325_13,c11cead02a664671a2efc99d6a1b3467,,,
2026-03-25,SZ300760,-0.0089432411059682,EXP_DEnsembleModel_Alpha158_csi300_custom_step0_s_20260325_13,c11cead02a664671a2efc99d6a1b3467,,,
2026-03-25,SZ300014,-0.07985392317754095,EXP_DEnsembleModel_Alpha158_csi300_custom_step0_s_20260325_13,c11cead02a664671a2efc99d6a1b3467,,,
2026-03-25,SZ300015,-0.019404992269665217,EXP_DEnsembleModel_Alpha158_csi300_custom_step0_s_20260325_13,c11cead02a664671a2efc99d6a1b3467,,,
2026-03-25,SZ300033,-0.013953048281180684,EXP_DEnsembleModel_Alpha158_csi300_custom_step0_s_20260325_13,c11cead02a664671a2efc99d6a1b3467,,,
2026-03-25,SZ300059,0.043686779736150816,EXP_DEnsembleModel_Alpha158_csi300_custom_step0_s_20260325_13,c11cead02a664671a2efc99d6a1b3467,,,
2026-03-25,SZ300122,-0.022810745575100284,EXP_DEnsembleModel_Alpha158_csi300_custom_step0_s_20260325_13,c11cead02a664671a2efc99d6a1b3467,,,
2026-03-25,SZ300124,-0.1813612788094269,EXP_DEnsembleModel_Alpha158_csi300_custom_step0_s_20260325_13,c11cead02a664671a2efc99d6a1b3467,,,
2026-03-25,SZ300251,-0.027260494181715163,EXP_DEnsembleModel_Alpha158_csi300_custom_step0_s_20260325_13,c11cead02a664671a2efc99d6a1b3467,,,
2026-03-25,SZ300274,-0.022107058405478098,EXP_DEnsembleModel_Alpha158_csi300_custom_step0_s_20260325_13,c11cead02a664671a2efc99d6a1b3467,,,
2026-03-25,SZ300308,-0.12200264609190838,EXP_DEnsembleModel_Alpha158_csi300_custom_step0_s_20260325_13,c11cead02a664671a2efc99d6a1b3467,,,
2026-03-25,SZ300316,-0.004631563640093457,EXP_DEnsembleModel_Alpha158_csi300_custom_step0_s_20260325_13,c11cead02a664671a2efc99d6a1b3467,,,
2026-03-25,SZ300347,-0.11294723447610382,EXP_DEnsembleModel_Alpha158_csi300_custom_step0_s_20260325_13,c11cead02a664671a2efc99d6a1b3467,,,
2026-03-25,SZ300782,-0.07551342921584879,EXP_DEnsembleModel_Alpha158_csi300_custom_step0_s_20260325_13,c11cead02a664671a2efc99d6a1b3467,,,
2026-03-25,SZ300394,0.02690592880711658,EXP_DEnsembleModel_Alpha158_csi300_custom_step0_s_20260325_13,c11cead02a664671a2efc99d6a1b3467,,,
2026-03-25,SZ300413,0.0930503351088097,EXP_DEnsembleModel_Alpha158_csi300_custom_step0_s_20260325_13,c11cead02a664671a2efc99d6a1b3467,,,
2026-03-25,SZ300418,0.1982032215562658,EXP_DEnsembleModel_Alpha158_csi300_custom_step0_s_20260325_13,c11cead02a664671a2efc99d6a1b3467,,,
2026-03-25,SZ300433,-0.16851187534263026,EXP_DEnsembleModel_Alpha158_csi300_custom_step0_s_20260325_13,c11cead02a664671a2efc99d6a1b3467,,,
2026-03-25,SZ300442,-0.023592712457573592,EXP_DEnsembleModel_Alpha158_csi300_custom_step0_s_20260325_13,c11cead02a664671a2efc99d6a1b3467,,,
2026-03-25,SZ300476,-0.0624554034609125,EXP_DEnsembleModel_Alpha158_csi300_custom_step0_s_20260325_13,c11cead02a664671a2efc99d6a1b3467,,,
2026-03-25,SZ300498,0.039445370307164,EXP_DEnsembleModel_Alpha158_csi300_custom_step0_s_20260325_13,c11cead02a664671a2efc99d6a1b3467,,,
2026-03-25,SZ300502,-0.044273905594042005,EXP_DEnsembleModel_Alpha158_csi300_custom_step0_s_20260325_13,c11cead02a664671a2efc99d6a1b3467,,,
2026-03-25,SZ300628,-0.1254604496185327,EXP_DEnsembleModel_Alpha158_csi300_custom_step0_s_20260325_13,c11cead02a664671a2efc99d6a1b3467,,,
2026-03-25,SZ300661,0.06618544298650425,EXP_DEnsembleModel_Alpha158_csi300_custom_step0_s_20260325_13,c11cead02a664671a2efc99d6a1b3467,,,
2026-03-25,SZ300750,0.11900235094691365,EXP_DEnsembleModel_Alpha158_csi300_custom_step0_s_20260325_13,c11cead02a664671a2efc99d6a1b3467,,,
2026-03-25,SZ300759,-0.0949280059034064,EXP_DEnsembleModel_Alpha158_csi300_custom_step0_s_20260325_13,c11cead02a664671a2efc99d6a1b3467,,,
2026-03-25,SZ300408,0.06915238648604982,EXP_DEnsembleModel_Alpha158_csi300_custom_step0_s_20260325_13,c11cead02a664671a2efc99d6a1b3467,,,
2026-03-25,SZ003816,0.1238113032835744,EXP_DEnsembleModel_Alpha158_csi300_custom_step0_s_20260325_13,c11cead02a664671a2efc99d6a1b3467,,,
2026-03-25,SH600048,0.0045755780301988125,EXP_XGBModel_Alpha158_csi300_custom_step0_s_20260325_13,70aa04602be44171bbfe8de7fc11e803,,,
2026-03-25,SH600061,-0.02292473427951336,EXP_XGBModel_Alpha158_csi300_custom_step0_s_20260325_13,70aa04602be44171bbfe8de7fc11e803,,,
2026-03-25,SH600489,0.21256759762763977,EXP_XGBModel_Alpha158_csi300_custom_step0_s_20260325_13,70aa04602be44171bbfe8de7fc11e803,,,
2026-03-25,SH600515,0.034649502485990524,EXP_XGBModel_Alpha158_csi300_custom_step0_s_20260325_13,70aa04602be44171bbfe8de7fc11e803,,,
2026-03-25,SH600519,-0.008843139745295048,EXP_XGBModel_Alpha158_csi300_custom_step0_s_20260325_13,70aa04602be44171bbfe8de7fc11e803,,,
2026-03-25,SH600522,-0.11923394352197647,EXP_XGBModel_Alpha158_csi300_custom_step0_s_20260325_13,70aa04602be44171bbfe8de7fc11e803,,,
2026-03-25,SH600547,0.22777289152145386,EXP_XGBModel_Alpha158_csi300_custom_step0_s_20260325_13,70aa04602be44171bbfe8de7fc11e803,,,
2026-03-25,SH600570,0.0037851317320019007,EXP_XGBModel_Alpha158_csi300_custom_step0_s_20260325_13,70aa04602be44171bbfe8de7fc11e803,,,
2026-03-25,SH600584,0.013327247463166714,EXP_XGBModel_Alpha158_csi300_custom_step0_s_20260325_13,70aa04602be44171bbfe8de7fc11e803,,,
2026-03-25,SH600585,-0.01542702130973339,EXP_XGBModel_Alpha158_csi300_custom_step0_s_20260325_13,70aa04602be44171bbfe8de7fc11e803,,,
2026-03-25,SH600588,0.03725540265440941,EXP_XGBModel_Alpha158_csi300_custom_step0_s_20260325_13,70aa04602be44171bbfe8de7fc11e803,,,
2026-03-25,SH600600,-0.004230540245771408,EXP_XGBModel_Alpha158_csi300_custom_step0_s_20260325_13,70aa04602be44171bbfe8de7fc11e803,,,
2026-03-25,SH600660,-0.023033536970615387,EXP_XGBModel_Alpha158_csi300_custom_step0_s_20260325_13,70aa04602be44171bbfe8de7fc11e803,,,
2026-03-25,SH600482,0.39776116609573364,EXP_XGBModel_Alpha158_csi300_custom_step0_s_20260325_13,70aa04602be44171bbfe8de7fc11e803,,,
2026-03-25,SH600674,0.03665224462747574,EXP_XGBModel_Alpha158_csi300_custom_step0_s_20260325_13,70aa04602be44171bbfe8de7fc11e803,,,
2026-03-25,SH600741,-0.018928904086351395,EXP_XGBModel_Alpha158_csi300_custom_step0_s_20260325_13,70aa04602be44171bbfe8de7fc11e803,,,
2026-03-25,SH600760,-0.03880291059613228,EXP_XGBModel_Alpha158_csi300_custom_step0_s_20260325_13,70aa04602be44171bbfe8de7fc11e803,,,
2026-03-25,SH600795,0.07748032361268997,EXP_XGBModel_Alpha158_csi300_custom_step0_s_20260325_13,70aa04602be44171bbfe8de7fc11e803,,,
2026-03-25,SH600803,-0.052412040531635284,EXP_XGBModel_Alpha158_csi300_custom_step0_s_20260325_13,70aa04602be44171bbfe8de7fc11e803,,,
2026-03-25,SH600809,-0.020885581150650978,EXP_XGBModel_Alpha158_csi300_custom_step0_s_20260325_13,70aa04602be44171bbfe8de7fc11e803,,,
2026-03-25,SH600845,-0.044133510440588,EXP_XGBModel_Alpha158_csi300_custom_step0_s_20260325_13,70aa04602be44171bbfe8de7fc11e803,,,
2026-03-25,SH600875,-0.08589868992567062,EXP_XGBModel_Alpha158_csi300_custom_step0_s_20260325_13,70aa04602be44171bbfe8de7fc11e803,,,
2026-03-25,SH600886,0.016593508422374725,EXP_XGBModel_Alpha158_csi300_custom_step0_s_20260325_13,70aa04602be44171bbfe8de7fc11e803,,,
2026-03-25,SH600887,-0.0002628179208841175,EXP_XGBModel_Alpha158_csi300_custom_step0_s_20260325_13,70aa04602be44171bbfe8de7fc11e803,,,
2026-03-25,SH600893,-0.032070498913526535,EXP_XGBModel_Alpha158_csi300_custom_step0_s_20260325_13,70aa04602be44171bbfe8de7fc11e803,,,
2026-03-25,SH600900,0.050234194844961166,EXP_XGBModel_Alpha158_csi300_custom_step0_s_20260325_13,70aa04602be44171bbfe8de7fc11e803,,,
2026-03-25,SH600690,-0.021570749580860138,EXP_XGBModel_Alpha158_csi300_custom_step0_s_20260325_13,70aa04602be44171bbfe8de7fc11e803,,,
2026-03-25,SH600050,-0.03659646213054657,EXP_XGBModel_Alpha158_csi300_custom_step0_s_20260325_13,70aa04602be44171bbfe8de7fc11e803,,,
2026-03-25,SH600460,0.03427604213356972,EXP_XGBModel_Alpha158_csi300_custom_step0_s_20260325_13,70aa04602be44171bbfe8de7fc11e803,,,
2026-03-25,SH600436,-0.007283098995685577,EXP_XGBModel_Alpha158_csi300_custom_step0_s_20260325_13,70aa04602be44171bbfe8de7fc11e803,,,
2026-03-25,SH600066,-0.03228553384542465,EXP_XGBModel_Alpha158_csi300_custom_step0_s_20260325_13,70aa04602be44171bbfe8de7fc11e803,,,
2026-03-25,SH600085,-0.03926239162683487,EXP_XGBModel_Alpha158_csi300_custom_step0_s_20260325_13,70aa04602be44171bbfe8de7fc11e803,,,
2026-03-25,SH600089,-0.004025155678391457,EXP_XGBModel_Alpha158_csi300_custom_step0_s_20260325_13,70aa04602be44171bbfe8de7fc11e803,,,
2026-03-25,SH600104,0.004097887314856052,EXP_XGBModel_Alpha158_csi300_custom_step0_s_20260325_13,70aa04602be44171bbfe8de7fc11e803,,,
2026-03-25,SH600111,-0.18649636209011078,EXP_XGBModel_Alpha158_csi300_custom_step0_s_20260325_13,70aa04602be44171bbfe8de7fc11e803,,,
2026-03-25,SH600115,-0.046844225376844406,EXP_XGBModel_Alpha158_csi300_custom_step0_s_20260325_13,70aa04602be44171bbfe8de7fc11e803,,,
2026-03-25,SH600150,-0.011434783227741718,EXP_XGBModel_Alpha158_csi300_custom_step0_s_20260325_13,70aa04602be44171bbfe8de7fc11e803,,,
2026-03-25,SH600160,-0.0027416881639510393,EXP_XGBModel_Alpha158_csi300_custom_step0_s_20260325_13,70aa04602be44171bbfe8de7fc11e803,,,
2026-03-25,SH600161,-0.02056586742401123,EXP_XGBModel_Alpha158_csi300_custom_step0_s_20260325_13,70aa04602be44171bbfe8de7fc11e803,,,
2026-03-25,SH600176,-0.031721457839012146,EXP_XGBModel_Alpha158_csi300_custom_step0_s_20260325_13,70aa04602be44171bbfe8de7fc11e803,,,
2026-03-25,SH600183,0.048634134232997894,EXP_XGBModel_Alpha158_csi300_custom_step0_s_20260325_13,70aa04602be44171bbfe8de7fc11e803,,,
2026-03-25,SH600438,-0.03513865917921066,EXP_XGBModel_Alpha158_csi300_custom_step0_s_20260325_13,70aa04602be44171bbfe8de7fc11e803,,,
2026-03-25,SH600188,0.38553929328918457,EXP_XGBModel_Alpha158_csi300_custom_step0_s_20260325_13,70aa04602be44171bbfe8de7fc11e803,,,
2026-03-25,SH600219,-0.2458590418100357,EXP_XGBModel_Alpha158_csi300_custom_step0_s_20260325_13,70aa04602be44171bbfe8de7fc11e803,,,
2026-03-25,SH600233,-0.009145712479948997,EXP_XGBModel_Alpha158_csi300_custom_step0_s_20260325_13,70aa04602be44171bbfe8de7fc11e803,,,
2026-03-25,SH600276,-0.002447294071316719,EXP_XGBModel_Alpha158_csi300_custom_step0_s_20260325_13,70aa04602be44171bbfe8de7fc11e803,,,
2026-03-25,SH600309,0.013476282358169556,EXP_XGBModel_Alpha158_csi300_custom_step0_s_20260325_13,70aa04602be44171bbfe8de7fc11e803,,,
2026-03-25,SH600346,0.09395933151245117,EXP_XGBModel_Alpha158_csi300_custom_step0_s_20260325_13,70aa04602be44171bbfe8de7fc11e803,,,
2026-03-25,SH600362,0.1635042428970337,EXP_XGBModel_Alpha158_csi300_custom_step0_s_20260325_13,70aa04602be44171bbfe8de7fc11e803,,,
2026-03-25,SH600372,0.01849687471985817,EXP_XGBModel_Alpha158_csi300_custom_step0_s_20260325_13,70aa04602be44171bbfe8de7fc11e803,,,
2026-03-25,SH600377,-0.015819814056158066,EXP_XGBModel_Alpha158_csi300_custom_step0_s_20260325_13,70aa04602be44171bbfe8de7fc11e803,,,
2026-03-25,SH600406,-0.12905345857143402,EXP_XGBModel_Alpha158_csi300_custom_step0_s_20260325_13,70aa04602be44171bbfe8de7fc11e803,,,
2026-03-25,SH600415,-0.011995440348982811,EXP_XGBModel_Alpha158_csi300_custom_step0_s_20260325_13,70aa04602be44171bbfe8de7fc11e803,,,
2026-03-25,SH600426,0.03629325330257416,EXP_XGBModel_Alpha158_csi300_custom_step0_s_20260325_13,70aa04602be44171bbfe8de7fc11e803,,,
2026-03-25,SH600196,-0.03851988911628723,EXP_XGBModel_Alpha158_csi300_custom_step0_s_20260325_13,70aa04602be44171bbfe8de7fc11e803,,,
2026-03-25,SZ002938,-0.017833523909147633,EXP_DEnsembleModel_Alpha158_csi300_custom_step0_s_20260325_13,c11cead02a664671a2efc99d6a1b3467,,,
2026-03-25,SZ002920,0.010226107882566714,EXP_DEnsembleModel_Alpha158_csi300_custom_step0_s_20260325_13,c11cead02a664671a2efc99d6a1b3467,,,
2026-03-25,SZ002916,0.07530928482173316,EXP_DEnsembleModel_Alpha158_csi300_custom_step0_s_20260325_13,c11cead02a664671a2efc99d6a1b3467,,,
2026-03-25,SH688169,-0.043676508425494726,EXP_DEnsembleModel_Alpha158_csi300_custom_step0_s_20260325_13,c11cead02a664671a2efc99d6a1b3467,,,
2026-03-25,SH688187,-0.1406144000522016,EXP_DEnsembleModel_Alpha158_csi300_custom_step0_s_20260325_13,c11cead02a664671a2efc99d6a1b3467,,,
2026-03-25,SH688223,0.13739229830739927,EXP_DEnsembleModel_Alpha158_csi300_custom_step0_s_20260325_13,c11cead02a664671a2efc99d6a1b3467,,,
2026-03-25,SH688256,-0.14893891007530213,EXP_DEnsembleModel_Alpha158_csi300_custom_step0_s_20260325_13,c11cead02a664671a2efc99d6a1b3467,,,
2026-03-25,SH688271,-0.040089805253574654,EXP_DEnsembleModel_Alpha158_csi300_custom_step0_s_20260325_13,c11cead02a664671a2efc99d6a1b3467,,,
2026-03-25,SH688303,0.027310745979442694,EXP_DEnsembleModel_Alpha158_csi300_custom_step0_s_20260325_13,c11cead02a664671a2efc99d6a1b3467,,,
2026-03-25,SH688396,0.00801887332507912,EXP_DEnsembleModel_Alpha158_csi300_custom_step0_s_20260325_13,c11cead02a664671a2efc99d6a1b3467,,,
2026-03-25,SH688472,0.01870052956597076,EXP_DEnsembleModel_Alpha158_csi300_custom_step0_s_20260325_13,c11cead02a664671a2efc99d6a1b3467,,,
2026-03-25,SH688506,-0.0016704667408774115,EXP_DEnsembleModel_Alpha158_csi300_custom_step0_s_20260325_13,c11cead02a664671a2efc99d6a1b3467,,,
2026-03-25,SH688981,0.025977534204651678,EXP_DEnsembleModel_Alpha158_csi300_custom_step0_s_20260325_13,c11cead02a664671a2efc99d6a1b3467,,,
2026-03-25,SZ000001,0.12981740777747705,EXP_DEnsembleModel_Alpha158_csi300_custom_step0_s_20260325_13,c11cead02a664671a2efc99d6a1b3467,,,
2026-03-25,SH688126,0.03855307300555214,EXP_DEnsembleModel_Alpha158_csi300_custom_step0_s_20260325_13,c11cead02a664671a2efc99d6a1b3467,,,
2026-03-25,SZ000002,-0.02125399080363231,EXP_DEnsembleModel_Alpha158_csi300_custom_step0_s_20260325_13,c11cead02a664671a2efc99d6a1b3467,,,
2026-03-25,SZ000100,-0.060453040452258106,EXP_DEnsembleModel_Alpha158_csi300_custom_step0_s_20260325_13,c11cead02a664671a2efc99d6a1b3467,,,
2026-03-25,SZ000157,-0.17105087134309893,EXP_DEnsembleModel_Alpha158_csi300_custom_step0_s_20260325_13,c11cead02a664671a2efc99d6a1b3467,,,
2026-03-25,SZ000166,0.04969848680345126,EXP_DEnsembleModel_Alpha158_csi300_custom_step0_s_20260325_13,c11cead02a664671a2efc99d6a1b3467,,,
2026-03-25,SZ000301,-0.10022504616260416,EXP_DEnsembleModel_Alpha158_csi300_custom_step0_s_20260325_13,c11cead02a664671a2efc99d6a1b3467,,,
2026-03-25,SZ000333,-0.052973667435127984,EXP_DEnsembleModel_Alpha158_csi300_custom_step0_s_20260325_13,c11cead02a664671a2efc99d6a1b3467,,,
2026-03-25,SZ000338,-0.04283543978499764,EXP_DEnsembleModel_Alpha158_csi300_custom_step0_s_20260325_13,c11cead02a664671a2efc99d6a1b3467,,,
2026-03-25,SZ000408,-0.22212953090977614,EXP_DEnsembleModel_Alpha158_csi300_custom_step0_s_20260325_13,c11cead02a664671a2efc99d6a1b3467,,,
2026-03-25,SZ000425,-0.11198149241461573,EXP_DEnsembleModel_Alpha158_csi300_custom_step0_s_20260325_13,c11cead02a664671a2efc99d6a1b3467,,,
2026-03-25,SZ000538,0.06819482958636476,EXP_DEnsembleModel_Alpha158_csi300_custom_step0_s_20260325_13,c11cead02a664671a2efc99d6a1b3467,,,
2026-03-25,SZ000568,-0.05537398886172901,EXP_DEnsembleModel_Alpha158_csi300_custom_step0_s_20260325_13,c11cead02a664671a2efc99d6a1b3467,,,
2026-03-25,SZ000596,0.03559912100718137,EXP_DEnsembleModel_Alpha158_csi300_custom_step0_s_20260325_13,c11cead02a664671a2efc99d6a1b3467,,,
2026-03-25,SZ000063,-0.09398358712400574,EXP_DEnsembleModel_Alpha158_csi300_custom_step0_s_20260325_13,c11cead02a664671a2efc99d6a1b3467,,,
2026-03-25,SZ000617,0.039111705668430946,EXP_DEnsembleModel_Alpha158_csi300_custom_step0_s_20260325_13,c11cead02a664671a2efc99d6a1b3467,,,
2026-03-25,SH688111,0.13459665348899294,EXP_DEnsembleModel_Alpha158_csi300_custom_step0_s_20260325_13,c11cead02a664671a2efc99d6a1b3467,,,
2026-03-25,SH688047,-0.007324701820823906,EXP_DEnsembleModel_Alpha158_csi300_custom_step0_s_20260325_13,c11cead02a664671a2efc99d6a1b3467,,,
2026-03-25,SH601985,-0.007081495533218869,EXP_DEnsembleModel_Alpha158_csi300_custom_step0_s_20260325_13,c11cead02a664671a2efc99d6a1b3467,,,
2026-03-25,SH601988,-0.009518174625528652,EXP_DEnsembleModel_Alpha158_csi300_custom_step0_s_20260325_13,c11cead02a664671a2efc99d6a1b3467,,,
2026-03-25,SH601995,-0.037261845259939114,EXP_DEnsembleModel_Alpha158_csi300_custom_step0_s_20260325_13,c11cead02a664671a2efc99d6a1b3467,,,
2026-03-25,SH601998,-0.05329543344900141,EXP_DEnsembleModel_Alpha158_csi300_custom_step0_s_20260325_13,c11cead02a664671a2efc99d6a1b3467,,,
2026-03-25,SH603019,-0.17110822173858184,EXP_DEnsembleModel_Alpha158_csi300_custom_step0_s_20260325_13,c11cead02a664671a2efc99d6a1b3467,,,
2026-03-25,SH603195,-0.04011665366586859,EXP_DEnsembleModel_Alpha158_csi300_custom_step0_s_20260325_13,c11cead02a664671a2efc99d6a1b3467,,,
2026-03-25,SH603259,-0.033895735384078175,EXP_DEnsembleModel_Alpha158_csi300_custom_step0_s_20260325_13,c11cead02a664671a2efc99d6a1b3467,,,
2026-03-25,SH603260,0.1148501697660614,EXP_DEnsembleModel_Alpha158_csi300_custom_step0_s_20260325_13,c11cead02a664671a2efc99d6a1b3467,,,
2026-03-25,SH603288,0.03270166098848916,EXP_DEnsembleModel_Alpha158_csi300_custom_step0_s_20260325_13,c11cead02a664671a2efc99d6a1b3467,,,
2026-03-25,SH603296,0.009212571178742994,EXP_DEnsembleModel_Alpha158_csi300_custom_step0_s_20260325_13,c11cead02a664671a2efc99d6a1b3467,,,
2026-03-25,SH603369,-0.06016803340888969,EXP_DEnsembleModel_Alpha158_csi300_custom_step0_s_20260325_13,c11cead02a664671a2efc99d6a1b3467,,,
2026-03-25,SH688082,0.054296091058897274,EXP_DEnsembleModel_Alpha158_csi300_custom_step0_s_20260325_13,c11cead02a664671a2efc99d6a1b3467,,,
2026-03-25,SH603392,0.02686771537995736,EXP_DEnsembleModel_Alpha158_csi300_custom_step0_s_20260325_13,c11cead02a664671a2efc99d6a1b3467,,,
2026-03-25,SH603799,-0.18225741231863143,EXP_DEnsembleModel_Alpha158_csi300_custom_step0_s_20260325_13,c11cead02a664671a2efc99d6a1b3467,,,
2026-03-25,SH603893,-0.08103005567396296,EXP_DEnsembleModel_Alpha158_csi300_custom_step0_s_20260325_13,c11cead02a664671a2efc99d6a1b3467,,,
2026-03-25,SH603986,0.05414650059608535,EXP_DEnsembleModel_Alpha158_csi300_custom_step0_s_20260325_13,c11cead02a664671a2efc99d6a1b3467,,,
2026-03-25,SH603993,0.036445659753324304,EXP_DEnsembleModel_Alpha158_csi300_custom_step0_s_20260325_13,c11cead02a664671a2efc99d6a1b3467,,,
2026-03-25,SH605117,0.2560125159161547,EXP_DEnsembleModel_Alpha158_csi300_custom_step0_s_20260325_13,c11cead02a664671a2efc99d6a1b3467,,,
2026-03-25,SH605499,0.007350911566619707,EXP_DEnsembleModel_Alpha158_csi300_custom_step0_s_20260325_13,c11cead02a664671a2efc99d6a1b3467,,,
2026-03-25,SH688008,0.03253674151762179,EXP_DEnsembleModel_Alpha158_csi300_custom_step0_s_20260325_13,c11cead02a664671a2efc99d6a1b3467,,,
2026-03-25,SH688009,-0.0769106985990768,EXP_DEnsembleModel_Alpha158_csi300_custom_step0_s_20260325_13,c11cead02a664671a2efc99d6a1b3467,,,
2026-03-25,SH688012,-0.08629180156581906,EXP_DEnsembleModel_Alpha158_csi300_custom_step0_s_20260325_13,c11cead02a664671a2efc99d6a1b3467,,,
2026-03-25,SH688036,-0.14683800841631245,EXP_DEnsembleModel_Alpha158_csi300_custom_step0_s_20260325_13,c11cead02a664671a2efc99d6a1b3467,,,
2026-03-25,SH688041,-0.10115923414423221,EXP_DEnsembleModel_Alpha158_csi300_custom_step0_s_20260325_13,c11cead02a664671a2efc99d6a1b3467,,,
2026-03-25,SH603501,-0.1027689178539914,EXP_DEnsembleModel_Alpha158_csi300_custom_step0_s_20260325_13,c11cead02a664671a2efc99d6a1b3467,,,
2026-03-25,SZ000625,0.01467374318333548,EXP_DEnsembleModel_Alpha158_csi300_custom_step0_s_20260325_13,c11cead02a664671a2efc99d6a1b3467,,,
2026-03-25,SZ000630,-0.07670753281825055,EXP_DEnsembleModel_Alpha158_csi300_custom_step0_s_20260325_13,c11cead02a664671a2efc99d6a1b3467,,,
2026-03-25,SZ000651,0.10604878519455317,EXP_DEnsembleModel_Alpha158_csi300_custom_step0_s_20260325_13,c11cead02a664671a2efc99d6a1b3467,,,
2026-03-25,SZ002236,-0.11900517662485707,EXP_DEnsembleModel_Alpha158_csi300_custom_step0_s_20260325_13,c11cead02a664671a2efc99d6a1b3467,,,
2026-03-25,SZ002241,-0.17332246228646278,EXP_DEnsembleModel_Alpha158_csi300_custom_step0_s_20260325_13,c11cead02a664671a2efc99d6a1b3467,,,
2026-03-25,SZ002252,-0.0004871823658569048,EXP_DEnsembleModel_Alpha158_csi300_custom_step0_s_20260325_13,c11cead02a664671a2efc99d6a1b3467,,,
2026-03-25,SZ002304,-0.06692067478879969,EXP_DEnsembleModel_Alpha158_csi300_custom_step0_s_20260325_13,c11cead02a664671a2efc99d6a1b3467,,,
2026-03-25,SZ002311,-0.061585030646587206,EXP_DEnsembleModel_Alpha158_csi300_custom_step0_s_20260325_13,c11cead02a664671a2efc99d6a1b3467,,,
2026-03-25,SZ002352,-0.05070824259887438,EXP_DEnsembleModel_Alpha158_csi300_custom_step0_s_20260325_13,c11cead02a664671a2efc99d6a1b3467,,,
2026-03-25,SZ002371,-0.08495444069379823,EXP_DEnsembleModel_Alpha158_csi300_custom_step0_s_20260325_13,c11cead02a664671a2efc99d6a1b3467,,,
2026-03-25,SZ002384,0.1923093434146264,EXP_DEnsembleModel_Alpha158_csi300_custom_step0_s_20260325_13,c11cead02a664671a2efc99d6a1b3467,,,
2026-03-25,SZ002415,-0.024255270352665132,EXP_DEnsembleModel_Alpha158_csi300_custom_step0_s_20260325_13,c11cead02a664671a2efc99d6a1b3467,,,
2026-03-25,SZ002422,0.13029521709486164,EXP_DEnsembleModel_Alpha158_csi300_custom_step0_s_20260325_13,c11cead02a664671a2efc99d6a1b3467,,,
2026-03-25,SZ002459,0.09519721491558479,EXP_DEnsembleModel_Alpha158_csi300_custom_step0_s_20260325_13,c11cead02a664671a2efc99d6a1b3467,,,
2026-03-25,SZ002230,-0.06372207025090881,EXP_DEnsembleModel_Alpha158_csi300_custom_step0_s_20260325_13,c11cead02a664671a2efc99d6a1b3467,,,
2026-03-25,SZ002460,-0.07531601294422402,EXP_DEnsembleModel_Alpha158_csi300_custom_step0_s_20260325_13,c11cead02a664671a2efc99d6a1b3467,,,
2026-03-25,SZ002466,-0.1244732425693364,EXP_DEnsembleModel_Alpha158_csi300_custom_step0_s_20260325_13,c11cead02a664671a2efc99d6a1b3467,,,
2026-03-25,SZ002475,-0.0327661004640918,EXP_DEnsembleModel_Alpha158_csi300_custom_step0_s_20260325_13,c11cead02a664671a2efc99d6a1b3467,,,
2026-03-25,SZ002493,0.010382238983307415,EXP_DEnsembleModel_Alpha158_csi300_custom_step0_s_20260325_13,c11cead02a664671a2efc99d6a1b3467,,,
2026-03-25,SZ002594,-0.052971704669884025,EXP_DEnsembleModel_Alpha158_csi300_custom_step0_s_20260325_13,c11cead02a664671a2efc99d6a1b3467,,,
2026-03-25,SZ002600,-0.10669644041624468,EXP_DEnsembleModel_Alpha158_csi300_custom_step0_s_20260325_13,c11cead02a664671a2efc99d6a1b3467,,,
2026-03-25,SZ002601,0.1620940361574761,EXP_DEnsembleModel_Alpha158_csi300_custom_step0_s_20260325_13,c11cead02a664671a2efc99d6a1b3467,,,
2026-03-25,SZ002625,-0.06974557069338223,EXP_DEnsembleModel_Alpha158_csi300_custom_step0_s_20260325_13,c11cead02a664671a2efc99d6a1b3467,,,
2026-03-25,SZ002648,0.01423961035927191,EXP_DEnsembleModel_Alpha158_csi300_custom_step0_s_20260325_13,c11cead02a664671a2efc99d6a1b3467,,,
2026-03-25,SZ002709,-0.020800762197705252,EXP_DEnsembleModel_Alpha158_csi300_custom_step0_s_20260325_13,c11cead02a664671a2efc99d6a1b3467,,,
2026-03-25,SZ002714,-0.06332660664252367,EXP_DEnsembleModel_Alpha158_csi300_custom_step0_s_20260325_13,c11cead02a664671a2efc99d6a1b3467,,,
2026-03-25,SZ002736,-0.02651373058711063,EXP_DEnsembleModel_Alpha158_csi300_custom_step0_s_20260325_13,c11cead02a664671a2efc99d6a1b3467,,,
2026-03-25,SZ002463,0.11087454899323208,EXP_DEnsembleModel_Alpha158_csi300_custom_step0_s_20260325_13,c11cead02a664671a2efc99d6a1b3467,,,
2026-03-25,SZ002179,-0.08464981857143812,EXP_DEnsembleModel_Alpha158_csi300_custom_step0_s_20260325_13,c11cead02a664671a2efc99d6a1b3467,,,
2026-03-25,SZ002142,0.00552929111138569,EXP_DEnsembleModel_Alpha158_csi300_custom_step0_s_20260325_13,c11cead02a664671a2efc99d6a1b3467,,,
2026-03-25,SZ002074,0.03639613405656285,EXP_DEnsembleModel_Alpha158_csi300_custom_step0_s_20260325_13,c11cead02a664671a2efc99d6a1b3467,,,
2026-03-25,SZ000661,-0.05910392227609961,EXP_DEnsembleModel_Alpha158_csi300_custom_step0_s_20260325_13,c11cead02a664671a2efc99d6a1b3467,,,
2026-03-25,SZ000708,-0.0809593783102757,EXP_DEnsembleModel_Alpha158_csi300_custom_step0_s_20260325_13,c11cead02a664671a2efc99d6a1b3467,,,
2026-03-25,SZ000725,-0.0877258752808785,EXP_DEnsembleModel_Alpha158_csi300_custom_step0_s_20260325_13,c11cead02a664671a2efc99d6a1b3467,,,
2026-03-25,SZ000768,-0.13138243129648247,EXP_DEnsembleModel_Alpha158_csi300_custom_step0_s_20260325_13,c11cead02a664671a2efc99d6a1b3467,,,
2026-03-25,SZ000776,-0.02051843765670375,EXP_DEnsembleModel_Alpha158_csi300_custom_step0_s_20260325_13,c11cead02a664671a2efc99d6a1b3467,,,
2026-03-25,SZ000786,0.040611150223166075,EXP_DEnsembleModel_Alpha158_csi300_custom_step0_s_20260325_13,c11cead02a664671a2efc99d6a1b3467,,,
2026-03-25,SZ000792,-0.2294838245506812,EXP_DEnsembleModel_Alpha158_csi300_custom_step0_s_20260325_13,c11cead02a664671a2efc99d6a1b3467,,,
2026-03-25,SZ000807,-0.0414400276586237,EXP_DEnsembleModel_Alpha158_csi300_custom_step0_s_20260325_13,c11cead02a664671a2efc99d6a1b3467,,,
2026-03-25,SZ000858,0.062170536611761806,EXP_DEnsembleModel_Alpha158_csi300_custom_step0_s_20260325_13,c11cead02a664671a2efc99d6a1b3467,,,
2026-03-25,SZ000876,-0.06980394953841706,EXP_DEnsembleModel_Alpha158_csi300_custom_step0_s_20260325_13,c11cead02a664671a2efc99d6a1b3467,,,
2026-03-25,SZ000895,0.004498113425831236,EXP_DEnsembleModel_Alpha158_csi300_custom_step0_s_20260325_13,c11cead02a664671a2efc99d6a1b3467,,,
2026-03-25,SZ000938,0.027203574222309748,EXP_DEnsembleModel_Alpha158_csi300_custom_step0_s_20260325_13,c11cead02a664671a2efc99d6a1b3467,,,
2026-03-25,SZ000963,-0.006375682035842154,EXP_DEnsembleModel_Alpha158_csi300_custom_step0_s_20260325_13,c11cead02a664671a2efc99d6a1b3467,,,
2026-03-25,SZ000975,-0.01070208667090081,EXP_DEnsembleModel_Alpha158_csi300_custom_step0_s_20260325_13,c11cead02a664671a2efc99d6a1b3467,,,
2026-03-25,SZ000977,0.03913936098391463,EXP_DEnsembleModel_Alpha158_csi300_custom_step0_s_20260325_13,c11cead02a664671a2efc99d6a1b3467,,,
2026-03-25,SZ000983,-0.03413882108755792,EXP_DEnsembleModel_Alpha158_csi300_custom_step0_s_20260325_13,c11cead02a664671a2efc99d6a1b3467,,,
2026-03-25,SZ000999,-0.03437400811639696,EXP_DEnsembleModel_Alpha158_csi300_custom_step0_s_20260325_13,c11cead02a664671a2efc99d6a1b3467,,,
2026-03-25,SZ001391,0.011926857852097456,EXP_DEnsembleModel_Alpha158_csi300_custom_step0_s_20260325_13,c11cead02a664671a2efc99d6a1b3467,,,
2026-03-25,SZ001965,-0.055919319778761675,EXP_DEnsembleModel_Alpha158_csi300_custom_step0_s_20260325_13,c11cead02a664671a2efc99d6a1b3467,,,
2026-03-25,SZ001979,-0.010497182022534746,EXP_DEnsembleModel_Alpha158_csi300_custom_step0_s_20260325_13,c11cead02a664671a2efc99d6a1b3467,,,
2026-03-25,SZ002001,0.2834299682801296,EXP_DEnsembleModel_Alpha158_csi300_custom_step0_s_20260325_13,c11cead02a664671a2efc99d6a1b3467,,,
2026-03-25,SZ002027,-0.045657933174475515,EXP_DEnsembleModel_Alpha158_csi300_custom_step0_s_20260325_13,c11cead02a664671a2efc99d6a1b3467,,,
2026-03-25,SZ002028,-0.038634899906455786,EXP_DEnsembleModel_Alpha158_csi300_custom_step0_s_20260325_13,c11cead02a664671a2efc99d6a1b3467,,,
2026-03-25,SZ002049,-0.07983094306675532,EXP_DEnsembleModel_Alpha158_csi300_custom_step0_s_20260325_13,c11cead02a664671a2efc99d6a1b3467,,,
2026-03-25,SZ002050,-0.12029023367332208,EXP_DEnsembleModel_Alpha158_csi300_custom_step0_s_20260325_13,c11cead02a664671a2efc99d6a1b3467,,,
2026-03-25,SH600905,-0.01551013346761465,EXP_XGBModel_Alpha158_csi300_custom_step0_s_20260325_13,70aa04602be44171bbfe8de7fc11e803,,,
2026-03-25,SH601939,0.03191085560173248,EXP_DEnsembleModel_Alpha158_csi300_custom_step0_s_20260325_13,c11cead02a664671a2efc99d6a1b3467,,,
2026-03-25,SH600918,0.0015437256079167128,EXP_XGBModel_Alpha158_csi300_custom_step0_s_20260325_13,70aa04602be44171bbfe8de7fc11e803,,,
2026-03-25,SH600926,0.0380391851067543,EXP_XGBModel_Alpha158_csi300_custom_step0_s_20260325_13,70aa04602be44171bbfe8de7fc11e803,,,
2026-03-25,SZ000895,-0.025387847796082497,EXP_XGBModel_Alpha158_csi300_custom_step0_s_20260325_13,70aa04602be44171bbfe8de7fc11e803,,,
2026-03-25,SZ000938,-0.025545554235577583,EXP_XGBModel_Alpha158_csi300_custom_step0_s_20260325_13,70aa04602be44171bbfe8de7fc11e803,,,
2026-03-25,SZ000963,-0.005198705941438675,EXP_XGBModel_Alpha158_csi300_custom_step0_s_20260325_13,70aa04602be44171bbfe8de7fc11e803,,,
2026-03-25,SZ000975,-0.0606938898563385,EXP_XGBModel_Alpha158_csi300_custom_step0_s_20260325_13,70aa04602be44171bbfe8de7fc11e803,,,
2026-03-25,SZ000977,-0.00566276628524065,EXP_XGBModel_Alpha158_csi300_custom_step0_s_20260325_13,70aa04602be44171bbfe8de7fc11e803,,,
2026-03-25,SZ000983,0.008064603433012962,EXP_XGBModel_Alpha158_csi300_custom_step0_s_20260325_13,70aa04602be44171bbfe8de7fc11e803,,,
2026-03-25,SZ000999,0.0018873788649216294,EXP_XGBModel_Alpha158_csi300_custom_step0_s_20260325_13,70aa04602be44171bbfe8de7fc11e803,,,
2026-03-25,SZ001391,-0.02333221770823002,EXP_XGBModel_Alpha158_csi300_custom_step0_s_20260325_13,70aa04602be44171bbfe8de7fc11e803,,,
2026-03-25,SZ001965,-0.028279274702072144,EXP_XGBModel_Alpha158_csi300_custom_step0_s_20260325_13,70aa04602be44171bbfe8de7fc11e803,,,
2026-03-25,SZ001979,-0.01216120831668377,EXP_XGBModel_Alpha158_csi300_custom_step0_s_20260325_13,70aa04602be44171bbfe8de7fc11e803,,,
2026-03-25,SZ002001,0.16588857769966125,EXP_XGBModel_Alpha158_csi300_custom_step0_s_20260325_13,70aa04602be44171bbfe8de7fc11e803,,,
2026-03-25,SZ000876,-0.009827926754951477,EXP_XGBModel_Alpha158_csi300_custom_step0_s_20260325_13,70aa04602be44171bbfe8de7fc11e803,,,
2026-03-25,SZ002027,-0.03448640555143356,EXP_XGBModel_Alpha158_csi300_custom_step0_s_20260325_13,70aa04602be44171bbfe8de7fc11e803,,,
2026-03-25,SZ002049,-0.011288568377494812,EXP_XGBModel_Alpha158_csi300_custom_step0_s_20260325_13,70aa04602be44171bbfe8de7fc11e803,,,
2026-03-25,SZ002050,0.007495542522519827,EXP_XGBModel_Alpha158_csi300_custom_step0_s_20260325_13,70aa04602be44171bbfe8de7fc11e803,,,
2026-03-25,SZ002074,-0.0009405487217009068,EXP_XGBModel_Alpha158_csi300_custom_step0_s_20260325_13,70aa04602be44171bbfe8de7fc11e803,,,
2026-03-25,SZ002142,0.0013341985177248716,EXP_XGBModel_Alpha158_csi300_custom_step0_s_20260325_13,70aa04602be44171bbfe8de7fc11e803,,,
2026-03-25,SZ002179,0.002080257749184966,EXP_XGBModel_Alpha158_csi300_custom_step0_s_20260325_13,70aa04602be44171bbfe8de7fc11e803,,,
2026-03-25,SZ002230,-0.007164990529417992,EXP_XGBModel_Alpha158_csi300_custom_step0_s_20260325_13,70aa04602be44171bbfe8de7fc11e803,,,
2026-03-25,SZ002236,-0.004682010505348444,EXP_XGBModel_Alpha158_csi300_custom_step0_s_20260325_13,70aa04602be44171bbfe8de7fc11e803,,,
2026-03-25,SZ002241,-0.09911256283521652,EXP_XGBModel_Alpha158_csi300_custom_step0_s_20260325_13,70aa04602be44171bbfe8de7fc11e803,,,
2026-03-25,SZ002252,-0.026223784312605858,EXP_XGBModel_Alpha158_csi300_custom_step0_s_20260325_13,70aa04602be44171bbfe8de7fc11e803,,,
2026-03-25,SZ002304,-0.01974928006529808,EXP_XGBModel_Alpha158_csi300_custom_step0_s_20260325_13,70aa04602be44171bbfe8de7fc11e803,,,
2026-03-25,SZ002311,-0.012052517384290695,EXP_XGBModel_Alpha158_csi300_custom_step0_s_20260325_13,70aa04602be44171bbfe8de7fc11e803,,,
2026-03-25,SZ002028,-0.07692129909992218,EXP_XGBModel_Alpha158_csi300_custom_step0_s_20260325_13,70aa04602be44171bbfe8de7fc11e803,,,
2026-03-25,SZ002352,-0.0035886703990399837,EXP_XGBModel_Alpha158_csi300_custom_step0_s_20260325_13,70aa04602be44171bbfe8de7fc11e803,,,
2026-03-25,SZ000858,-0.01635034941136837,EXP_XGBModel_Alpha158_csi300_custom_step0_s_20260325_13,70aa04602be44171bbfe8de7fc11e803,,,
2026-03-25,SZ000792,-0.030881620943546295,EXP_XGBModel_Alpha158_csi300_custom_step0_s_20260325_13,70aa04602be44171bbfe8de7fc11e803,,,
2026-03-25,SZ000001,0.006245855242013931,EXP_XGBModel_Alpha158_csi300_custom_step0_s_20260325_13,70aa04602be44171bbfe8de7fc11e803,,,
2026-03-25,SZ000002,0.10322561115026474,EXP_XGBModel_Alpha158_csi300_custom_step0_s_20260325_13,70aa04602be44171bbfe8de7fc11e803,,,
2026-03-25,SZ000063,-0.007943273521959782,EXP_XGBModel_Alpha158_csi300_custom_step0_s_20260325_13,70aa04602be44171bbfe8de7fc11e803,,,
2026-03-25,SZ000100,-0.012256963178515434,EXP_XGBModel_Alpha158_csi300_custom_step0_s_20260325_13,70aa04602be44171bbfe8de7fc11e803,,,
2026-03-25,SZ000157,-0.07673599570989609,EXP_XGBModel_Alpha158_csi300_custom_step0_s_20260325_13,70aa04602be44171bbfe8de7fc11e803,,,
2026-03-25,SZ000166,-0.005511479452252388,EXP_XGBModel_Alpha158_csi300_custom_step0_s_20260325_13,70aa04602be44171bbfe8de7fc11e803,,,
2026-03-25,SZ000301,0.36852413415908813,EXP_XGBModel_Alpha158_csi300_custom_step0_s_20260325_13,70aa04602be44171bbfe8de7fc11e803,,,
2026-03-25,SZ000333,-0.00994950346648693,EXP_XGBModel_Alpha158_csi300_custom_step0_s_20260325_13,70aa04602be44171bbfe8de7fc11e803,,,
2026-03-25,SZ000338,0.2128450721502304,EXP_XGBModel_Alpha158_csi300_custom_step0_s_20260325_13,70aa04602be44171bbfe8de7fc11e803,,,
2026-03-25,SZ000408,-0.2347162812948227,EXP_XGBModel_Alpha158_csi300_custom_step0_s_20260325_13,70aa04602be44171bbfe8de7fc11e803,,,
2026-03-25,SZ000425,-0.06725354492664337,EXP_XGBModel_Alpha158_csi300_custom_step0_s_20260325_13,70aa04602be44171bbfe8de7fc11e803,,,
2026-03-25,SZ000807,-0.0516975000500679,EXP_XGBModel_Alpha158_csi300_custom_step0_s_20260325_13,70aa04602be44171bbfe8de7fc11e803,,,
2026-03-25,SZ000538,-0.023412862792611122,EXP_XGBModel_Alpha158_csi300_custom_step0_s_20260325_13,70aa04602be44171bbfe8de7fc11e803,,,
2026-03-25,SZ000596,-0.04465465247631073,EXP_XGBModel_Alpha158_csi300_custom_step0_s_20260325_13,70aa04602be44171bbfe8de7fc11e803,,,
2026-03-25,SZ000617,-0.10805273801088333,EXP_XGBModel_Alpha158_csi300_custom_step0_s_20260325_13,70aa04602be44171bbfe8de7fc11e803,,,
2026-03-25,SZ000625,-0.029477549716830254,EXP_XGBModel_Alpha158_csi300_custom_step0_s_20260325_13,70aa04602be44171bbfe8de7fc11e803,,,
2026-03-25,SZ000630,0.1150178387761116,EXP_XGBModel_Alpha158_csi300_custom_step0_s_20260325_13,70aa04602be44171bbfe8de7fc11e803,,,
2026-03-25,SZ000651,0.026501698419451714,EXP_XGBModel_Alpha158_csi300_custom_step0_s_20260325_13,70aa04602be44171bbfe8de7fc11e803,,,
2026-03-25,SZ000661,-0.01952686533331871,EXP_XGBModel_Alpha158_csi300_custom_step0_s_20260325_13,70aa04602be44171bbfe8de7fc11e803,,,
2026-03-25,SZ000708,0.07462190836668015,EXP_XGBModel_Alpha158_csi300_custom_step0_s_20260325_13,70aa04602be44171bbfe8de7fc11e803,,,
2026-03-25,SZ000725,-0.02392144873738289,EXP_XGBModel_Alpha158_csi300_custom_step0_s_20260325_13,70aa04602be44171bbfe8de7fc11e803,,,
2026-03-25,SZ000768,0.019254129379987717,EXP_XGBModel_Alpha158_csi300_custom_step0_s_20260325_13,70aa04602be44171bbfe8de7fc11e803,,,
2026-03-25,SZ000776,-0.014539184048771858,EXP_XGBModel_Alpha158_csi300_custom_step0_s_20260325_13,70aa04602be44171bbfe8de7fc11e803,,,
2026-03-25,SZ000786,-0.004023856017738581,EXP_XGBModel_Alpha158_csi300_custom_step0_s_20260325_13,70aa04602be44171bbfe8de7fc11e803,,,
2026-03-25,SZ000568,-0.004169553518295288,EXP_XGBModel_Alpha158_csi300_custom_step0_s_20260325_13,70aa04602be44171bbfe8de7fc11e803,,,
2026-03-25,SH688981,-0.010509636253118515,EXP_XGBModel_Alpha158_csi300_custom_step0_s_20260325_13,70aa04602be44171bbfe8de7fc11e803,,,
2026-03-25,SZ002371,-0.012564822100102901,EXP_XGBModel_Alpha158_csi300_custom_step0_s_20260325_13,70aa04602be44171bbfe8de7fc11e803,,,
2026-03-25,SZ002415,0.006663646083325148,EXP_XGBModel_Alpha158_csi300_custom_step0_s_20260325_13,70aa04602be44171bbfe8de7fc11e803,,,
2026-03-25,SZ300316,0.4217403829097748,EXP_XGBModel_Alpha158_csi300_custom_step0_s_20260325_13,70aa04602be44171bbfe8de7fc11e803,,,
2026-03-25,SZ300347,0.1544855833053589,EXP_XGBModel_Alpha158_csi300_custom_step0_s_20260325_13,70aa04602be44171bbfe8de7fc11e803,,,
2026-03-25,SZ300394,0.5588876605033875,EXP_XGBModel_Alpha158_csi300_custom_step0_s_20260325_13,70aa04602be44171bbfe8de7fc11e803,,,
2026-03-25,SZ300408,0.10637858510017395,EXP_XGBModel_Alpha158_csi300_custom_step0_s_20260325_13,70aa04602be44171bbfe8de7fc11e803,,,
2026-03-25,SZ300413,-0.017839863896369934,EXP_XGBModel_Alpha158_csi300_custom_step0_s_20260325_13,70aa04602be44171bbfe8de7fc11e803,,,
2026-03-25,SZ300418,0.1374005824327469,EXP_XGBModel_Alpha158_csi300_custom_step0_s_20260325_13,70aa04602be44171bbfe8de7fc11e803,,,
2026-03-25,SZ300433,0.06519228965044022,EXP_XGBModel_Alpha158_csi300_custom_step0_s_20260325_13,70aa04602be44171bbfe8de7fc11e803,,,
2026-03-25,SZ300442,0.0045592584647238255,EXP_XGBModel_Alpha158_csi300_custom_step0_s_20260325_13,70aa04602be44171bbfe8de7fc11e803,,,
2026-03-25,SZ300476,-0.00562082976102829,EXP_XGBModel_Alpha158_csi300_custom_step0_s_20260325_13,70aa04602be44171bbfe8de7fc11e803,,,
2026-03-25,SZ300498,0.05565579608082771,EXP_XGBModel_Alpha158_csi300_custom_step0_s_20260325_13,70aa04602be44171bbfe8de7fc11e803,,,
2026-03-25,SZ300502,0.1674947887659073,EXP_XGBModel_Alpha158_csi300_custom_step0_s_20260325_13,70aa04602be44171bbfe8de7fc11e803,,,
2026-03-25,SZ300308,0.01366845890879631,EXP_XGBModel_Alpha158_csi300_custom_step0_s_20260325_13,70aa04602be44171bbfe8de7fc11e803,,,
2026-03-25,SZ300628,-0.02265777997672558,EXP_XGBModel_Alpha158_csi300_custom_step0_s_20260325_13,70aa04602be44171bbfe8de7fc11e803,,,
2026-03-25,SZ300750,-0.005171576049178839,EXP_XGBModel_Alpha158_csi300_custom_step0_s_20260325_13,70aa04602be44171bbfe8de7fc11e803,,,
2026-03-25,SZ300759,-0.018265554681420326,EXP_XGBModel_Alpha158_csi300_custom_step0_s_20260325_13,70aa04602be44171bbfe8de7fc11e803,,,
2026-03-25,SZ300760,-0.03134208172559738,EXP_XGBModel_Alpha158_csi300_custom_step0_s_20260325_13,70aa04602be44171bbfe8de7fc11e803,,,
2026-03-25,SZ300782,-0.12095796316862106,EXP_XGBModel_Alpha158_csi300_custom_step0_s_20260325_13,70aa04602be44171bbfe8de7fc11e803,,,
2026-03-25,SZ300803,0.30644479393959045,EXP_XGBModel_Alpha158_csi300_custom_step0_s_20260325_13,70aa04602be44171bbfe8de7fc11e803,,,
2026-03-25,SZ300832,-0.06018773838877678,EXP_XGBModel_Alpha158_csi300_custom_step0_s_20260325_13,70aa04602be44171bbfe8de7fc11e803,,,
2026-03-25,SZ300866,-0.063460573554039,EXP_XGBModel_Alpha158_csi300_custom_step0_s_20260325_13,70aa04602be44171bbfe8de7fc11e803,,,
2026-03-25,SZ300896,0.1305251568555832,EXP_XGBModel_Alpha158_csi300_custom_step0_s_20260325_13,70aa04602be44171bbfe8de7fc11e803,,,
2026-03-25,SZ300979,-0.018288593739271164,EXP_XGBModel_Alpha158_csi300_custom_step0_s_20260325_13,70aa04602be44171bbfe8de7fc11e803,,,
2026-03-25,SZ300999,-0.0158412866294384,EXP_XGBModel_Alpha158_csi300_custom_step0_s_20260325_13,70aa04602be44171bbfe8de7fc11e803,,,
2026-03-25,SZ301236,0.023173946887254715,EXP_XGBModel_Alpha158_csi300_custom_step0_s_20260325_13,70aa04602be44171bbfe8de7fc11e803,,,
2026-03-25,SZ300661,0.22565530240535736,EXP_XGBModel_Alpha158_csi300_custom_step0_s_20260325_13,70aa04602be44171bbfe8de7fc11e803,,,
2026-03-25,SZ002384,0.49614477157592773,EXP_XGBModel_Alpha158_csi300_custom_step0_s_20260325_13,70aa04602be44171bbfe8de7fc11e803,,,
2026-03-25,SZ300274,0.010138558223843575,EXP_XGBModel_Alpha158_csi300_custom_step0_s_20260325_13,70aa04602be44171bbfe8de7fc11e803,,,
2026-03-25,SZ300124,0.00475751468911767,EXP_XGBModel_Alpha158_csi300_custom_step0_s_20260325_13,70aa04602be44171bbfe8de7fc11e803,,,
2026-03-25,SZ002422,0.02444848231971264,EXP_XGBModel_Alpha158_csi300_custom_step0_s_20260325_13,70aa04602be44171bbfe8de7fc11e803,,,
2026-03-25,SZ002459,0.03328891843557358,EXP_XGBModel_Alpha158_csi300_custom_step0_s_20260325_13,70aa04602be44171bbfe8de7fc11e803,,,
2026-03-25,SZ002460,-0.02932574786245823,EXP_XGBModel_Alpha158_csi300_custom_step0_s_20260325_13,70aa04602be44171bbfe8de7fc11e803,,,
2026-03-25,SZ002463,-0.08961022645235062,EXP_XGBModel_Alpha158_csi300_custom_step0_s_20260325_13,70aa04602be44171bbfe8de7fc11e803,,,
2026-03-25,SZ002466,-0.06759069859981537,EXP_XGBModel_Alpha158_csi300_custom_step0_s_20260325_13,70aa04602be44171bbfe8de7fc11e803,,,
2026-03-25,SZ002475,-0.0628361850976944,EXP_XGBModel_Alpha158_csi300_custom_step0_s_20260325_13,70aa04602be44171bbfe8de7fc11e803,,,
2026-03-25,SZ002493,0.38112345337867737,EXP_XGBModel_Alpha158_csi300_custom_step0_s_20260325_13,70aa04602be44171bbfe8de7fc11e803,,,
2026-03-25,SZ002594,-0.031334925442934036,EXP_XGBModel_Alpha158_csi300_custom_step0_s_20260325_13,70aa04602be44171bbfe8de7fc11e803,,,
2026-03-25,SZ002600,-0.0042529418133199215,EXP_XGBModel_Alpha158_csi300_custom_step0_s_20260325_13,70aa04602be44171bbfe8de7fc11e803,,,
2026-03-25,SZ002601,-0.02520022913813591,EXP_XGBModel_Alpha158_csi300_custom_step0_s_20260325_13,70aa04602be44171bbfe8de7fc11e803,,,
2026-03-25,SZ002625,0.05470062047243118,EXP_XGBModel_Alpha158_csi300_custom_step0_s_20260325_13,70aa04602be44171bbfe8de7fc11e803,,,
2026-03-25,SZ300251,0.07214023172855377,EXP_XGBModel_Alpha158_csi300_custom_step0_s_20260325_13,70aa04602be44171bbfe8de7fc11e803,,,
2026-03-25,SZ002648,0.1064997985959053,EXP_XGBModel_Alpha158_csi300_custom_step0_s_20260325_13,70aa04602be44171bbfe8de7fc11e803,,,
2026-03-25,SZ002714,0.012153483927249908,EXP_XGBModel_Alpha158_csi300_custom_step0_s_20260325_13,70aa04602be44171bbfe8de7fc11e803,,,
2026-03-25,SZ002736,-0.008670054376125336,EXP_XGBModel_Alpha158_csi300_custom_step0_s_20260325_13,70aa04602be44171bbfe8de7fc11e803,,,
2026-03-25,SZ002916,0.08877266943454742,EXP_XGBModel_Alpha158_csi300_custom_step0_s_20260325_13,70aa04602be44171bbfe8de7fc11e803,,,
2026-03-25,SZ002920,0.011276990175247192,EXP_XGBModel_Alpha158_csi300_custom_step0_s_20260325_13,70aa04602be44171bbfe8de7fc11e803,,,
2026-03-25,SZ002938,0.039096683263778687,EXP_XGBModel_Alpha158_csi300_custom_step0_s_20260325_13,70aa04602be44171bbfe8de7fc11e803,,,
2026-03-25,SZ003816,0.055781979113817215,EXP_XGBModel_Alpha158_csi300_custom_step0_s_20260325_13,70aa04602be44171bbfe8de7fc11e803,,,
2026-03-25,SZ300014,-0.019197389483451843,EXP_XGBModel_Alpha158_csi300_custom_step0_s_20260325_13,70aa04602be44171bbfe8de7fc11e803,,,
2026-03-25,SZ300015,-0.012831948697566986,EXP_XGBModel_Alpha158_csi300_custom_step0_s_20260325_13,70aa04602be44171bbfe8de7fc11e803,,,
2026-03-25,SZ300033,-0.008779319003224373,EXP_XGBModel_Alpha158_csi300_custom_step0_s_20260325_13,70aa04602be44171bbfe8de7fc11e803,,,
2026-03-25,SZ300059,-0.03159088268876076,EXP_XGBModel_Alpha158_csi300_custom_step0_s_20260325_13,70aa04602be44171bbfe8de7fc11e803,,,
2026-03-25,SZ300122,0.0031166947446763515,EXP_XGBModel_Alpha158_csi300_custom_step0_s_20260325_13,70aa04602be44171bbfe8de7fc11e803,,,
2026-03-25,SZ002709,0.06075794994831085,EXP_XGBModel_Alpha158_csi300_custom_step0_s_20260325_13,70aa04602be44171bbfe8de7fc11e803,,,
2026-03-25,SH688506,0.06318385899066925,EXP_XGBModel_Alpha158_csi300_custom_step0_s_20260325_13,70aa04602be44171bbfe8de7fc11e803,,,
2026-03-25,SH688472,-0.09799206256866455,EXP_XGBModel_Alpha158_csi300_custom_step0_s_20260325_13,70aa04602be44171bbfe8de7fc11e803,,,
2026-03-25,SH688396,0.07843036949634552,EXP_XGBModel_Alpha158_csi300_custom_step0_s_20260325_13,70aa04602be44171bbfe8de7fc11e803,,,
2026-03-25,SH601236,-0.005798628553748131,EXP_XGBModel_Alpha158_csi300_custom_step0_s_20260325_13,70aa04602be44171bbfe8de7fc11e803,,,
2026-03-25,SH601238,-0.030479436740279198,EXP_XGBModel_Alpha158_csi300_custom_step0_s_20260325_13,70aa04602be44171bbfe8de7fc11e803,,,
2026-03-25,SH601288,0.022146468982100487,EXP_XGBModel_Alpha158_csi300_custom_step0_s_20260325_13,70aa04602be44171bbfe8de7fc11e803,,,
2026-03-25,SH601298,0.006873192265629768,EXP_XGBModel_Alpha158_csi300_custom_step0_s_20260325_13,70aa04602be44171bbfe8de7fc11e803,,,
2026-03-25,SH601318,-0.012972715310752392,EXP_XGBModel_Alpha158_csi300_custom_step0_s_20260325_13,70aa04602be44171bbfe8de7fc11e803,,,
2026-03-25,SH601319,-0.024570729583501816,EXP_XGBModel_Alpha158_csi300_custom_step0_s_20260325_13,70aa04602be44171bbfe8de7fc11e803,,,
2026-03-25,SH601328,0.053814828395843506,EXP_XGBModel_Alpha158_csi300_custom_step0_s_20260325_13,70aa04602be44171bbfe8de7fc11e803,,,
2026-03-25,SH601336,0.07540544867515564,EXP_XGBModel_Alpha158_csi300_custom_step0_s_20260325_13,70aa04602be44171bbfe8de7fc11e803,,,
2026-03-25,SH601360,0.00988435186445713,EXP_XGBModel_Alpha158_csi300_custom_step0_s_20260325_13,70aa04602be44171bbfe8de7fc11e803,,,
2026-03-25,SH601377,-0.025784967467188835,EXP_XGBModel_Alpha158_csi300_custom_step0_s_20260325_13,70aa04602be44171bbfe8de7fc11e803,,,
2026-03-25,SH601390,-0.004750231746584177,EXP_XGBModel_Alpha158_csi300_custom_step0_s_20260325_13,70aa04602be44171bbfe8de7fc11e803,,,
2026-03-25,SH601229,0.003262358019128442,EXP_XGBModel_Alpha158_csi300_custom_step0_s_20260325_13,70aa04602be44171bbfe8de7fc11e803,,,
2026-03-25,SH601398,0.022794391959905624,EXP_XGBModel_Alpha158_csi300_custom_step0_s_20260325_13,70aa04602be44171bbfe8de7fc11e803,,,
2026-03-25,SH601600,0.017248211428523064,EXP_XGBModel_Alpha158_csi300_custom_step0_s_20260325_13,70aa04602be44171bbfe8de7fc11e803,,,
2026-03-25,SH601601,0.005060057155787945,EXP_XGBModel_Alpha158_csi300_custom_step0_s_20260325_13,70aa04602be44171bbfe8de7fc11e803,,,
2026-03-25,SH601607,-0.01786019280552864,EXP_XGBModel_Alpha158_csi300_custom_step0_s_20260325_13,70aa04602be44171bbfe8de7fc11e803,,,
2026-03-25,SH601618,0.0035268457140773535,EXP_XGBModel_Alpha158_csi300_custom_step0_s_20260325_13,70aa04602be44171bbfe8de7fc11e803,,,
2026-03-25,SH601628,-0.008868209086358547,EXP_XGBModel_Alpha158_csi300_custom_step0_s_20260325_13,70aa04602be44171bbfe8de7fc11e803,,,
2026-03-25,SH601633,0.021207114681601524,EXP_XGBModel_Alpha158_csi300_custom_step0_s_20260325_13,70aa04602be44171bbfe8de7fc11e803,,,
2026-03-25,SH601658,-0.012680979445576668,EXP_XGBModel_Alpha158_csi300_custom_step0_s_20260325_13,70aa04602be44171bbfe8de7fc11e803,,,
2026-03-25,SH601668,-0.015369970351457596,EXP_XGBModel_Alpha158_csi300_custom_step0_s_20260325_13,70aa04602be44171bbfe8de7fc11e803,,,
2026-03-25,SH601669,0.079988032579422,EXP_XGBModel_Alpha158_csi300_custom_step0_s_20260325_13,70aa04602be44171bbfe8de7fc11e803,,,
2026-03-25,SH601688,-0.0018016123212873936,EXP_XGBModel_Alpha158_csi300_custom_step0_s_20260325_13,70aa04602be44171bbfe8de7fc11e803,,,
2026-03-25,SH601689,0.009824885986745358,EXP_XGBModel_Alpha158_csi300_custom_step0_s_20260325_13,70aa04602be44171bbfe8de7fc11e803,,,
2026-03-25,SH601456,-0.007888135500252247,EXP_XGBModel_Alpha158_csi300_custom_step0_s_20260325_13,70aa04602be44171bbfe8de7fc11e803,,,
2026-03-25,SH601698,0.2357720285654068,EXP_XGBModel_Alpha158_csi300_custom_step0_s_20260325_13,70aa04602be44171bbfe8de7fc11e803,,,
2026-03-25,SH601225,-0.01680845022201538,EXP_XGBModel_Alpha158_csi300_custom_step0_s_20260325_13,70aa04602be44171bbfe8de7fc11e803,,,
2026-03-25,SH601186,-0.003910609986633062,EXP_XGBModel_Alpha158_csi300_custom_step0_s_20260325_13,70aa04602be44171bbfe8de7fc11e803,,,
2026-03-25,SH600930,-0.29421761631965637,EXP_XGBModel_Alpha158_csi300_custom_step0_s_20260325_13,70aa04602be44171bbfe8de7fc11e803,,,
2026-03-25,SH600938,0.03871016204357147,EXP_XGBModel_Alpha158_csi300_custom_step0_s_20260325_13,70aa04602be44171bbfe8de7fc11e803,,,
2026-03-25,SH600941,0.020819606259465218,EXP_XGBModel_Alpha158_csi300_custom_step0_s_20260325_13,70aa04602be44171bbfe8de7fc11e803,,,
2026-03-25,SH600958,-0.022862689569592476,EXP_XGBModel_Alpha158_csi300_custom_step0_s_20260325_13,70aa04602be44171bbfe8de7fc11e803,,,
2026-03-25,SH600989,0.3824411630630493,EXP_XGBModel_Alpha158_csi300_custom_step0_s_20260325_13,70aa04602be44171bbfe8de7fc11e803,,,
2026-03-25,SH600999,-0.022862689569592476,EXP_XGBModel_Alpha158_csi300_custom_step0_s_20260325_13,70aa04602be44171bbfe8de7fc11e803,,,
2026-03-25,SH601006,0.028872335329651833,EXP_XGBModel_Alpha158_csi300_custom_step0_s_20260325_13,70aa04602be44171bbfe8de7fc11e803,,,
2026-03-25,SH601009,0.02882622554898262,EXP_XGBModel_Alpha158_csi300_custom_step0_s_20260325_13,70aa04602be44171bbfe8de7fc11e803,,,
2026-03-25,SH601012,0.003373268526047468,EXP_XGBModel_Alpha158_csi300_custom_step0_s_20260325_13,70aa04602be44171bbfe8de7fc11e803,,,
2026-03-25,SH601018,0.0097217271104455,EXP_XGBModel_Alpha158_csi300_custom_step0_s_20260325_13,70aa04602be44171bbfe8de7fc11e803,,,
2026-03-25,SH601021,0.024008644744753838,EXP_XGBModel_Alpha158_csi300_custom_step0_s_20260325_13,70aa04602be44171bbfe8de7fc11e803,,,
2026-03-25,SH601211,-0.02142653614282608,EXP_XGBModel_Alpha158_csi300_custom_step0_s_20260325_13,70aa04602be44171bbfe8de7fc11e803,,,
2026-03-25,SH601058,-0.08774114400148392,EXP_XGBModel_Alpha158_csi300_custom_step0_s_20260325_13,70aa04602be44171bbfe8de7fc11e803,,,
2026-03-25,SH601066,-0.01717224530875683,EXP_XGBModel_Alpha158_csi300_custom_step0_s_20260325_13,70aa04602be44171bbfe8de7fc11e803,,,
2026-03-25,SH601077,0.020463401451706886,EXP_XGBModel_Alpha158_csi300_custom_step0_s_20260325_13,70aa04602be44171bbfe8de7fc11e803,,,
2026-03-25,SH601088,-0.002742017852142453,EXP_XGBModel_Alpha158_csi300_custom_step0_s_20260325_13,70aa04602be44171bbfe8de7fc11e803,,,
2026-03-25,SH601100,0.02482256293296814,EXP_XGBModel_Alpha158_csi300_custom_step0_s_20260325_13,70aa04602be44171bbfe8de7fc11e803,,,
2026-03-25,SH601111,-0.024318961426615715,EXP_XGBModel_Alpha158_csi300_custom_step0_s_20260325_13,70aa04602be44171bbfe8de7fc11e803,,,
2026-03-25,SH601117,-0.12070555984973907,EXP_XGBModel_Alpha158_csi300_custom_step0_s_20260325_13,70aa04602be44171bbfe8de7fc11e803,,,
2026-03-25,SH601127,-0.08755674958229065,EXP_XGBModel_Alpha158_csi300_custom_step0_s_20260325_13,70aa04602be44171bbfe8de7fc11e803,,,
2026-03-25,SH601136,-0.02007570117712021,EXP_XGBModel_Alpha158_csi300_custom_step0_s_20260325_13,70aa04602be44171bbfe8de7fc11e803,,,
2026-03-25,SH601138,-0.0028645675629377365,EXP_XGBModel_Alpha158_csi300_custom_step0_s_20260325_13,70aa04602be44171bbfe8de7fc11e803,,,
2026-03-25,SH601166,0.02655879780650139,EXP_XGBModel_Alpha158_csi300_custom_step0_s_20260325_13,70aa04602be44171bbfe8de7fc11e803,,,
2026-03-25,SH601169,0.00764631200581789,EXP_XGBModel_Alpha158_csi300_custom_step0_s_20260325_13,70aa04602be44171bbfe8de7fc11e803,,,
2026-03-25,SH601059,-0.011114399880170822,EXP_XGBModel_Alpha158_csi300_custom_step0_s_20260325_13,70aa04602be44171bbfe8de7fc11e803,,,
2026-03-25,SH601728,0.03444343060255051,EXP_XGBModel_Alpha158_csi300_custom_step0_s_20260325_13,70aa04602be44171bbfe8de7fc11e803,,,
2026-03-25,SH601766,0.007232228294014931,EXP_XGBModel_Alpha158_csi300_custom_step0_s_20260325_13,70aa04602be44171bbfe8de7fc11e803,,,
2026-03-25,SH601788,-0.024109290912747383,EXP_XGBModel_Alpha158_csi300_custom_step0_s_20260325_13,70aa04602be44171bbfe8de7fc11e803,,,
2026-03-25,SH603369,0.012982117012143135,EXP_XGBModel_Alpha158_csi300_custom_step0_s_20260325_13,70aa04602be44171bbfe8de7fc11e803,,,
2026-03-25,SH603392,-0.022177109494805336,EXP_XGBModel_Alpha158_csi300_custom_step0_s_20260325_13,70aa04602be44171bbfe8de7fc11e803,,,
2026-03-25,SH603501,-0.06490302830934525,EXP_XGBModel_Alpha158_csi300_custom_step0_s_20260325_13,70aa04602be44171bbfe8de7fc11e803,,,
2026-03-25,SH603799,0.10075156390666962,EXP_XGBModel_Alpha158_csi300_custom_step0_s_20260325_13,70aa04602be44171bbfe8de7fc11e803,,,
2026-03-25,SH603893,-0.02426105923950672,EXP_XGBModel_Alpha158_csi300_custom_step0_s_20260325_13,70aa04602be44171bbfe8de7fc11e803,,,
2026-03-25,SH603986,-0.013190368190407753,EXP_XGBModel_Alpha158_csi300_custom_step0_s_20260325_13,70aa04602be44171bbfe8de7fc11e803,,,
2026-03-25,SH603993,0.05080534890294075,EXP_XGBModel_Alpha158_csi300_custom_step0_s_20260325_13,70aa04602be44171bbfe8de7fc11e803,,,
2026-03-25,SH605117,0.2694183588027954,EXP_XGBModel_Alpha158_csi300_custom_step0_s_20260325_13,70aa04602be44171bbfe8de7fc11e803,,,
2026-03-25,SH605499,0.020782040432095528,EXP_XGBModel_Alpha158_csi300_custom_step0_s_20260325_13,70aa04602be44171bbfe8de7fc11e803,,,
2026-03-25,SH688008,-0.04960852861404419,EXP_XGBModel_Alpha158_csi300_custom_step0_s_20260325_13,70aa04602be44171bbfe8de7fc11e803,,,
2026-03-25,SH688009,-0.03792005032300949,EXP_XGBModel_Alpha158_csi300_custom_step0_s_20260325_13,70aa04602be44171bbfe8de7fc11e803,,,
2026-03-25,SH603296,-0.017156478017568588,EXP_XGBModel_Alpha158_csi300_custom_step0_s_20260325_13,70aa04602be44171bbfe8de7fc11e803,,,
2026-03-25,SH688012,0.15423089265823364,EXP_XGBModel_Alpha158_csi300_custom_step0_s_20260325_13,70aa04602be44171bbfe8de7fc11e803,,,
2026-03-25,SH688041,-0.0014798694755882025,EXP_XGBModel_Alpha158_csi300_custom_step0_s_20260325_13,70aa04602be44171bbfe8de7fc11e803,,,
2026-03-25,SH688047,0.018405208364129066,EXP_XGBModel_Alpha158_csi300_custom_step0_s_20260325_13,70aa04602be44171bbfe8de7fc11e803,,,
2026-03-25,SH688082,0.10906548798084259,EXP_XGBModel_Alpha158_csi300_custom_step0_s_20260325_13,70aa04602be44171bbfe8de7fc11e803,,,
2026-03-25,SH688111,0.17037281394004822,EXP_XGBModel_Alpha158_csi300_custom_step0_s_20260325_13,70aa04602be44171bbfe8de7fc11e803,,,
2026-03-25,SH688126,0.026630938053131104,EXP_XGBModel_Alpha158_csi300_custom_step0_s_20260325_13,70aa04602be44171bbfe8de7fc11e803,,,
2026-03-25,SH688169,0.00259266491048038,EXP_XGBModel_Alpha158_csi300_custom_step0_s_20260325_13,70aa04602be44171bbfe8de7fc11e803,,,
2026-03-25,SH688187,-0.027789967134594917,EXP_XGBModel_Alpha158_csi300_custom_step0_s_20260325_13,70aa04602be44171bbfe8de7fc11e803,,,
2026-03-25,SH688223,-0.005045693833380938,EXP_XGBModel_Alpha158_csi300_custom_step0_s_20260325_13,70aa04602be44171bbfe8de7fc11e803,,,
2026-03-25,SH688256,-0.01363756600767374,EXP_XGBModel_Alpha158_csi300_custom_step0_s_20260325_13,70aa04602be44171bbfe8de7fc11e803,,,
2026-03-25,SH688271,-0.007522936444729567,EXP_XGBModel_Alpha158_csi300_custom_step0_s_20260325_13,70aa04602be44171bbfe8de7fc11e803,,,
2026-03-25,SH688303,-0.025739392265677452,EXP_XGBModel_Alpha158_csi300_custom_step0_s_20260325_13,70aa04602be44171bbfe8de7fc11e803,,,
2026-03-25,SH688036,-0.04130528122186661,EXP_XGBModel_Alpha158_csi300_custom_step0_s_20260325_13,70aa04602be44171bbfe8de7fc11e803,,,
2026-03-25,SH603288,0.03369491174817085,EXP_XGBModel_Alpha158_csi300_custom_step0_s_20260325_13,70aa04602be44171bbfe8de7fc11e803,,,
2026-03-25,SH603260,0.025711528956890106,EXP_XGBModel_Alpha158_csi300_custom_step0_s_20260325_13,70aa04602be44171bbfe8de7fc11e803,,,
2026-03-25,SH603259,-0.027013391256332397,EXP_XGBModel_Alpha158_csi300_custom_step0_s_20260325_13,70aa04602be44171bbfe8de7fc11e803,,,
2026-03-25,SH601800,-0.021909670904278755,EXP_XGBModel_Alpha158_csi300_custom_step0_s_20260325_13,70aa04602be44171bbfe8de7fc11e803,,,
2026-03-25,SH601808,-0.010918665677309036,EXP_XGBModel_Alpha158_csi300_custom_step0_s_20260325_13,70aa04602be44171bbfe8de7fc11e803,,,
2026-03-25,SH601816,0.03528669849038124,EXP_XGBModel_Alpha158_csi300_custom_step0_s_20260325_13,70aa04602be44171bbfe8de7fc11e803,,,
2026-03-25,SH601818,0.013641604222357273,EXP_XGBModel_Alpha158_csi300_custom_step0_s_20260325_13,70aa04602be44171bbfe8de7fc11e803,,,
2026-03-25,SH601825,0.020626729354262352,EXP_XGBModel_Alpha158_csi300_custom_step0_s_20260325_13,70aa04602be44171bbfe8de7fc11e803,,,
2026-03-25,SH601838,0.04093673825263977,EXP_XGBModel_Alpha158_csi300_custom_step0_s_20260325_13,70aa04602be44171bbfe8de7fc11e803,,,
2026-03-25,SH601857,-0.0830790176987648,EXP_XGBModel_Alpha158_csi300_custom_step0_s_20260325_13,70aa04602be44171bbfe8de7fc11e803,,,
2026-03-25,SH601868,0.13149477541446686,EXP_XGBModel_Alpha158_csi300_custom_step0_s_20260325_13,70aa04602be44171bbfe8de7fc11e803,,,
2026-03-25,SH601872,0.256864458322525,EXP_XGBModel_Alpha158_csi300_custom_step0_s_20260325_13,70aa04602be44171bbfe8de7fc11e803,,,
2026-03-25,SH601877,-0.020358074456453323,EXP_XGBModel_Alpha158_csi300_custom_step0_s_20260325_13,70aa04602be44171bbfe8de7fc11e803,,,
2026-03-25,SH601878,-0.02142653614282608,EXP_XGBModel_Alpha158_csi300_custom_step0_s_20260325_13,70aa04602be44171bbfe8de7fc11e803,,,
2026-03-25,SH601881,-0.02388986572623253,EXP_XGBModel_Alpha158_csi300_custom_step0_s_20260325_13,70aa04602be44171bbfe8de7fc11e803,,,
2026-03-25,SH601888,0.15444278717041016,EXP_XGBModel_Alpha158_csi300_custom_step0_s_20260325_13,70aa04602be44171bbfe8de7fc11e803,,,
2026-03-25,SH601898,0.31922370195388794,EXP_XGBModel_Alpha158_csi300_custom_step0_s_20260325_13,70aa04602be44171bbfe8de7fc11e803,,,
2026-03-25,SH601899,-0.2718055248260498,EXP_XGBModel_Alpha158_csi300_custom_step0_s_20260325_13,70aa04602be44171bbfe8de7fc11e803,,,
2026-03-25,SH601901,-0.02500614896416664,EXP_XGBModel_Alpha158_csi300_custom_step0_s_20260325_13,70aa04602be44171bbfe8de7fc11e803,,,
2026-03-25,SH601916,0.02548063173890114,EXP_XGBModel_Alpha158_csi300_custom_step0_s_20260325_13,70aa04602be44171bbfe8de7fc11e803,,,
2026-03-25,SH601919,-0.05333405360579491,EXP_XGBModel_Alpha158_csi300_custom_step0_s_20260325_13,70aa04602be44171bbfe8de7fc11e803,,,
2026-03-25,SH601939,0.07176452875137329,EXP_XGBModel_Alpha158_csi300_custom_step0_s_20260325_13,70aa04602be44171bbfe8de7fc11e803,,,
2026-03-25,SH601985,0.026163015514612198,EXP_XGBModel_Alpha158_csi300_custom_step0_s_20260325_13,70aa04602be44171bbfe8de7fc11e803,,,
2026-03-25,SH601988,0.026550155133008957,EXP_XGBModel_Alpha158_csi300_custom_step0_s_20260325_13,70aa04602be44171bbfe8de7fc11e803,,,
2026-03-25,SH601995,-0.01904035173356533,EXP_XGBModel_Alpha158_csi300_custom_step0_s_20260325_13,70aa04602be44171bbfe8de7fc11e803,,,
2026-03-25,SH601998,-0.046146560460329056,EXP_XGBModel_Alpha158_csi300_custom_step0_s_20260325_13,70aa04602be44171bbfe8de7fc11e803,,,
2026-03-25,SH603019,-0.014854536391794682,EXP_XGBModel_Alpha158_csi300_custom_step0_s_20260325_13,70aa04602be44171bbfe8de7fc11e803,,,
2026-03-25,SH603195,-0.02036505751311779,EXP_XGBModel_Alpha158_csi300_custom_step0_s_20260325_13,70aa04602be44171bbfe8de7fc11e803,,,
2026-03-25,SH600919,0.02229946479201317,EXP_XGBModel_Alpha158_csi300_custom_step0_s_20260325_13,70aa04602be44171bbfe8de7fc11e803,,,
2026-03-25,SH601919,-0.04274059533086645,EXP_DEnsembleModel_Alpha158_csi300_custom_step0_s_20260325_13,c11cead02a664671a2efc99d6a1b3467,,,
2026-03-25,SH601916,0.06128803620235418,EXP_DEnsembleModel_Alpha158_csi300_custom_step0_s_20260325_13,c11cead02a664671a2efc99d6a1b3467,,,
2026-03-25,SH601901,-0.014169658863739745,EXP_DEnsembleModel_Alpha158_csi300_custom_step0_s_20260325_13,c11cead02a664671a2efc99d6a1b3467,,,
2026-03-25,SH601877,-0.0020215117880374484,EXP_LGBModel_Alpha158_csi300_custom_step0_s_20260325_16,872ee995408d4f2fb88aae6899c29d2a,,,
2026-03-25,SH601878,-9.126797052456426e-10,EXP_LGBModel_Alpha158_csi300_custom_step0_s_20260325_16,872ee995408d4f2fb88aae6899c29d2a,,,
2026-03-25,SH601881,-0.002518896850409842,EXP_LGBModel_Alpha158_csi300_custom_step0_s_20260325_16,872ee995408d4f2fb88aae6899c29d2a,,,
2026-03-25,SH601888,-9.126797052456426e-10,EXP_LGBModel_Alpha158_csi300_custom_step0_s_20260325_16,872ee995408d4f2fb88aae6899c29d2a,,,
2026-03-25,SH601898,0.01216874254243001,EXP_LGBModel_Alpha158_csi300_custom_step0_s_20260325_16,872ee995408d4f2fb88aae6899c29d2a,,,
2026-03-25,SH601899,-9.126797052456426e-10,EXP_LGBModel_Alpha158_csi300_custom_step0_s_20260325_16,872ee995408d4f2fb88aae6899c29d2a,,,
2026-03-25,SH601901,-9.126797052456426e-10,EXP_LGBModel_Alpha158_csi300_custom_step0_s_20260325_16,872ee995408d4f2fb88aae6899c29d2a,,,
2026-03-25,SH601916,-0.0018955823526280874,EXP_LGBModel_Alpha158_csi300_custom_step0_s_20260325_16,872ee995408d4f2fb88aae6899c29d2a,,,
2026-03-25,SH601919,-0.0050326944114899115,EXP_LGBModel_Alpha158_csi300_custom_step0_s_20260325_16,872ee995408d4f2fb88aae6899c29d2a,,,
2026-03-25,SH601939,-9.126797052456426e-10,EXP_LGBModel_Alpha158_csi300_custom_step0_s_20260325_16,872ee995408d4f2fb88aae6899c29d2a,,,
2026-03-25,SH601985,-0.0025137984737597747,EXP_LGBModel_Alpha158_csi300_custom_step0_s_20260325_16,872ee995408d4f2fb88aae6899c29d2a,,,
2026-03-25,SH601872,0.0050628798288769,EXP_LGBModel_Alpha158_csi300_custom_step0_s_20260325_16,872ee995408d4f2fb88aae6899c29d2a,,,
2026-03-25,SH601988,0.0006182152084519821,EXP_LGBModel_Alpha158_csi300_custom_step0_s_20260325_16,872ee995408d4f2fb88aae6899c29d2a,,,
2026-03-25,SH601998,0.0003117801187872587,EXP_LGBModel_Alpha158_csi300_custom_step0_s_20260325_16,872ee995408d4f2fb88aae6899c29d2a,,,
2026-03-25,SH603019,-0.0050326944114899115,EXP_LGBModel_Alpha158_csi300_custom_step0_s_20260325_16,872ee995408d4f2fb88aae6899c29d2a,,,
2026-03-25,SH603195,-0.0050326944114899115,EXP_LGBModel_Alpha158_csi300_custom_step0_s_20260325_16,872ee995408d4f2fb88aae6899c29d2a,,,
2026-03-25,SH603259,-0.0025137984737597747,EXP_LGBModel_Alpha158_csi300_custom_step0_s_20260325_16,872ee995408d4f2fb88aae6899c29d2a,,,
2026-03-25,SH603260,-0.002518896850409842,EXP_LGBModel_Alpha158_csi300_custom_step0_s_20260325_16,872ee995408d4f2fb88aae6899c29d2a,,,
2026-03-25,SH603288,-0.0050326944114899115,EXP_LGBModel_Alpha158_csi300_custom_step0_s_20260325_16,872ee995408d4f2fb88aae6899c29d2a,,,
2026-03-25,SH603296,-0.0025137984737597747,EXP_LGBModel_Alpha158_csi300_custom_step0_s_20260325_16,872ee995408d4f2fb88aae6899c29d2a,,,
2026-03-25,SH603369,-0.002518896850409842,EXP_LGBModel_Alpha158_csi300_custom_step0_s_20260325_16,872ee995408d4f2fb88aae6899c29d2a,,,
2026-03-25,SH603392,-9.126797052456426e-10,EXP_LGBModel_Alpha158_csi300_custom_step0_s_20260325_16,872ee995408d4f2fb88aae6899c29d2a,,,
2026-03-25,SH603501,-0.0050326944114899115,EXP_LGBModel_Alpha158_csi300_custom_step0_s_20260325_16,872ee995408d4f2fb88aae6899c29d2a,,,
2026-03-25,SH603799,0.007105861800873406,EXP_LGBModel_Alpha158_csi300_custom_step0_s_20260325_16,872ee995408d4f2fb88aae6899c29d2a,,,
2026-03-25,SH601995,-0.0050326944114899115,EXP_LGBModel_Alpha158_csi300_custom_step0_s_20260325_16,872ee995408d4f2fb88aae6899c29d2a,,,
2026-03-25,SH603893,-0.0050326944114899115,EXP_LGBModel_Alpha158_csi300_custom_step0_s_20260325_16,872ee995408d4f2fb88aae6899c29d2a,,,
2026-03-25,SH601868,0.00461755781535508,EXP_LGBModel_Alpha158_csi300_custom_step0_s_20260325_16,872ee995408d4f2fb88aae6899c29d2a,,,
2026-03-25,SH601838,0.002457078338341292,EXP_LGBModel_Alpha158_csi300_custom_step0_s_20260325_16,872ee995408d4f2fb88aae6899c29d2a,,,
2026-03-25,SH601377,-0.002518896850409842,EXP_LGBModel_Alpha158_csi300_custom_step0_s_20260325_16,872ee995408d4f2fb88aae6899c29d2a,,,
2026-03-25,SH601390,-0.0050326944114899115,EXP_LGBModel_Alpha158_csi300_custom_step0_s_20260325_16,872ee995408d4f2fb88aae6899c29d2a,,,
2026-03-25,SH601398,-9.126797052456426e-10,EXP_LGBModel_Alpha158_csi300_custom_step0_s_20260325_16,872ee995408d4f2fb88aae6899c29d2a,,,
2026-03-25,SH601456,-0.002518896850409842,EXP_LGBModel_Alpha158_csi300_custom_step0_s_20260325_16,872ee995408d4f2fb88aae6899c29d2a,,,
2026-03-25,SH601600,-9.126797052456426e-10,EXP_LGBModel_Alpha158_csi300_custom_step0_s_20260325_16,872ee995408d4f2fb88aae6899c29d2a,,,
2026-03-25,SH601601,-0.0050326944114899115,EXP_LGBModel_Alpha158_csi300_custom_step0_s_20260325_16,872ee995408d4f2fb88aae6899c29d2a,,,
2026-03-25,SH601607,-0.0025137984737597747,EXP_LGBModel_Alpha158_csi300_custom_step0_s_20260325_16,872ee995408d4f2fb88aae6899c29d2a,,,
2026-03-25,SH601618,-0.002518896850409842,EXP_LGBModel_Alpha158_csi300_custom_step0_s_20260325_16,872ee995408d4f2fb88aae6899c29d2a,,,
2026-03-25,SH601628,-9.126797052456426e-10,EXP_LGBModel_Alpha158_csi300_custom_step0_s_20260325_16,872ee995408d4f2fb88aae6899c29d2a,,,
2026-03-25,SH601633,0.005581394447429239,EXP_LGBModel_Alpha158_csi300_custom_step0_s_20260325_16,872ee995408d4f2fb88aae6899c29d2a,,,
2026-03-25,SH601658,-0.0025137984737597747,EXP_LGBModel_Alpha158_csi300_custom_step0_s_20260325_16,872ee995408d4f2fb88aae6899c29d2a,,,
2026-03-25,SH601857,-0.0025137984737597747,EXP_LGBModel_Alpha158_csi300_custom_step0_s_20260325_16,872ee995408d4f2fb88aae6899c29d2a,,,
2026-03-25,SH601668,-0.002518896850409842,EXP_LGBModel_Alpha158_csi300_custom_step0_s_20260325_16,872ee995408d4f2fb88aae6899c29d2a,,,
2026-03-25,SH601688,-0.002518896850409842,EXP_LGBModel_Alpha158_csi300_custom_step0_s_20260325_16,872ee995408d4f2fb88aae6899c29d2a,,,
2026-03-25,SH601689,0.0050628798288769,EXP_LGBModel_Alpha158_csi300_custom_step0_s_20260325_16,872ee995408d4f2fb88aae6899c29d2a,,,
2026-03-25,SH601698,-0.002518896850409842,EXP_LGBModel_Alpha158_csi300_custom_step0_s_20260325_16,872ee995408d4f2fb88aae6899c29d2a,,,
2026-03-25,SH601728,-0.0050326944114899115,EXP_LGBModel_Alpha158_csi300_custom_step0_s_20260325_16,872ee995408d4f2fb88aae6899c29d2a,,,
2026-03-25,SH601766,-9.126797052456426e-10,EXP_LGBModel_Alpha158_csi300_custom_step0_s_20260325_16,872ee995408d4f2fb88aae6899c29d2a,,,
2026-03-25,SH601788,-0.002518896850409842,EXP_LGBModel_Alpha158_csi300_custom_step0_s_20260325_16,872ee995408d4f2fb88aae6899c29d2a,,,
2026-03-25,SH601800,-0.002518896850409842,EXP_LGBModel_Alpha158_csi300_custom_step0_s_20260325_16,872ee995408d4f2fb88aae6899c29d2a,,,
2026-03-25,SH601808,-9.126797052456426e-10,EXP_LGBModel_Alpha158_csi300_custom_step0_s_20260325_16,872ee995408d4f2fb88aae6899c29d2a,,,
2026-03-25,SH601816,-0.0025137984737597747,EXP_LGBModel_Alpha158_csi300_custom_step0_s_20260325_16,872ee995408d4f2fb88aae6899c29d2a,,,
2026-03-25,SH601818,0.0031243151964082416,EXP_LGBModel_Alpha158_csi300_custom_step0_s_20260325_16,872ee995408d4f2fb88aae6899c29d2a,,,
2026-03-25,SH601825,0.005581394447429239,EXP_LGBModel_Alpha158_csi300_custom_step0_s_20260325_16,872ee995408d4f2fb88aae6899c29d2a,,,
2026-03-25,SH601669,-0.0050326944114899115,EXP_LGBModel_Alpha158_csi300_custom_step0_s_20260325_16,872ee995408d4f2fb88aae6899c29d2a,,,
2026-03-25,SH601360,-0.0050326944114899115,EXP_LGBModel_Alpha158_csi300_custom_step0_s_20260325_16,872ee995408d4f2fb88aae6899c29d2a,,,
2026-03-25,SH603986,-9.126797052456426e-10,EXP_LGBModel_Alpha158_csi300_custom_step0_s_20260325_16,872ee995408d4f2fb88aae6899c29d2a,,,
2026-03-25,SH605117,0.0050628798288769,EXP_LGBModel_Alpha158_csi300_custom_step0_s_20260325_16,872ee995408d4f2fb88aae6899c29d2a,,,
2026-03-25,SZ000338,-0.002518896850409842,EXP_LGBModel_Alpha158_csi300_custom_step0_s_20260325_16,872ee995408d4f2fb88aae6899c29d2a,,,
2026-03-25,SZ000408,-0.0025137984737597747,EXP_LGBModel_Alpha158_csi300_custom_step0_s_20260325_16,872ee995408d4f2fb88aae6899c29d2a,,,
2026-03-25,SZ000425,-0.0025137984737597747,EXP_LGBModel_Alpha158_csi300_custom_step0_s_20260325_16,872ee995408d4f2fb88aae6899c29d2a,,,
2026-03-25,SZ000538,-9.126797052456426e-10,EXP_LGBModel_Alpha158_csi300_custom_step0_s_20260325_16,872ee995408d4f2fb88aae6899c29d2a,,,
2026-03-25,SZ000568,-0.002518896850409842,EXP_LGBModel_Alpha158_csi300_custom_step0_s_20260325_16,872ee995408d4f2fb88aae6899c29d2a,,,
2026-03-25,SZ000596,0.0050628798288769,EXP_LGBModel_Alpha158_csi300_custom_step0_s_20260325_16,872ee995408d4f2fb88aae6899c29d2a,,,
2026-03-25,SZ000617,-0.0025137984737597747,EXP_LGBModel_Alpha158_csi300_custom_step0_s_20260325_16,872ee995408d4f2fb88aae6899c29d2a,,,
2026-03-25,SZ000625,-0.0025137984737597747,EXP_LGBModel_Alpha158_csi300_custom_step0_s_20260325_16,872ee995408d4f2fb88aae6899c29d2a,,,
2026-03-25,SZ000630,0.007105861800873406,EXP_LGBModel_Alpha158_csi300_custom_step0_s_20260325_16,872ee995408d4f2fb88aae6899c29d2a,,,
2026-03-25,SZ000651,-6.181759938884458e-05,EXP_LGBModel_Alpha158_csi300_custom_step0_s_20260325_16,872ee995408d4f2fb88aae6899c29d2a,,,
2026-03-25,SZ000661,-0.0050326944114899115,EXP_LGBModel_Alpha158_csi300_custom_step0_s_20260325_16,872ee995408d4f2fb88aae6899c29d2a,,,
2026-03-25,SZ000333,0.0016423619479215513,EXP_LGBModel_Alpha158_csi300_custom_step0_s_20260325_16,872ee995408d4f2fb88aae6899c29d2a,,,
2026-03-25,SZ000708,-0.0008765339898085854,EXP_LGBModel_Alpha158_csi300_custom_step0_s_20260325_16,872ee995408d4f2fb88aae6899c29d2a,,,
2026-03-25,SZ000768,-9.126797052456426e-10,EXP_LGBModel_Alpha158_csi300_custom_step0_s_20260325_16,872ee995408d4f2fb88aae6899c29d2a,,,
2026-03-25,SZ000776,-0.002518896850409842,EXP_LGBModel_Alpha158_csi300_custom_step0_s_20260325_16,872ee995408d4f2fb88aae6899c29d2a,,,
2026-03-25,SZ000786,-0.0050326944114899115,EXP_LGBModel_Alpha158_csi300_custom_step0_s_20260325_16,872ee995408d4f2fb88aae6899c29d2a,,,
2026-03-25,SZ000792,-0.0050326944114899115,EXP_LGBModel_Alpha158_csi300_custom_step0_s_20260325_16,872ee995408d4f2fb88aae6899c29d2a,,,
2026-03-25,SZ000807,-0.002518896850409842,EXP_LGBModel_Alpha158_csi300_custom_step0_s_20260325_16,872ee995408d4f2fb88aae6899c29d2a,,,
2026-03-25,SZ000858,0.0031243151964082416,EXP_LGBModel_Alpha158_csi300_custom_step0_s_20260325_16,872ee995408d4f2fb88aae6899c29d2a,,,
2026-03-25,SZ000876,-0.0050326944114899115,EXP_LGBModel_Alpha158_csi300_custom_step0_s_20260325_16,872ee995408d4f2fb88aae6899c29d2a,,,
2026-03-25,SZ000895,-0.0050326944114899115,EXP_LGBModel_Alpha158_csi300_custom_step0_s_20260325_16,872ee995408d4f2fb88aae6899c29d2a,,,
2026-03-25,SZ000938,-0.0025137984737597747,EXP_LGBModel_Alpha158_csi300_custom_step0_s_20260325_16,872ee995408d4f2fb88aae6899c29d2a,,,
2026-03-25,SZ000963,-0.0050326944114899115,EXP_LGBModel_Alpha158_csi300_custom_step0_s_20260325_16,872ee995408d4f2fb88aae6899c29d2a,,,
2026-03-25,SZ000975,-0.002518896850409842,EXP_LGBModel_Alpha158_csi300_custom_step0_s_20260325_16,872ee995408d4f2fb88aae6899c29d2a,,,
2026-03-25,SZ000725,-0.0050326944114899115,EXP_LGBModel_Alpha158_csi300_custom_step0_s_20260325_16,872ee995408d4f2fb88aae6899c29d2a,,,
2026-03-25,SH603993,0.007105861800873406,EXP_LGBModel_Alpha158_csi300_custom_step0_s_20260325_16,872ee995408d4f2fb88aae6899c29d2a,,,
2026-03-25,SZ000301,0.007105861800873406,EXP_LGBModel_Alpha158_csi300_custom_step0_s_20260325_16,872ee995408d4f2fb88aae6899c29d2a,,,
2026-03-25,SZ000157,-0.0050326944114899115,EXP_LGBModel_Alpha158_csi300_custom_step0_s_20260325_16,872ee995408d4f2fb88aae6899c29d2a,,,
2026-03-25,SH605499,-9.126797052456426e-10,EXP_LGBModel_Alpha158_csi300_custom_step0_s_20260325_16,872ee995408d4f2fb88aae6899c29d2a,,,
2026-03-25,SH688008,0.0050628798288769,EXP_LGBModel_Alpha158_csi300_custom_step0_s_20260325_16,872ee995408d4f2fb88aae6899c29d2a,,,
2026-03-25,SH688009,-0.0050326944114899115,EXP_LGBModel_Alpha158_csi300_custom_step0_s_20260325_16,872ee995408d4f2fb88aae6899c29d2a,,,
2026-03-25,SH688012,-0.0050326944114899115,EXP_LGBModel_Alpha158_csi300_custom_step0_s_20260325_16,872ee995408d4f2fb88aae6899c29d2a,,,
2026-03-25,SH688036,-0.0050326944114899115,EXP_LGBModel_Alpha158_csi300_custom_step0_s_20260325_16,872ee995408d4f2fb88aae6899c29d2a,,,
2026-03-25,SH688041,-0.002518896850409842,EXP_LGBModel_Alpha158_csi300_custom_step0_s_20260325_16,872ee995408d4f2fb88aae6899c29d2a,,,
2026-03-25,SH688047,-0.002518896850409842,EXP_LGBModel_Alpha158_csi300_custom_step0_s_20260325_16,872ee995408d4f2fb88aae6899c29d2a,,,
2026-03-25,SH688082,0.0050628798288769,EXP_LGBModel_Alpha158_csi300_custom_step0_s_20260325_16,872ee995408d4f2fb88aae6899c29d2a,,,
2026-03-25,SH688111,-9.126797052456426e-10,EXP_LGBModel_Alpha158_csi300_custom_step0_s_20260325_16,872ee995408d4f2fb88aae6899c29d2a,,,
2026-03-25,SH688126,-0.002518896850409842,EXP_LGBModel_Alpha158_csi300_custom_step0_s_20260325_16,872ee995408d4f2fb88aae6899c29d2a,,,
2026-03-25,SH688169,0.006705242689478156,EXP_LGBModel_Alpha158_csi300_custom_step0_s_20260325_16,872ee995408d4f2fb88aae6899c29d2a,,,
2026-03-25,SZ000166,-0.0050326944114899115,EXP_LGBModel_Alpha158_csi300_custom_step0_s_20260325_16,872ee995408d4f2fb88aae6899c29d2a,,,
2026-03-25,SH688187,-0.002824527026813696,EXP_LGBModel_Alpha158_csi300_custom_step0_s_20260325_16,872ee995408d4f2fb88aae6899c29d2a,,,
2026-03-25,SH688256,-0.002518896850409842,EXP_LGBModel_Alpha158_csi300_custom_step0_s_20260325_16,872ee995408d4f2fb88aae6899c29d2a,,,
2026-03-25,SH688271,-0.0008765339898085854,EXP_LGBModel_Alpha158_csi300_custom_step0_s_20260325_16,872ee995408d4f2fb88aae6899c29d2a,,,
2026-03-25,SH688303,-0.004540407725767585,EXP_LGBModel_Alpha158_csi300_custom_step0_s_20260325_16,872ee995408d4f2fb88aae6899c29d2a,,,
2026-03-25,SH688396,-9.126797052456426e-10,EXP_LGBModel_Alpha158_csi300_custom_step0_s_20260325_16,872ee995408d4f2fb88aae6899c29d2a,,,
2026-03-25,SH688472,-0.0050326944114899115,EXP_LGBModel_Alpha158_csi300_custom_step0_s_20260325_16,872ee995408d4f2fb88aae6899c29d2a,,,
2026-03-25,SH688506,-0.0025137984737597747,EXP_LGBModel_Alpha158_csi300_custom_step0_s_20260325_16,872ee995408d4f2fb88aae6899c29d2a,,,
2026-03-25,SH688981,-9.126797052456426e-10,EXP_LGBModel_Alpha158_csi300_custom_step0_s_20260325_16,872ee995408d4f2fb88aae6899c29d2a,,,
2026-03-25,SZ000001,0.0006105176353281721,EXP_LGBModel_Alpha158_csi300_custom_step0_s_20260325_16,872ee995408d4f2fb88aae6899c29d2a,,,
2026-03-25,SZ000002,-0.002518896850409842,EXP_LGBModel_Alpha158_csi300_custom_step0_s_20260325_16,872ee995408d4f2fb88aae6899c29d2a,,,
2026-03-25,SZ000063,-0.0050326944114899115,EXP_LGBModel_Alpha158_csi300_custom_step0_s_20260325_16,872ee995408d4f2fb88aae6899c29d2a,,,
2026-03-25,SZ000100,-0.0050326944114899115,EXP_LGBModel_Alpha158_csi300_custom_step0_s_20260325_16,872ee995408d4f2fb88aae6899c29d2a,,,
2026-03-25,SH688223,-0.002518896850409842,EXP_LGBModel_Alpha158_csi300_custom_step0_s_20260325_16,872ee995408d4f2fb88aae6899c29d2a,,,
2026-03-25,SH601336,-0.002518896850409842,EXP_LGBModel_Alpha158_csi300_custom_step0_s_20260325_16,872ee995408d4f2fb88aae6899c29d2a,,,
2026-03-25,SH601328,0.005581394447429239,EXP_LGBModel_Alpha158_csi300_custom_step0_s_20260325_16,872ee995408d4f2fb88aae6899c29d2a,,,
2026-03-25,SH601319,-9.126797052456426e-10,EXP_LGBModel_Alpha158_csi300_custom_step0_s_20260325_16,872ee995408d4f2fb88aae6899c29d2a,,,
2026-03-25,SH600161,-0.0050326944114899115,EXP_LGBModel_Alpha158_csi300_custom_step0_s_20260325_16,872ee995408d4f2fb88aae6899c29d2a,,,
2026-03-25,SH600176,-0.0025137984737597747,EXP_LGBModel_Alpha158_csi300_custom_step0_s_20260325_16,872ee995408d4f2fb88aae6899c29d2a,,,
2026-03-25,SH600183,-0.002518896850409842,EXP_LGBModel_Alpha158_csi300_custom_step0_s_20260325_16,872ee995408d4f2fb88aae6899c29d2a,,,
2026-03-25,SH600188,0.01216874254243001,EXP_LGBModel_Alpha158_csi300_custom_step0_s_20260325_16,872ee995408d4f2fb88aae6899c29d2a,,,
2026-03-25,SH600196,-0.0025137984737597747,EXP_LGBModel_Alpha158_csi300_custom_step0_s_20260325_16,872ee995408d4f2fb88aae6899c29d2a,,,
2026-03-25,SH600219,-9.126797052456426e-10,EXP_LGBModel_Alpha158_csi300_custom_step0_s_20260325_16,872ee995408d4f2fb88aae6899c29d2a,,,
2026-03-25,SH600233,-0.0025137984737597747,EXP_LGBModel_Alpha158_csi300_custom_step0_s_20260325_16,872ee995408d4f2fb88aae6899c29d2a,,,
2026-03-25,SH600276,-9.126797052456426e-10,EXP_LGBModel_Alpha158_csi300_custom_step0_s_20260325_16,872ee995408d4f2fb88aae6899c29d2a,,,
2026-03-25,SH600309,-0.0050326944114899115,EXP_LGBModel_Alpha158_csi300_custom_step0_s_20260325_16,872ee995408d4f2fb88aae6899c29d2a,,,
2026-03-25,SH600346,0.0050628798288769,EXP_LGBModel_Alpha158_csi300_custom_step0_s_20260325_16,872ee995408d4f2fb88aae6899c29d2a,,,
2026-03-25,SH600362,0.007105861800873406,EXP_LGBModel_Alpha158_csi300_custom_step0_s_20260325_16,872ee995408d4f2fb88aae6899c29d2a,,,
2026-03-25,SH600160,-0.002518896850409842,EXP_LGBModel_Alpha158_csi300_custom_step0_s_20260325_16,872ee995408d4f2fb88aae6899c29d2a,,,
2026-03-25,SH600372,-9.126797052456426e-10,EXP_LGBModel_Alpha158_csi300_custom_step0_s_20260325_16,872ee995408d4f2fb88aae6899c29d2a,,,
2026-03-25,SH600406,-0.004540407725767585,EXP_LGBModel_Alpha158_csi300_custom_step0_s_20260325_16,872ee995408d4f2fb88aae6899c29d2a,,,
2026-03-25,SH600415,-0.002518896850409842,EXP_LGBModel_Alpha158_csi300_custom_step0_s_20260325_16,872ee995408d4f2fb88aae6899c29d2a,,,
2026-03-25,SH600426,-0.002518896850409842,EXP_LGBModel_Alpha158_csi300_custom_step0_s_20260325_16,872ee995408d4f2fb88aae6899c29d2a,,,
2026-03-25,SH600436,-0.002518896850409842,EXP_LGBModel_Alpha158_csi300_custom_step0_s_20260325_16,872ee995408d4f2fb88aae6899c29d2a,,,
2026-03-25,SH600438,-0.0050326944114899115,EXP_LGBModel_Alpha158_csi300_custom_step0_s_20260325_16,872ee995408d4f2fb88aae6899c29d2a,,,
2026-03-25,SH600460,-0.0050326944114899115,EXP_LGBModel_Alpha158_csi300_custom_step0_s_20260325_16,872ee995408d4f2fb88aae6899c29d2a,,,
2026-03-25,SH600482,-9.126797052456426e-10,EXP_LGBModel_Alpha158_csi300_custom_step0_s_20260325_16,872ee995408d4f2fb88aae6899c29d2a,,,
2026-03-25,SH600489,0.007105861800873406,EXP_LGBModel_Alpha158_csi300_custom_step0_s_20260325_16,872ee995408d4f2fb88aae6899c29d2a,,,
2026-03-25,SH600515,-9.126797052456426e-10,EXP_LGBModel_Alpha158_csi300_custom_step0_s_20260325_16,872ee995408d4f2fb88aae6899c29d2a,,,
2026-03-25,SH600519,0.0003117801187872587,EXP_LGBModel_Alpha158_csi300_custom_step0_s_20260325_16,872ee995408d4f2fb88aae6899c29d2a,,,
2026-03-25,SH600522,-0.0025137984737597747,EXP_LGBModel_Alpha158_csi300_custom_step0_s_20260325_16,872ee995408d4f2fb88aae6899c29d2a,,,
2026-03-25,SH600377,-0.0018955823526280874,EXP_LGBModel_Alpha158_csi300_custom_step0_s_20260325_16,872ee995408d4f2fb88aae6899c29d2a,,,
2026-03-25,SH600547,-9.126797052456426e-10,EXP_LGBModel_Alpha158_csi300_custom_step0_s_20260325_16,872ee995408d4f2fb88aae6899c29d2a,,,
2026-03-25,SH600150,-0.002518896850409842,EXP_LGBModel_Alpha158_csi300_custom_step0_s_20260325_16,872ee995408d4f2fb88aae6899c29d2a,,,
2026-03-25,SH600111,-9.126797052456426e-10,EXP_LGBModel_Alpha158_csi300_custom_step0_s_20260325_16,872ee995408d4f2fb88aae6899c29d2a,,,
2026-03-25,SH600009,-9.126797052456426e-10,EXP_LGBModel_Alpha158_csi300_custom_step0_s_20260325_16,872ee995408d4f2fb88aae6899c29d2a,,,
2026-03-25,SH600010,0.007105861800873406,EXP_LGBModel_Alpha158_csi300_custom_step0_s_20260325_16,872ee995408d4f2fb88aae6899c29d2a,,,
2026-03-25,SH600011,-0.002518896850409842,EXP_LGBModel_Alpha158_csi300_custom_step0_s_20260325_16,872ee995408d4f2fb88aae6899c29d2a,,,
2026-03-25,SH600015,0.002457078338341292,EXP_LGBModel_Alpha158_csi300_custom_step0_s_20260325_16,872ee995408d4f2fb88aae6899c29d2a,,,
2026-03-25,SH600016,-0.002518896850409842,EXP_LGBModel_Alpha158_csi300_custom_step0_s_20260325_16,872ee995408d4f2fb88aae6899c29d2a,,,
2026-03-25,SH600018,0.005581394447429239,EXP_LGBModel_Alpha158_csi300_custom_step0_s_20260325_16,872ee995408d4f2fb88aae6899c29d2a,,,
2026-03-25,SH600019,-0.0050326944114899115,EXP_LGBModel_Alpha158_csi300_custom_step0_s_20260325_16,872ee995408d4f2fb88aae6899c29d2a,,,
2026-03-25,SH600023,-0.0025137984737597747,EXP_LGBModel_Alpha158_csi300_custom_step0_s_20260325_16,872ee995408d4f2fb88aae6899c29d2a,,,
2026-03-25,SH600025,0.0006182152084519821,EXP_LGBModel_Alpha158_csi300_custom_step0_s_20260325_16,872ee995408d4f2fb88aae6899c29d2a,,,
2026-03-25,SH600026,0.0050628798288769,EXP_LGBModel_Alpha158_csi300_custom_step0_s_20260325_16,872ee995408d4f2fb88aae6899c29d2a,,,
2026-03-25,SH600027,-0.0025137984737597747,EXP_LGBModel_Alpha158_csi300_custom_step0_s_20260325_16,872ee995408d4f2fb88aae6899c29d2a,,,
2026-03-25,SH600115,0.0050628798288769,EXP_LGBModel_Alpha158_csi300_custom_step0_s_20260325_16,872ee995408d4f2fb88aae6899c29d2a,,,
2026-03-25,SH600028,-0.002518896850409842,EXP_LGBModel_Alpha158_csi300_custom_step0_s_20260325_16,872ee995408d4f2fb88aae6899c29d2a,,,
2026-03-25,SH600030,-9.126797052456426e-10,EXP_LGBModel_Alpha158_csi300_custom_step0_s_20260325_16,872ee995408d4f2fb88aae6899c29d2a,,,
2026-03-25,SH600031,0.0050628798288769,EXP_LGBModel_Alpha158_csi300_custom_step0_s_20260325_16,872ee995408d4f2fb88aae6899c29d2a,,,
2026-03-25,SH600036,0.005581394447429239,EXP_LGBModel_Alpha158_csi300_custom_step0_s_20260325_16,872ee995408d4f2fb88aae6899c29d2a,,,
2026-03-25,SH600039,-0.0050326944114899115,EXP_LGBModel_Alpha158_csi300_custom_step0_s_20260325_16,872ee995408d4f2fb88aae6899c29d2a,,,
2026-03-25,SH600048,-0.002518896850409842,EXP_LGBModel_Alpha158_csi300_custom_step0_s_20260325_16,872ee995408d4f2fb88aae6899c29d2a,,,
2026-03-25,SH600050,-0.0025137984737597747,EXP_LGBModel_Alpha158_csi300_custom_step0_s_20260325_16,872ee995408d4f2fb88aae6899c29d2a,,,
2026-03-25,SH600061,-0.0050326944114899115,EXP_LGBModel_Alpha158_csi300_custom_step0_s_20260325_16,872ee995408d4f2fb88aae6899c29d2a,,,
2026-03-25,SH600066,-0.0050326944114899115,EXP_LGBModel_Alpha158_csi300_custom_step0_s_20260325_16,872ee995408d4f2fb88aae6899c29d2a,,,
2026-03-25,SH600085,-0.0025137984737597747,EXP_LGBModel_Alpha158_csi300_custom_step0_s_20260325_16,872ee995408d4f2fb88aae6899c29d2a,,,
2026-03-25,SH600089,-0.004540407725767585,EXP_LGBModel_Alpha158_csi300_custom_step0_s_20260325_16,872ee995408d4f2fb88aae6899c29d2a,,,
2026-03-25,SH600104,-9.126797052456426e-10,EXP_LGBModel_Alpha158_csi300_custom_step0_s_20260325_16,872ee995408d4f2fb88aae6899c29d2a,,,
2026-03-25,SH600029,0.0050628798288769,EXP_LGBModel_Alpha158_csi300_custom_step0_s_20260325_16,872ee995408d4f2fb88aae6899c29d2a,,,
2026-03-25,SH600570,-0.002518896850409842,EXP_LGBModel_Alpha158_csi300_custom_step0_s_20260325_16,872ee995408d4f2fb88aae6899c29d2a,,,
2026-03-25,SH600584,-0.002518896850409842,EXP_LGBModel_Alpha158_csi300_custom_step0_s_20260325_16,872ee995408d4f2fb88aae6899c29d2a,,,
2026-03-25,SH600585,-0.0050326944114899115,EXP_LGBModel_Alpha158_csi300_custom_step0_s_20260325_16,872ee995408d4f2fb88aae6899c29d2a,,,
2026-03-25,SH601018,-0.0050326944114899115,EXP_LGBModel_Alpha158_csi300_custom_step0_s_20260325_16,872ee995408d4f2fb88aae6899c29d2a,,,
2026-03-25,SH601021,0.0050628798288769,EXP_LGBModel_Alpha158_csi300_custom_step0_s_20260325_16,872ee995408d4f2fb88aae6899c29d2a,,,
2026-03-25,SH601058,0.0050628798288769,EXP_LGBModel_Alpha158_csi300_custom_step0_s_20260325_16,872ee995408d4f2fb88aae6899c29d2a,,,
2026-03-25,SH601059,-0.0025137984737597747,EXP_LGBModel_Alpha158_csi300_custom_step0_s_20260325_16,872ee995408d4f2fb88aae6899c29d2a,,,
2026-03-25,SH601066,-0.002518896850409842,EXP_LGBModel_Alpha158_csi300_custom_step0_s_20260325_16,872ee995408d4f2fb88aae6899c29d2a,,,
2026-03-25,SH601077,-9.126797052456426e-10,EXP_LGBModel_Alpha158_csi300_custom_step0_s_20260325_16,872ee995408d4f2fb88aae6899c29d2a,,,
2026-03-25,SH601088,-9.126797052456426e-10,EXP_LGBModel_Alpha158_csi300_custom_step0_s_20260325_16,872ee995408d4f2fb88aae6899c29d2a,,,
2026-03-25,SH601100,0.0050628798288769,EXP_LGBModel_Alpha158_csi300_custom_step0_s_20260325_16,872ee995408d4f2fb88aae6899c29d2a,,,
2026-03-25,SH601111,0.0050628798288769,EXP_LGBModel_Alpha158_csi300_custom_step0_s_20260325_16,872ee995408d4f2fb88aae6899c29d2a,,,
2026-03-25,SH601117,-0.0025137984737597747,EXP_LGBModel_Alpha158_csi300_custom_step0_s_20260325_16,872ee995408d4f2fb88aae6899c29d2a,,,
2026-03-25,SH601127,-0.002518896850409842,EXP_LGBModel_Alpha158_csi300_custom_step0_s_20260325_16,872ee995408d4f2fb88aae6899c29d2a,,,
2026-03-25,SH601012,0.0006182152084519821,EXP_LGBModel_Alpha158_csi300_custom_step0_s_20260325_16,872ee995408d4f2fb88aae6899c29d2a,,,
2026-03-25,SH601136,-0.0050326944114899115,EXP_LGBModel_Alpha158_csi300_custom_step0_s_20260325_16,872ee995408d4f2fb88aae6899c29d2a,,,
2026-03-25,SH601166,0.005581394447429239,EXP_LGBModel_Alpha158_csi300_custom_step0_s_20260325_16,872ee995408d4f2fb88aae6899c29d2a,,,
2026-03-25,SH601169,0.0031243151964082416,EXP_LGBModel_Alpha158_csi300_custom_step0_s_20260325_16,872ee995408d4f2fb88aae6899c29d2a,,,
2026-03-25,SH601186,-0.0050326944114899115,EXP_LGBModel_Alpha158_csi300_custom_step0_s_20260325_16,872ee995408d4f2fb88aae6899c29d2a,,,
2026-03-25,SH601211,-0.0008765339898085854,EXP_LGBModel_Alpha158_csi300_custom_step0_s_20260325_16,872ee995408d4f2fb88aae6899c29d2a,,,
2026-03-25,SH601225,-9.126797052456426e-10,EXP_LGBModel_Alpha158_csi300_custom_step0_s_20260325_16,872ee995408d4f2fb88aae6899c29d2a,,,
2026-03-25,SH601229,0.005581394447429239,EXP_LGBModel_Alpha158_csi300_custom_step0_s_20260325_16,872ee995408d4f2fb88aae6899c29d2a,,,
2026-03-25,SH601236,0.0006105176353281721,EXP_LGBModel_Alpha158_csi300_custom_step0_s_20260325_16,872ee995408d4f2fb88aae6899c29d2a,,,
2026-03-25,SH601238,-0.0025137984737597747,EXP_LGBModel_Alpha158_csi300_custom_step0_s_20260325_16,872ee995408d4f2fb88aae6899c29d2a,,,
2026-03-25,SH601288,-0.0050326944114899115,EXP_LGBModel_Alpha158_csi300_custom_step0_s_20260325_16,872ee995408d4f2fb88aae6899c29d2a,,,
2026-03-25,SH601298,-0.0008765339898085854,EXP_LGBModel_Alpha158_csi300_custom_step0_s_20260325_16,872ee995408d4f2fb88aae6899c29d2a,,,
2026-03-25,SH601318,-0.002518896850409842,EXP_LGBModel_Alpha158_csi300_custom_step0_s_20260325_16,872ee995408d4f2fb88aae6899c29d2a,,,
2026-03-25,SH601138,-0.0050326944114899115,EXP_LGBModel_Alpha158_csi300_custom_step0_s_20260325_16,872ee995408d4f2fb88aae6899c29d2a,,,
2026-03-25,SH601009,-0.0050326944114899115,EXP_LGBModel_Alpha158_csi300_custom_step0_s_20260325_16,872ee995408d4f2fb88aae6899c29d2a,,,
2026-03-25,SH601006,0.0030752944594729797,EXP_LGBModel_Alpha158_csi300_custom_step0_s_20260325_16,872ee995408d4f2fb88aae6899c29d2a,,,
2026-03-25,SH600999,-0.002518896850409842,EXP_LGBModel_Alpha158_csi300_custom_step0_s_20260325_16,872ee995408d4f2fb88aae6899c29d2a,,,
2026-03-25,SH600588,-0.002518896850409842,EXP_LGBModel_Alpha158_csi300_custom_step0_s_20260325_16,872ee995408d4f2fb88aae6899c29d2a,,,
2026-03-25,SH600600,0.0006182152084519821,EXP_LGBModel_Alpha158_csi300_custom_step0_s_20260325_16,872ee995408d4f2fb88aae6899c29d2a,,,
2026-03-25,SH600660,0.0016423619479215513,EXP_LGBModel_Alpha158_csi300_custom_step0_s_20260325_16,872ee995408d4f2fb88aae6899c29d2a,,,
2026-03-25,SH600674,-0.002518896850409842,EXP_LGBModel_Alpha158_csi300_custom_step0_s_20260325_16,872ee995408d4f2fb88aae6899c29d2a,,,
2026-03-25,SH600690,-0.0025137984737597747,EXP_LGBModel_Alpha158_csi300_custom_step0_s_20260325_16,872ee995408d4f2fb88aae6899c29d2a,,,
2026-03-25,SH600741,-0.0025137984737597747,EXP_LGBModel_Alpha158_csi300_custom_step0_s_20260325_16,872ee995408d4f2fb88aae6899c29d2a,,,
2026-03-25,SH600760,-0.0050326944114899115,EXP_LGBModel_Alpha158_csi300_custom_step0_s_20260325_16,872ee995408d4f2fb88aae6899c29d2a,,,
2026-03-25,SH600795,-6.181759938884458e-05,EXP_LGBModel_Alpha158_csi300_custom_step0_s_20260325_16,872ee995408d4f2fb88aae6899c29d2a,,,
2026-03-25,SH600803,-0.0025137984737597747,EXP_LGBModel_Alpha158_csi300_custom_step0_s_20260325_16,872ee995408d4f2fb88aae6899c29d2a,,,
2026-03-25,SH600809,-0.002518896850409842,EXP_LGBModel_Alpha158_csi300_custom_step0_s_20260325_16,872ee995408d4f2fb88aae6899c29d2a,,,
2026-03-25,SH600845,-0.0050326944114899115,EXP_LGBModel_Alpha158_csi300_custom_step0_s_20260325_16,872ee995408d4f2fb88aae6899c29d2a,,,
2026-03-25,SH600875,0.01216874254243001,EXP_LGBModel_Alpha158_csi300_custom_step0_s_20260325_16,872ee995408d4f2fb88aae6899c29d2a,,,
2026-03-25,SH600886,0.002457078338341292,EXP_LGBModel_Alpha158_csi300_custom_step0_s_20260325_16,872ee995408d4f2fb88aae6899c29d2a,,,
2026-03-25,SH600887,-0.002518896850409842,EXP_LGBModel_Alpha158_csi300_custom_step0_s_20260325_16,872ee995408d4f2fb88aae6899c29d2a,,,
2026-03-25,SH600893,-9.126797052456426e-10,EXP_LGBModel_Alpha158_csi300_custom_step0_s_20260325_16,872ee995408d4f2fb88aae6899c29d2a,,,
2026-03-25,SH600900,0.002457078338341292,EXP_LGBModel_Alpha158_csi300_custom_step0_s_20260325_16,872ee995408d4f2fb88aae6899c29d2a,,,
2026-03-25,SH600905,-0.0025137984737597747,EXP_LGBModel_Alpha158_csi300_custom_step0_s_20260325_16,872ee995408d4f2fb88aae6899c29d2a,,,
2026-03-25,SH600918,-0.0025137984737597747,EXP_LGBModel_Alpha158_csi300_custom_step0_s_20260325_16,872ee995408d4f2fb88aae6899c29d2a,,,
2026-03-25,SH600919,-0.0018955823526280874,EXP_LGBModel_Alpha158_csi300_custom_step0_s_20260325_16,872ee995408d4f2fb88aae6899c29d2a,,,
2026-03-25,SH600926,-6.181759938884458e-05,EXP_LGBModel_Alpha158_csi300_custom_step0_s_20260325_16,872ee995408d4f2fb88aae6899c29d2a,,,
2026-03-25,SH600930,-0.002518896850409842,EXP_LGBModel_Alpha158_csi300_custom_step0_s_20260325_16,872ee995408d4f2fb88aae6899c29d2a,,,
2026-03-25,SH600938,-9.126797052456426e-10,EXP_LGBModel_Alpha158_csi300_custom_step0_s_20260325_16,872ee995408d4f2fb88aae6899c29d2a,,,
2026-03-25,SH600941,-0.0050326944114899115,EXP_LGBModel_Alpha158_csi300_custom_step0_s_20260325_16,872ee995408d4f2fb88aae6899c29d2a,,,
2026-03-25,SH600958,-0.002518896850409842,EXP_LGBModel_Alpha158_csi300_custom_step0_s_20260325_16,872ee995408d4f2fb88aae6899c29d2a,,,
2026-03-25,SH600989,0.01216874254243001,EXP_LGBModel_Alpha158_csi300_custom_step0_s_20260325_16,872ee995408d4f2fb88aae6899c29d2a,,,
2026-03-25,SZ000977,-0.0050326944114899115,EXP_LGBModel_Alpha158_csi300_custom_step0_s_20260325_16,872ee995408d4f2fb88aae6899c29d2a,,,
2026-03-25,SZ000983,-0.0025137984737597747,EXP_LGBModel_Alpha158_csi300_custom_step0_s_20260325_16,872ee995408d4f2fb88aae6899c29d2a,,,
2026-03-25,SZ000999,0.0016990488985751799,EXP_LGBModel_Alpha158_csi300_custom_step0_s_20260325_16,872ee995408d4f2fb88aae6899c29d2a,,,
2026-03-25,SZ001391,-9.126797052456426e-10,EXP_LGBModel_Alpha158_csi300_custom_step0_s_20260325_16,872ee995408d4f2fb88aae6899c29d2a,,,
2026-03-25,SH600845,-0.014050049127898563,EXP_DEnsembleModel_Alpha158_csi300_custom_step0_s_20260325_13,c11cead02a664671a2efc99d6a1b3467,,,
2026-03-25,SH600875,0.2093894770249933,EXP_DEnsembleModel_Alpha158_csi300_custom_step0_s_20260325_13,c11cead02a664671a2efc99d6a1b3467,,,
2026-03-25,SH600886,0.05701766376242896,EXP_DEnsembleModel_Alpha158_csi300_custom_step0_s_20260325_13,c11cead02a664671a2efc99d6a1b3467,,,
2026-03-25,SH600887,0.022795825438545015,EXP_DEnsembleModel_Alpha158_csi300_custom_step0_s_20260325_13,c11cead02a664671a2efc99d6a1b3467,,,
2026-03-25,SH600893,-0.03959799159382262,EXP_DEnsembleModel_Alpha158_csi300_custom_step0_s_20260325_13,c11cead02a664671a2efc99d6a1b3467,,,
2026-03-25,SH600900,0.12421318947422824,EXP_DEnsembleModel_Alpha158_csi300_custom_step0_s_20260325_13,c11cead02a664671a2efc99d6a1b3467,,,
2026-03-25,SH600905,-0.015445871796059676,EXP_DEnsembleModel_Alpha158_csi300_custom_step0_s_20260325_13,c11cead02a664671a2efc99d6a1b3467,,,
2026-03-25,SH600918,0.0579067443169771,EXP_DEnsembleModel_Alpha158_csi300_custom_step0_s_20260325_13,c11cead02a664671a2efc99d6a1b3467,,,
2026-03-25,SH600919,0.011420765381971107,EXP_DEnsembleModel_Alpha158_csi300_custom_step0_s_20260325_13,c11cead02a664671a2efc99d6a1b3467,,,
2026-03-25,SH600926,0.008294769913525797,EXP_DEnsembleModel_Alpha158_csi300_custom_step0_s_20260325_13,c11cead02a664671a2efc99d6a1b3467,,,
2026-03-25,SH600930,-0.052844394636697635,EXP_DEnsembleModel_Alpha158_csi300_custom_step0_s_20260325_13,c11cead02a664671a2efc99d6a1b3467,,,
2026-03-25,SH600809,-0.08073885226220574,EXP_DEnsembleModel_Alpha158_csi300_custom_step0_s_20260325_13,c11cead02a664671a2efc99d6a1b3467,,,
2026-03-25,SH600938,0.01569042373943936,EXP_DEnsembleModel_Alpha158_csi300_custom_step0_s_20260325_13,c11cead02a664671a2efc99d6a1b3467,,,
2026-03-25,SH600958,-0.07243361162039506,EXP_DEnsembleModel_Alpha158_csi300_custom_step0_s_20260325_13,c11cead02a664671a2efc99d6a1b3467,,,
2026-03-25,SH600989,0.2702138005769164,EXP_DEnsembleModel_Alpha158_csi300_custom_step0_s_20260325_13,c11cead02a664671a2efc99d6a1b3467,,,
2026-03-25,SH600999,-0.06589724515358697,EXP_DEnsembleModel_Alpha158_csi300_custom_step0_s_20260325_13,c11cead02a664671a2efc99d6a1b3467,,,
2026-03-25,SH601006,0.08274995988196025,EXP_DEnsembleModel_Alpha158_csi300_custom_step0_s_20260325_13,c11cead02a664671a2efc99d6a1b3467,,,
2026-03-25,SH601009,0.12038634843183996,EXP_DEnsembleModel_Alpha158_csi300_custom_step0_s_20260325_13,c11cead02a664671a2efc99d6a1b3467,,,
2026-03-25,SH601012,0.10811268562843886,EXP_DEnsembleModel_Alpha158_csi300_custom_step0_s_20260325_13,c11cead02a664671a2efc99d6a1b3467,,,
2026-03-25,SH601018,-0.07008268152314544,EXP_DEnsembleModel_Alpha158_csi300_custom_step0_s_20260325_13,c11cead02a664671a2efc99d6a1b3467,,,
2026-03-25,SH601021,0.10250103014443405,EXP_DEnsembleModel_Alpha158_csi300_custom_step0_s_20260325_13,c11cead02a664671a2efc99d6a1b3467,,,
2026-03-25,SH601058,-0.10943860585804283,EXP_DEnsembleModel_Alpha158_csi300_custom_step0_s_20260325_13,c11cead02a664671a2efc99d6a1b3467,,,
2026-03-25,SH601059,-0.016294788046339163,EXP_DEnsembleModel_Alpha158_csi300_custom_step0_s_20260325_13,c11cead02a664671a2efc99d6a1b3467,,,
2026-03-25,SH601066,-0.04832359412065609,EXP_DEnsembleModel_Alpha158_csi300_custom_step0_s_20260325_13,c11cead02a664671a2efc99d6a1b3467,,,
2026-03-25,SH600941,-0.03781114006769371,EXP_DEnsembleModel_Alpha158_csi300_custom_step0_s_20260325_13,c11cead02a664671a2efc99d6a1b3467,,,
2026-03-25,SH601077,0.062488705150567474,EXP_DEnsembleModel_Alpha158_csi300_custom_step0_s_20260325_13,c11cead02a664671a2efc99d6a1b3467,,,
2026-03-25,SH600803,-0.021167713269772907,EXP_DEnsembleModel_Alpha158_csi300_custom_step0_s_20260325_13,c11cead02a664671a2efc99d6a1b3467,,,
2026-03-25,SH600760,-0.21547504231949502,EXP_DEnsembleModel_Alpha158_csi300_custom_step0_s_20260325_13,c11cead02a664671a2efc99d6a1b3467,,,
2026-03-25,SH600362,-0.0699887067748179,EXP_DEnsembleModel_Alpha158_csi300_custom_step0_s_20260325_13,c11cead02a664671a2efc99d6a1b3467,,,
2026-03-25,SH600372,-0.03441666751650379,EXP_DEnsembleModel_Alpha158_csi300_custom_step0_s_20260325_13,c11cead02a664671a2efc99d6a1b3467,,,
2026-03-25,SH600377,-0.0078949012042043,EXP_DEnsembleModel_Alpha158_csi300_custom_step0_s_20260325_13,c11cead02a664671a2efc99d6a1b3467,,,
2026-03-25,SH600406,-0.030386182287165338,EXP_DEnsembleModel_Alpha158_csi300_custom_step0_s_20260325_13,c11cead02a664671a2efc99d6a1b3467,,,
2026-03-25,SH600415,-0.11840674679015074,EXP_DEnsembleModel_Alpha158_csi300_custom_step0_s_20260325_13,c11cead02a664671a2efc99d6a1b3467,,,
2026-03-25,SH600426,0.06330098286887903,EXP_DEnsembleModel_Alpha158_csi300_custom_step0_s_20260325_13,c11cead02a664671a2efc99d6a1b3467,,,
2026-03-25,SH600436,-0.0019289878501651929,EXP_DEnsembleModel_Alpha158_csi300_custom_step0_s_20260325_13,c11cead02a664671a2efc99d6a1b3467,,,
2026-03-25,SH600438,-0.15453638463365812,EXP_DEnsembleModel_Alpha158_csi300_custom_step0_s_20260325_13,c11cead02a664671a2efc99d6a1b3467,,,
2026-03-25,SH600460,-0.05365076563785151,EXP_DEnsembleModel_Alpha158_csi300_custom_step0_s_20260325_13,c11cead02a664671a2efc99d6a1b3467,,,
2026-03-25,SH600482,0.12397183677809669,EXP_DEnsembleModel_Alpha158_csi300_custom_step0_s_20260325_13,c11cead02a664671a2efc99d6a1b3467,,,
2026-03-25,SH600489,-0.005342659688074534,EXP_DEnsembleModel_Alpha158_csi300_custom_step0_s_20260325_13,c11cead02a664671a2efc99d6a1b3467,,,
2026-03-25,SH600795,-0.005516320839463304,EXP_DEnsembleModel_Alpha158_csi300_custom_step0_s_20260325_13,c11cead02a664671a2efc99d6a1b3467,,,
2026-03-25,SH600515,-0.03894930183634586,EXP_DEnsembleModel_Alpha158_csi300_custom_step0_s_20260325_13,c11cead02a664671a2efc99d6a1b3467,,,
2026-03-25,SH600522,-0.20313151244123182,EXP_DEnsembleModel_Alpha158_csi300_custom_step0_s_20260325_13,c11cead02a664671a2efc99d6a1b3467,,,
2026-03-25,SH600547,-0.13333364372950382,EXP_DEnsembleModel_Alpha158_csi300_custom_step0_s_20260325_13,c11cead02a664671a2efc99d6a1b3467,,,
2026-03-25,SH600570,-0.04868406500063122,EXP_DEnsembleModel_Alpha158_csi300_custom_step0_s_20260325_13,c11cead02a664671a2efc99d6a1b3467,,,
2026-03-25,SH600584,-0.028351563523373112,EXP_DEnsembleModel_Alpha158_csi300_custom_step0_s_20260325_13,c11cead02a664671a2efc99d6a1b3467,,,
2026-03-25,SH600585,0.014976539251874423,EXP_DEnsembleModel_Alpha158_csi300_custom_step0_s_20260325_13,c11cead02a664671a2efc99d6a1b3467,,,
2026-03-25,SH600588,-0.006768772614497247,EXP_DEnsembleModel_Alpha158_csi300_custom_step0_s_20260325_13,c11cead02a664671a2efc99d6a1b3467,,,
2026-03-25,SH600600,0.05189194241670587,EXP_DEnsembleModel_Alpha158_csi300_custom_step0_s_20260325_13,c11cead02a664671a2efc99d6a1b3467,,,
2026-03-25,SH600660,-0.044966344756069254,EXP_DEnsembleModel_Alpha158_csi300_custom_step0_s_20260325_13,c11cead02a664671a2efc99d6a1b3467,,,
2026-03-25,SH600674,-0.040506531237317886,EXP_DEnsembleModel_Alpha158_csi300_custom_step0_s_20260325_13,c11cead02a664671a2efc99d6a1b3467,,,
2026-03-25,SH600690,0.02517347501936184,EXP_DEnsembleModel_Alpha158_csi300_custom_step0_s_20260325_13,c11cead02a664671a2efc99d6a1b3467,,,
2026-03-25,SH600741,-0.049392032565224245,EXP_DEnsembleModel_Alpha158_csi300_custom_step0_s_20260325_13,c11cead02a664671a2efc99d6a1b3467,,,
2026-03-25,SH600519,0.05036189646371395,EXP_DEnsembleModel_Alpha158_csi300_custom_step0_s_20260325_13,c11cead02a664671a2efc99d6a1b3467,,,
2026-03-25,SH601088,0.0100313752789237,EXP_DEnsembleModel_Alpha158_csi300_custom_step0_s_20260325_13,c11cead02a664671a2efc99d6a1b3467,,,
2026-03-25,SH601100,0.07568956900093025,EXP_DEnsembleModel_Alpha158_csi300_custom_step0_s_20260325_13,c11cead02a664671a2efc99d6a1b3467,,,
2026-03-25,SH601111,-0.12888109309515314,EXP_DEnsembleModel_Alpha158_csi300_custom_step0_s_20260325_13,c11cead02a664671a2efc99d6a1b3467,,,
2026-03-25,SH601658,0.036296246438439386,EXP_DEnsembleModel_Alpha158_csi300_custom_step0_s_20260325_13,c11cead02a664671a2efc99d6a1b3467,,,
2026-03-25,SH601668,-0.027301109520199596,EXP_DEnsembleModel_Alpha158_csi300_custom_step0_s_20260325_13,c11cead02a664671a2efc99d6a1b3467,,,
2026-03-25,SH601669,-0.02696854348188117,EXP_DEnsembleModel_Alpha158_csi300_custom_step0_s_20260325_13,c11cead02a664671a2efc99d6a1b3467,,,
2026-03-25,SH601688,-0.1090296235281322,EXP_DEnsembleModel_Alpha158_csi300_custom_step0_s_20260325_13,c11cead02a664671a2efc99d6a1b3467,,,
2026-03-25,SH601689,-0.015389079330107065,EXP_DEnsembleModel_Alpha158_csi300_custom_step0_s_20260325_13,c11cead02a664671a2efc99d6a1b3467,,,
2026-03-25,SH601698,-0.08314901973329068,EXP_DEnsembleModel_Alpha158_csi300_custom_step0_s_20260325_13,c11cead02a664671a2efc99d6a1b3467,,,
2026-03-25,SH601728,-0.018333159482809308,EXP_DEnsembleModel_Alpha158_csi300_custom_step0_s_20260325_13,c11cead02a664671a2efc99d6a1b3467,,,
2026-03-25,SH601766,0.010241360865896618,EXP_DEnsembleModel_Alpha158_csi300_custom_step0_s_20260325_13,c11cead02a664671a2efc99d6a1b3467,,,
2026-03-25,SH601788,-0.008801888156294676,EXP_DEnsembleModel_Alpha158_csi300_custom_step0_s_20260325_13,c11cead02a664671a2efc99d6a1b3467,,,
2026-03-25,SH601800,-0.06159746974653382,EXP_DEnsembleModel_Alpha158_csi300_custom_step0_s_20260325_13,c11cead02a664671a2efc99d6a1b3467,,,
2026-03-25,SH601808,-7.40813224794309e-05,EXP_DEnsembleModel_Alpha158_csi300_custom_step0_s_20260325_13,c11cead02a664671a2efc99d6a1b3467,,,
2026-03-25,SH601633,0.11548978566242575,EXP_DEnsembleModel_Alpha158_csi300_custom_step0_s_20260325_13,c11cead02a664671a2efc99d6a1b3467,,,
2026-03-25,SH601816,-0.039616424796934405,EXP_DEnsembleModel_Alpha158_csi300_custom_step0_s_20260325_13,c11cead02a664671a2efc99d6a1b3467,,,
2026-03-25,SH601825,0.14689589910058976,EXP_DEnsembleModel_Alpha158_csi300_custom_step0_s_20260325_13,c11cead02a664671a2efc99d6a1b3467,,,
2026-03-25,SH601838,0.11335451430872841,EXP_DEnsembleModel_Alpha158_csi300_custom_step0_s_20260325_13,c11cead02a664671a2efc99d6a1b3467,,,
2026-03-25,SH601857,-0.03496693850229678,EXP_DEnsembleModel_Alpha158_csi300_custom_step0_s_20260325_13,c11cead02a664671a2efc99d6a1b3467,,,
2026-03-25,SH601868,0.06697386961197287,EXP_DEnsembleModel_Alpha158_csi300_custom_step0_s_20260325_13,c11cead02a664671a2efc99d6a1b3467,,,
2026-03-25,SH601872,0.19308296300123265,EXP_DEnsembleModel_Alpha158_csi300_custom_step0_s_20260325_13,c11cead02a664671a2efc99d6a1b3467,,,
2026-03-25,SH601877,0.028926520054137005,EXP_DEnsembleModel_Alpha158_csi300_custom_step0_s_20260325_13,c11cead02a664671a2efc99d6a1b3467,,,
2026-03-25,SH601878,-0.01022398563616182,EXP_DEnsembleModel_Alpha158_csi300_custom_step0_s_20260325_13,c11cead02a664671a2efc99d6a1b3467,,,
2026-03-25,SH601881,-0.01600893107194574,EXP_DEnsembleModel_Alpha158_csi300_custom_step0_s_20260325_13,c11cead02a664671a2efc99d6a1b3467,,,
2026-03-25,SH601888,0.037123032590178365,EXP_DEnsembleModel_Alpha158_csi300_custom_step0_s_20260325_13,c11cead02a664671a2efc99d6a1b3467,,,
2026-03-25,SH601898,0.17624640223167426,EXP_DEnsembleModel_Alpha158_csi300_custom_step0_s_20260325_13,c11cead02a664671a2efc99d6a1b3467,,,
2026-03-25,SH601899,-0.14064911332087246,EXP_DEnsembleModel_Alpha158_csi300_custom_step0_s_20260325_13,c11cead02a664671a2efc99d6a1b3467,,,
2026-03-25,SH601818,0.03840809177108651,EXP_DEnsembleModel_Alpha158_csi300_custom_step0_s_20260325_13,c11cead02a664671a2efc99d6a1b3467,,,
2026-03-25,SH601628,0.10359063914766627,EXP_DEnsembleModel_Alpha158_csi300_custom_step0_s_20260325_13,c11cead02a664671a2efc99d6a1b3467,,,
2026-03-25,SH601618,-0.054259128225191626,EXP_DEnsembleModel_Alpha158_csi300_custom_step0_s_20260325_13,c11cead02a664671a2efc99d6a1b3467,,,
2026-03-25,SH601607,0.05644510180658922,EXP_DEnsembleModel_Alpha158_csi300_custom_step0_s_20260325_13,c11cead02a664671a2efc99d6a1b3467,,,
2026-03-25,SH601117,0.045019898689929914,EXP_DEnsembleModel_Alpha158_csi300_custom_step0_s_20260325_13,c11cead02a664671a2efc99d6a1b3467,,,
2026-03-25,SH601127,0.037769003304773466,EXP_DEnsembleModel_Alpha158_csi300_custom_step0_s_20260325_13,c11cead02a664671a2efc99d6a1b3467,,,
2026-03-25,SH601136,-0.05176699736864574,EXP_DEnsembleModel_Alpha158_csi300_custom_step0_s_20260325_13,c11cead02a664671a2efc99d6a1b3467,,,
2026-03-25,SH601138,-0.044598612146627324,EXP_DEnsembleModel_Alpha158_csi300_custom_step0_s_20260325_13,c11cead02a664671a2efc99d6a1b3467,,,
2026-03-25,SH601166,0.1007642646519866,EXP_DEnsembleModel_Alpha158_csi300_custom_step0_s_20260325_13,c11cead02a664671a2efc99d6a1b3467,,,
2026-03-25,SH601169,0.06013604376209777,EXP_DEnsembleModel_Alpha158_csi300_custom_step0_s_20260325_13,c11cead02a664671a2efc99d6a1b3467,,,
2026-03-25,SH601186,-0.02618659973079124,EXP_DEnsembleModel_Alpha158_csi300_custom_step0_s_20260325_13,c11cead02a664671a2efc99d6a1b3467,,,
2026-03-25,SH601211,-0.030888714929699634,EXP_DEnsembleModel_Alpha158_csi300_custom_step0_s_20260325_13,c11cead02a664671a2efc99d6a1b3467,,,
2026-03-25,SH601225,-0.05545307739846982,EXP_DEnsembleModel_Alpha158_csi300_custom_step0_s_20260325_13,c11cead02a664671a2efc99d6a1b3467,,,
2026-03-25,SH601229,0.1179389661702526,EXP_DEnsembleModel_Alpha158_csi300_custom_step0_s_20260325_13,c11cead02a664671a2efc99d6a1b3467,,,
2026-03-25,SH601236,0.10272775749936312,EXP_DEnsembleModel_Alpha158_csi300_custom_step0_s_20260325_13,c11cead02a664671a2efc99d6a1b3467,,,
2026-03-25,SH601238,-0.021360875167127022,EXP_DEnsembleModel_Alpha158_csi300_custom_step0_s_20260325_13,c11cead02a664671a2efc99d6a1b3467,,,
2026-03-25,SH601288,-0.058065453870025145,EXP_DEnsembleModel_Alpha158_csi300_custom_step0_s_20260325_13,c11cead02a664671a2efc99d6a1b3467,,,
2026-03-25,SH601298,-0.01401698511863936,EXP_DEnsembleModel_Alpha158_csi300_custom_step0_s_20260325_13,c11cead02a664671a2efc99d6a1b3467,,,
2026-03-25,SH601318,0.017854476714176663,EXP_DEnsembleModel_Alpha158_csi300_custom_step0_s_20260325_13,c11cead02a664671a2efc99d6a1b3467,,,
2026-03-25,SH601319,-0.051763062290019146,EXP_DEnsembleModel_Alpha158_csi300_custom_step0_s_20260325_13,c11cead02a664671a2efc99d6a1b3467,,,
2026-03-25,SH601328,0.07325379275149647,EXP_DEnsembleModel_Alpha158_csi300_custom_step0_s_20260325_13,c11cead02a664671a2efc99d6a1b3467,,,
2026-03-25,SH601336,0.006065850366040639,EXP_DEnsembleModel_Alpha158_csi300_custom_step0_s_20260325_13,c11cead02a664671a2efc99d6a1b3467,,,
2026-03-25,SH601360,-0.05079696545381252,EXP_DEnsembleModel_Alpha158_csi300_custom_step0_s_20260325_13,c11cead02a664671a2efc99d6a1b3467,,,
2026-03-25,SH601377,-0.08582441189704748,EXP_DEnsembleModel_Alpha158_csi300_custom_step0_s_20260325_13,c11cead02a664671a2efc99d6a1b3467,,,
2026-03-25,SH601390,-0.02871740477108608,EXP_DEnsembleModel_Alpha158_csi300_custom_step0_s_20260325_13,c11cead02a664671a2efc99d6a1b3467,,,
2026-03-25,SH601398,0.014742108892628093,EXP_DEnsembleModel_Alpha158_csi300_custom_step0_s_20260325_13,c11cead02a664671a2efc99d6a1b3467,,,
2026-03-25,SH601456,-0.04983634539061738,EXP_DEnsembleModel_Alpha158_csi300_custom_step0_s_20260325_13,c11cead02a664671a2efc99d6a1b3467,,,
2026-03-25,SH601600,-0.07179409585426062,EXP_DEnsembleModel_Alpha158_csi300_custom_step0_s_20260325_13,c11cead02a664671a2efc99d6a1b3467,,,
2026-03-25,SH601601,-0.028645657055627737,EXP_DEnsembleModel_Alpha158_csi300_custom_step0_s_20260325_13,c11cead02a664671a2efc99d6a1b3467,,,
2026-03-25,SH600346,-0.01594414685658574,EXP_DEnsembleModel_Alpha158_csi300_custom_step0_s_20260325_13,c11cead02a664671a2efc99d6a1b3467,,,
2026-03-25,SZ301269,0.14631743729114532,EXP_XGBModel_Alpha158_csi300_custom_step0_s_20260325_13,70aa04602be44171bbfe8de7fc11e803,,,
2026-03-25,SH600309,-0.09960346002245483,EXP_DEnsembleModel_Alpha158_csi300_custom_step0_s_20260325_13,c11cead02a664671a2efc99d6a1b3467,,,
2026-03-25,SH600233,0.028572790216921714,EXP_DEnsembleModel_Alpha158_csi300_custom_step0_s_20260325_13,c11cead02a664671a2efc99d6a1b3467,,,
2026-03-25,SZ002600,-0.0050326944114899115,EXP_LGBModel_Alpha158_csi300_custom_step0_s_20260325_16,872ee995408d4f2fb88aae6899c29d2a,,,
2026-03-25,SZ002601,0.0050628798288769,EXP_LGBModel_Alpha158_csi300_custom_step0_s_20260325_16,872ee995408d4f2fb88aae6899c29d2a,,,
2026-03-25,SZ002625,-0.0050326944114899115,EXP_LGBModel_Alpha158_csi300_custom_step0_s_20260325_16,872ee995408d4f2fb88aae6899c29d2a,,,
2026-03-25,SZ002648,-9.126797052456426e-10,EXP_LGBModel_Alpha158_csi300_custom_step0_s_20260325_16,872ee995408d4f2fb88aae6899c29d2a,,,
2026-03-25,SZ002709,-0.0050326944114899115,EXP_LGBModel_Alpha158_csi300_custom_step0_s_20260325_16,872ee995408d4f2fb88aae6899c29d2a,,,
2026-03-25,SZ002714,-0.0025137984737597747,EXP_LGBModel_Alpha158_csi300_custom_step0_s_20260325_16,872ee995408d4f2fb88aae6899c29d2a,,,
2026-03-25,SZ002736,-0.0050326944114899115,EXP_LGBModel_Alpha158_csi300_custom_step0_s_20260325_16,872ee995408d4f2fb88aae6899c29d2a,,,
2026-03-25,SZ002916,-0.002518896850409842,EXP_LGBModel_Alpha158_csi300_custom_step0_s_20260325_16,872ee995408d4f2fb88aae6899c29d2a,,,
2026-03-25,SZ002920,-0.0050326944114899115,EXP_LGBModel_Alpha158_csi300_custom_step0_s_20260325_16,872ee995408d4f2fb88aae6899c29d2a,,,
2026-03-25,SZ002938,-0.0050326944114899115,EXP_LGBModel_Alpha158_csi300_custom_step0_s_20260325_16,872ee995408d4f2fb88aae6899c29d2a,,,
2026-03-25,SZ003816,-0.0025137984737597747,EXP_LGBModel_Alpha158_csi300_custom_step0_s_20260325_16,872ee995408d4f2fb88aae6899c29d2a,,,
2026-03-25,SZ002594,-0.002518896850409842,EXP_LGBModel_Alpha158_csi300_custom_step0_s_20260325_16,872ee995408d4f2fb88aae6899c29d2a,,,
2026-03-25,SZ300014,-0.0050326944114899115,EXP_LGBModel_Alpha158_csi300_custom_step0_s_20260325_16,872ee995408d4f2fb88aae6899c29d2a,,,
2026-03-25,SZ300033,-0.0050326944114899115,EXP_LGBModel_Alpha158_csi300_custom_step0_s_20260325_16,872ee995408d4f2fb88aae6899c29d2a,,,
2026-03-25,SZ300059,-9.126797052456426e-10,EXP_LGBModel_Alpha158_csi300_custom_step0_s_20260325_16,872ee995408d4f2fb88aae6899c29d2a,,,
2026-03-25,SZ300122,-0.0025137984737597747,EXP_LGBModel_Alpha158_csi300_custom_step0_s_20260325_16,872ee995408d4f2fb88aae6899c29d2a,,,
2026-03-25,SZ300124,-0.0050326944114899115,EXP_LGBModel_Alpha158_csi300_custom_step0_s_20260325_16,872ee995408d4f2fb88aae6899c29d2a,,,
2026-03-25,SZ300251,-9.126797052456426e-10,EXP_LGBModel_Alpha158_csi300_custom_step0_s_20260325_16,872ee995408d4f2fb88aae6899c29d2a,,,
2026-03-25,SZ300274,-0.0050326944114899115,EXP_LGBModel_Alpha158_csi300_custom_step0_s_20260325_16,872ee995408d4f2fb88aae6899c29d2a,,,
2026-03-25,SZ300308,-0.0050326944114899115,EXP_LGBModel_Alpha158_csi300_custom_step0_s_20260325_16,872ee995408d4f2fb88aae6899c29d2a,,,
2026-03-25,SZ300316,-9.126797052456426e-10,EXP_LGBModel_Alpha158_csi300_custom_step0_s_20260325_16,872ee995408d4f2fb88aae6899c29d2a,,,
2026-03-25,SZ300347,0.0050628798288769,EXP_LGBModel_Alpha158_csi300_custom_step0_s_20260325_16,872ee995408d4f2fb88aae6899c29d2a,,,
2026-03-25,SZ300394,-9.126797052456426e-10,EXP_LGBModel_Alpha158_csi300_custom_step0_s_20260325_16,872ee995408d4f2fb88aae6899c29d2a,,,
2026-03-25,SZ300408,-0.0050326944114899115,EXP_LGBModel_Alpha158_csi300_custom_step0_s_20260325_16,872ee995408d4f2fb88aae6899c29d2a,,,
2026-03-25,SZ300015,-9.126797052456426e-10,EXP_LGBModel_Alpha158_csi300_custom_step0_s_20260325_16,872ee995408d4f2fb88aae6899c29d2a,,,
2026-03-25,SZ300413,-9.126797052456426e-10,EXP_LGBModel_Alpha158_csi300_custom_step0_s_20260325_16,872ee995408d4f2fb88aae6899c29d2a,,,
2026-03-25,SZ002493,0.007105861800873406,EXP_LGBModel_Alpha158_csi300_custom_step0_s_20260325_16,872ee995408d4f2fb88aae6899c29d2a,,,
2026-03-25,SZ002466,-0.0050326944114899115,EXP_LGBModel_Alpha158_csi300_custom_step0_s_20260325_16,872ee995408d4f2fb88aae6899c29d2a,,,
2026-03-25,SZ001965,-0.0018955823526280874,EXP_LGBModel_Alpha158_csi300_custom_step0_s_20260325_16,872ee995408d4f2fb88aae6899c29d2a,,,
2026-03-25,SZ001979,-0.002518896850409842,EXP_LGBModel_Alpha158_csi300_custom_step0_s_20260325_16,872ee995408d4f2fb88aae6899c29d2a,,,
2026-03-25,SZ002001,0.01216874254243001,EXP_LGBModel_Alpha158_csi300_custom_step0_s_20260325_16,872ee995408d4f2fb88aae6899c29d2a,,,
2026-03-25,SZ002027,-0.0050326944114899115,EXP_LGBModel_Alpha158_csi300_custom_step0_s_20260325_16,872ee995408d4f2fb88aae6899c29d2a,,,
2026-03-25,SZ002028,-0.0050326944114899115,EXP_LGBModel_Alpha158_csi300_custom_step0_s_20260325_16,872ee995408d4f2fb88aae6899c29d2a,,,
2026-03-25,SZ002049,-0.0050326944114899115,EXP_LGBModel_Alpha158_csi300_custom_step0_s_20260325_16,872ee995408d4f2fb88aae6899c29d2a,,,
2026-03-25,SZ002050,-0.002518896850409842,EXP_LGBModel_Alpha158_csi300_custom_step0_s_20260325_16,872ee995408d4f2fb88aae6899c29d2a,,,
2026-03-25,SZ002074,-6.181759938884458e-05,EXP_LGBModel_Alpha158_csi300_custom_step0_s_20260325_16,872ee995408d4f2fb88aae6899c29d2a,,,
2026-03-25,SZ002142,-0.0008765339898085854,EXP_LGBModel_Alpha158_csi300_custom_step0_s_20260325_16,872ee995408d4f2fb88aae6899c29d2a,,,
2026-03-25,SZ002179,-0.0050326944114899115,EXP_LGBModel_Alpha158_csi300_custom_step0_s_20260325_16,872ee995408d4f2fb88aae6899c29d2a,,,
2026-03-25,SZ002230,-0.002518896850409842,EXP_LGBModel_Alpha158_csi300_custom_step0_s_20260325_16,872ee995408d4f2fb88aae6899c29d2a,,,
2026-03-25,SZ002475,-0.0025137984737597747,EXP_LGBModel_Alpha158_csi300_custom_step0_s_20260325_16,872ee995408d4f2fb88aae6899c29d2a,,,
2026-03-25,SZ002236,-0.002518896850409842,EXP_LGBModel_Alpha158_csi300_custom_step0_s_20260325_16,872ee995408d4f2fb88aae6899c29d2a,,,
2026-03-25,SZ002252,-0.0050326944114899115,EXP_LGBModel_Alpha158_csi300_custom_step0_s_20260325_16,872ee995408d4f2fb88aae6899c29d2a,,,
2026-03-25,SZ002304,-0.002518896850409842,EXP_LGBModel_Alpha158_csi300_custom_step0_s_20260325_16,872ee995408d4f2fb88aae6899c29d2a,,,
2026-03-25,SZ002311,-0.0050326944114899115,EXP_LGBModel_Alpha158_csi300_custom_step0_s_20260325_16,872ee995408d4f2fb88aae6899c29d2a,,,
2026-03-25,SZ002352,-0.0050326944114899115,EXP_LGBModel_Alpha158_csi300_custom_step0_s_20260325_16,872ee995408d4f2fb88aae6899c29d2a,,,
2026-03-25,SZ002371,-0.0025137984737597747,EXP_LGBModel_Alpha158_csi300_custom_step0_s_20260325_16,872ee995408d4f2fb88aae6899c29d2a,,,
2026-03-25,SZ002384,0.0050628798288769,EXP_LGBModel_Alpha158_csi300_custom_step0_s_20260325_16,872ee995408d4f2fb88aae6899c29d2a,,,
2026-03-25,SZ002415,-0.0025137984737597747,EXP_LGBModel_Alpha158_csi300_custom_step0_s_20260325_16,872ee995408d4f2fb88aae6899c29d2a,,,
2026-03-25,SZ002422,0.0006182152084519821,EXP_LGBModel_Alpha158_csi300_custom_step0_s_20260325_16,872ee995408d4f2fb88aae6899c29d2a,,,
2026-03-25,SZ002459,-0.004540407725767585,EXP_LGBModel_Alpha158_csi300_custom_step0_s_20260325_16,872ee995408d4f2fb88aae6899c29d2a,,,
2026-03-25,SZ002460,-0.0025137984737597747,EXP_LGBModel_Alpha158_csi300_custom_step0_s_20260325_16,872ee995408d4f2fb88aae6899c29d2a,,,
2026-03-25,SZ002463,-9.126797052456426e-10,EXP_LGBModel_Alpha158_csi300_custom_step0_s_20260325_16,872ee995408d4f2fb88aae6899c29d2a,,,
2026-03-25,SZ002241,-0.0050326944114899115,EXP_LGBModel_Alpha158_csi300_custom_step0_s_20260325_16,872ee995408d4f2fb88aae6899c29d2a,,,
2026-03-25,SZ300418,-9.126797052456426e-10,EXP_LGBModel_Alpha158_csi300_custom_step0_s_20260325_16,872ee995408d4f2fb88aae6899c29d2a,,,
2026-03-25,SZ300433,-9.126797052456426e-10,EXP_LGBModel_Alpha158_csi300_custom_step0_s_20260325_16,872ee995408d4f2fb88aae6899c29d2a,,,
2026-03-25,SZ300442,-9.126797052456426e-10,EXP_LGBModel_Alpha158_csi300_custom_step0_s_20260325_16,872ee995408d4f2fb88aae6899c29d2a,,,
2026-03-25,SH600027,0.04296706918596771,EXP_DEnsembleModel_Alpha158_csi300_custom_step0_s_20260325_13,c11cead02a664671a2efc99d6a1b3467,,,
2026-03-25,SH600028,-0.010543101073812905,EXP_DEnsembleModel_Alpha158_csi300_custom_step0_s_20260325_13,c11cead02a664671a2efc99d6a1b3467,,,
2026-03-25,SH600029,0.002221366152722765,EXP_DEnsembleModel_Alpha158_csi300_custom_step0_s_20260325_13,c11cead02a664671a2efc99d6a1b3467,,,
2026-03-25,SH600030,0.012143703114075583,EXP_DEnsembleModel_Alpha158_csi300_custom_step0_s_20260325_13,c11cead02a664671a2efc99d6a1b3467,,,
2026-03-25,SH600031,-0.07741854171282662,EXP_DEnsembleModel_Alpha158_csi300_custom_step0_s_20260325_13,c11cead02a664671a2efc99d6a1b3467,,,
2026-03-25,SH600036,0.13703073536017898,EXP_DEnsembleModel_Alpha158_csi300_custom_step0_s_20260325_13,c11cead02a664671a2efc99d6a1b3467,,,
2026-03-25,SH600039,-0.04759573770867801,EXP_DEnsembleModel_Alpha158_csi300_custom_step0_s_20260325_13,c11cead02a664671a2efc99d6a1b3467,,,
2026-03-25,SH600048,-0.05255928885757505,EXP_DEnsembleModel_Alpha158_csi300_custom_step0_s_20260325_13,c11cead02a664671a2efc99d6a1b3467,,,
2026-03-25,SH600050,-0.005889309767895647,EXP_DEnsembleModel_Alpha158_csi300_custom_step0_s_20260325_13,c11cead02a664671a2efc99d6a1b3467,,,
2026-03-25,SH600061,-0.002436477945982202,EXP_DEnsembleModel_Alpha158_csi300_custom_step0_s_20260325_13,c11cead02a664671a2efc99d6a1b3467,,,
2026-03-25,SH600066,0.02794593215992526,EXP_DEnsembleModel_Alpha158_csi300_custom_step0_s_20260325_13,c11cead02a664671a2efc99d6a1b3467,,,
2026-03-25,SH600026,0.13400375991048982,EXP_DEnsembleModel_Alpha158_csi300_custom_step0_s_20260325_13,c11cead02a664671a2efc99d6a1b3467,,,
2026-03-25,SH600085,-0.08521913774610776,EXP_DEnsembleModel_Alpha158_csi300_custom_step0_s_20260325_13,c11cead02a664671a2efc99d6a1b3467,,,
2026-03-25,SH600104,-0.012470793334377086,EXP_DEnsembleModel_Alpha158_csi300_custom_step0_s_20260325_13,c11cead02a664671a2efc99d6a1b3467,,,
2026-03-25,SH600111,-0.12054513826723931,EXP_DEnsembleModel_Alpha158_csi300_custom_step0_s_20260325_13,c11cead02a664671a2efc99d6a1b3467,,,
2026-03-25,SH600115,0.0660337743011651,EXP_DEnsembleModel_Alpha158_csi300_custom_step0_s_20260325_13,c11cead02a664671a2efc99d6a1b3467,,,
2026-03-25,SH600150,-0.012387428862612309,EXP_DEnsembleModel_Alpha158_csi300_custom_step0_s_20260325_13,c11cead02a664671a2efc99d6a1b3467,,,
2026-03-25,SH600160,0.014249796992639204,EXP_DEnsembleModel_Alpha158_csi300_custom_step0_s_20260325_13,c11cead02a664671a2efc99d6a1b3467,,,
2026-03-25,SH600161,-0.009437692867862463,EXP_DEnsembleModel_Alpha158_csi300_custom_step0_s_20260325_13,c11cead02a664671a2efc99d6a1b3467,,,
2026-03-25,SH600176,-0.2385860284192269,EXP_DEnsembleModel_Alpha158_csi300_custom_step0_s_20260325_13,c11cead02a664671a2efc99d6a1b3467,,,
2026-03-25,SH600183,0.134196127961418,EXP_DEnsembleModel_Alpha158_csi300_custom_step0_s_20260325_13,c11cead02a664671a2efc99d6a1b3467,,,
2026-03-25,SH600188,0.14015685059928853,EXP_DEnsembleModel_Alpha158_csi300_custom_step0_s_20260325_13,c11cead02a664671a2efc99d6a1b3467,,,
2026-03-25,SH600196,-0.10736961986215851,EXP_DEnsembleModel_Alpha158_csi300_custom_step0_s_20260325_13,c11cead02a664671a2efc99d6a1b3467,,,
2026-03-25,SH600219,-0.1095260545918028,EXP_DEnsembleModel_Alpha158_csi300_custom_step0_s_20260325_13,c11cead02a664671a2efc99d6a1b3467,,,
2026-03-25,SH600089,-0.1846022194101326,EXP_DEnsembleModel_Alpha158_csi300_custom_step0_s_20260325_13,c11cead02a664671a2efc99d6a1b3467,,,
2026-03-25,SH600025,0.12300184560326761,EXP_DEnsembleModel_Alpha158_csi300_custom_step0_s_20260325_13,c11cead02a664671a2efc99d6a1b3467,,,
2026-03-25,SH600023,-0.012097815184823545,EXP_DEnsembleModel_Alpha158_csi300_custom_step0_s_20260325_13,c11cead02a664671a2efc99d6a1b3467,,,
2026-03-25,SH600019,-0.06986837069795138,EXP_DEnsembleModel_Alpha158_csi300_custom_step0_s_20260325_13,c11cead02a664671a2efc99d6a1b3467,,,
2026-03-25,SZ300476,-0.0050326944114899115,EXP_LGBModel_Alpha158_csi300_custom_step0_s_20260325_16,872ee995408d4f2fb88aae6899c29d2a,,,
2026-03-25,SZ300498,0.002457078338341292,EXP_LGBModel_Alpha158_csi300_custom_step0_s_20260325_16,872ee995408d4f2fb88aae6899c29d2a,,,
2026-03-25,SZ300502,-0.0050326944114899115,EXP_LGBModel_Alpha158_csi300_custom_step0_s_20260325_16,872ee995408d4f2fb88aae6899c29d2a,,,
2026-03-25,SZ300628,-0.002518896850409842,EXP_LGBModel_Alpha158_csi300_custom_step0_s_20260325_16,872ee995408d4f2fb88aae6899c29d2a,,,
2026-03-25,SZ300661,-0.0050326944114899115,EXP_LGBModel_Alpha158_csi300_custom_step0_s_20260325_16,872ee995408d4f2fb88aae6899c29d2a,,,
2026-03-25,SZ300750,-9.126797052456426e-10,EXP_LGBModel_Alpha158_csi300_custom_step0_s_20260325_16,872ee995408d4f2fb88aae6899c29d2a,,,
2026-03-25,SZ300759,-0.002518896850409842,EXP_LGBModel_Alpha158_csi300_custom_step0_s_20260325_16,872ee995408d4f2fb88aae6899c29d2a,,,
2026-03-25,SZ300760,-0.0003056310890835592,EXP_LGBModel_Alpha158_csi300_custom_step0_s_20260325_16,872ee995408d4f2fb88aae6899c29d2a,,,
2026-03-25,SZ300782,-0.002518896850409842,EXP_LGBModel_Alpha158_csi300_custom_step0_s_20260325_16,872ee995408d4f2fb88aae6899c29d2a,,,
2026-03-25,SZ300803,-9.126797052456426e-10,EXP_LGBModel_Alpha158_csi300_custom_step0_s_20260325_16,872ee995408d4f2fb88aae6899c29d2a,,,
2026-03-25,SZ300832,-0.002518896850409842,EXP_LGBModel_Alpha158_csi300_custom_step0_s_20260325_16,872ee995408d4f2fb88aae6899c29d2a,,,
2026-03-25,SZ300866,-0.0025137984737597747,EXP_LGBModel_Alpha158_csi300_custom_step0_s_20260325_16,872ee995408d4f2fb88aae6899c29d2a,,,
2026-03-25,SZ300896,-9.126797052456426e-10,EXP_LGBModel_Alpha158_csi300_custom_step0_s_20260325_16,872ee995408d4f2fb88aae6899c29d2a,,,
2026-03-25,SZ300979,-0.0050326944114899115,EXP_LGBModel_Alpha158_csi300_custom_step0_s_20260325_16,872ee995408d4f2fb88aae6899c29d2a,,,
2026-03-25,SZ300999,-0.0050326944114899115,EXP_LGBModel_Alpha158_csi300_custom_step0_s_20260325_16,872ee995408d4f2fb88aae6899c29d2a,,,
2026-03-25,SZ301236,-0.002518896850409842,EXP_LGBModel_Alpha158_csi300_custom_step0_s_20260325_16,872ee995408d4f2fb88aae6899c29d2a,,,
2026-03-25,SZ301269,-0.0025137984737597747,EXP_LGBModel_Alpha158_csi300_custom_step0_s_20260325_16,872ee995408d4f2fb88aae6899c29d2a,,,
2026-03-25,SZ302132,-0.0025137984737597747,EXP_LGBModel_Alpha158_csi300_custom_step0_s_20260325_16,872ee995408d4f2fb88aae6899c29d2a,,,
2026-03-25,SH600000,0.10904667723029944,EXP_DEnsembleModel_Alpha158_csi300_custom_step0_s_20260325_13,c11cead02a664671a2efc99d6a1b3467,,,
2026-03-25,SH600009,-0.06000823011257878,EXP_DEnsembleModel_Alpha158_csi300_custom_step0_s_20260325_13,c11cead02a664671a2efc99d6a1b3467,,,
2026-03-25,SH600010,-0.11971034534237666,EXP_DEnsembleModel_Alpha158_csi300_custom_step0_s_20260325_13,c11cead02a664671a2efc99d6a1b3467,,,
2026-03-25,SH600011,-0.006440495440709047,EXP_DEnsembleModel_Alpha158_csi300_custom_step0_s_20260325_13,c11cead02a664671a2efc99d6a1b3467,,,
2026-03-25,SH600015,0.14345927028884722,EXP_DEnsembleModel_Alpha158_csi300_custom_step0_s_20260325_13,c11cead02a664671a2efc99d6a1b3467,,,
2026-03-25,SH600016,-0.07009735641807888,EXP_DEnsembleModel_Alpha158_csi300_custom_step0_s_20260325_13,c11cead02a664671a2efc99d6a1b3467,,,
2026-03-25,SH600018,0.11975962449237507,EXP_DEnsembleModel_Alpha158_csi300_custom_step0_s_20260325_13,c11cead02a664671a2efc99d6a1b3467,,,
2026-03-25,SH600276,0.0641852351960568,EXP_DEnsembleModel_Alpha158_csi300_custom_step0_s_20260325_13,c11cead02a664671a2efc99d6a1b3467,,,
2026-03-25,SZ302132,-0.10004375874996185,EXP_XGBModel_Alpha158_csi300_custom_step0_s_20260325_13,70aa04602be44171bbfe8de7fc11e803,,,
