datetime,instrument,score,exp_name,rid,real_label,error,abs_error
2026-03-26,SH600000,0.00297880782679411,EXP_LGBModel_Alpha158_csi300_custom_step0_s_20260326_16,b9c7d2224ad54869801e271835b162ce,,,
2026-03-26,SZ300866,0.03363669948184826,EXP_DEnsembleModel_Alpha158_csi300_custom_step0_s_20260326_14,c9838e3c9b9e46a08aeaa92eba95d789,,,
2026-03-26,SZ300896,-0.09034265624478406,EXP_DEnsembleModel_Alpha158_csi300_custom_step0_s_20260326_14,c9838e3c9b9e46a08aeaa92eba95d789,,,
2026-03-26,SZ300979,-0.10502323588489708,EXP_DEnsembleModel_Alpha158_csi300_custom_step0_s_20260326_14,c9838e3c9b9e46a08aeaa92eba95d789,,,
2026-03-26,SZ300999,-0.07123303617308334,EXP_DEnsembleModel_Alpha158_csi300_custom_step0_s_20260326_14,c9838e3c9b9e46a08aeaa92eba95d789,,,
2026-03-26,SZ301236,0.0007613069276189425,EXP_DEnsembleModel_Alpha158_csi300_custom_step0_s_20260326_14,c9838e3c9b9e46a08aeaa92eba95d789,,,
2026-03-26,SZ301269,0.17038231604263565,EXP_DEnsembleModel_Alpha158_csi300_custom_step0_s_20260326_14,c9838e3c9b9e46a08aeaa92eba95d789,,,
2026-03-26,SZ302132,-0.0389807066828474,EXP_DEnsembleModel_Alpha158_csi300_custom_step0_s_20260326_14,c9838e3c9b9e46a08aeaa92eba95d789,,,
2026-03-26,SH600000,0.01798103004693985,EXP_XGBModel_Alpha158_csi300_custom_step0_s_20260326_13,298fbf5c18214deab17ce67384d335c3,,,
2026-03-26,SH600009,-0.056636910885572433,EXP_XGBModel_Alpha158_csi300_custom_step0_s_20260326_13,298fbf5c18214deab17ce67384d335c3,,,
2026-03-26,SH600010,-0.004723530262708664,EXP_XGBModel_Alpha158_csi300_custom_step0_s_20260326_13,298fbf5c18214deab17ce67384d335c3,,,
2026-03-26,SH600011,-0.003123643808066845,EXP_XGBModel_Alpha158_csi300_custom_step0_s_20260326_13,298fbf5c18214deab17ce67384d335c3,,,
2026-03-26,SZ300832,-0.0440761424215283,EXP_DEnsembleModel_Alpha158_csi300_custom_step0_s_20260326_14,c9838e3c9b9e46a08aeaa92eba95d789,,,
2026-03-26,SH600015,0.020927071571350098,EXP_XGBModel_Alpha158_csi300_custom_step0_s_20260326_13,298fbf5c18214deab17ce67384d335c3,,,
2026-03-26,SH600018,0.018258661031723022,EXP_XGBModel_Alpha158_csi300_custom_step0_s_20260326_13,298fbf5c18214deab17ce67384d335c3,,,
2026-03-26,SH600019,-0.04185395687818527,EXP_XGBModel_Alpha158_csi300_custom_step0_s_20260326_13,298fbf5c18214deab17ce67384d335c3,,,
2026-03-26,SH600023,0.052975207567214966,EXP_XGBModel_Alpha158_csi300_custom_step0_s_20260326_13,298fbf5c18214deab17ce67384d335c3,,,
2026-03-26,SH600025,-0.02108358033001423,EXP_XGBModel_Alpha158_csi300_custom_step0_s_20260326_13,298fbf5c18214deab17ce67384d335c3,,,
2026-03-26,SH600026,-0.0005186499329283834,EXP_XGBModel_Alpha158_csi300_custom_step0_s_20260326_13,298fbf5c18214deab17ce67384d335c3,,,
2026-03-26,SH600027,-0.03706526383757591,EXP_XGBModel_Alpha158_csi300_custom_step0_s_20260326_13,298fbf5c18214deab17ce67384d335c3,,,
2026-03-26,SH600028,-0.13526467978954315,EXP_XGBModel_Alpha158_csi300_custom_step0_s_20260326_13,298fbf5c18214deab17ce67384d335c3,,,
2026-03-26,SH600029,-0.18486356735229492,EXP_XGBModel_Alpha158_csi300_custom_step0_s_20260326_13,298fbf5c18214deab17ce67384d335c3,,,
2026-03-26,SH600030,-0.03259488567709923,EXP_XGBModel_Alpha158_csi300_custom_step0_s_20260326_13,298fbf5c18214deab17ce67384d335c3,,,
2026-03-26,SH600031,-0.03984307870268822,EXP_XGBModel_Alpha158_csi300_custom_step0_s_20260326_13,298fbf5c18214deab17ce67384d335c3,,,
2026-03-26,SH600036,0.028987744823098183,EXP_XGBModel_Alpha158_csi300_custom_step0_s_20260326_13,298fbf5c18214deab17ce67384d335c3,,,
2026-03-26,SH600016,-0.04809488356113434,EXP_XGBModel_Alpha158_csi300_custom_step0_s_20260326_13,298fbf5c18214deab17ce67384d335c3,,,
2026-03-26,SH600039,-0.018476584926247597,EXP_XGBModel_Alpha158_csi300_custom_step0_s_20260326_13,298fbf5c18214deab17ce67384d335c3,,,
2026-03-26,SZ300803,0.001141038886046087,EXP_DEnsembleModel_Alpha158_csi300_custom_step0_s_20260326_14,c9838e3c9b9e46a08aeaa92eba95d789,,,
2026-03-26,SZ300760,-0.05332550144406016,EXP_DEnsembleModel_Alpha158_csi300_custom_step0_s_20260326_14,c9838e3c9b9e46a08aeaa92eba95d789,,,
2026-03-26,SZ300014,0.01619328457690097,EXP_DEnsembleModel_Alpha158_csi300_custom_step0_s_20260326_14,c9838e3c9b9e46a08aeaa92eba95d789,,,
2026-03-26,SZ300015,-0.0758646178919825,EXP_DEnsembleModel_Alpha158_csi300_custom_step0_s_20260326_14,c9838e3c9b9e46a08aeaa92eba95d789,,,
2026-03-26,SZ300033,-0.06919808834342757,EXP_DEnsembleModel_Alpha158_csi300_custom_step0_s_20260326_14,c9838e3c9b9e46a08aeaa92eba95d789,,,
2026-03-26,SZ300059,-0.07710186573098131,EXP_DEnsembleModel_Alpha158_csi300_custom_step0_s_20260326_14,c9838e3c9b9e46a08aeaa92eba95d789,,,
2026-03-26,SZ300122,-0.10578125925080249,EXP_DEnsembleModel_Alpha158_csi300_custom_step0_s_20260326_14,c9838e3c9b9e46a08aeaa92eba95d789,,,
2026-03-26,SZ300124,-0.06876144345015549,EXP_DEnsembleModel_Alpha158_csi300_custom_step0_s_20260326_14,c9838e3c9b9e46a08aeaa92eba95d789,,,
2026-03-26,SZ300251,0.019532139352859103,EXP_DEnsembleModel_Alpha158_csi300_custom_step0_s_20260326_14,c9838e3c9b9e46a08aeaa92eba95d789,,,
2026-03-26,SZ300274,0.003958350396172963,EXP_DEnsembleModel_Alpha158_csi300_custom_step0_s_20260326_14,c9838e3c9b9e46a08aeaa92eba95d789,,,
2026-03-26,SZ300308,-0.09891851916774053,EXP_DEnsembleModel_Alpha158_csi300_custom_step0_s_20260326_14,c9838e3c9b9e46a08aeaa92eba95d789,,,
2026-03-26,SZ300316,-0.04925628572574272,EXP_DEnsembleModel_Alpha158_csi300_custom_step0_s_20260326_14,c9838e3c9b9e46a08aeaa92eba95d789,,,
2026-03-26,SZ300347,-0.0827126445071593,EXP_DEnsembleModel_Alpha158_csi300_custom_step0_s_20260326_14,c9838e3c9b9e46a08aeaa92eba95d789,,,
2026-03-26,SZ300782,-0.12100785209092749,EXP_DEnsembleModel_Alpha158_csi300_custom_step0_s_20260326_14,c9838e3c9b9e46a08aeaa92eba95d789,,,
2026-03-26,SZ300394,0.02303843944556418,EXP_DEnsembleModel_Alpha158_csi300_custom_step0_s_20260326_14,c9838e3c9b9e46a08aeaa92eba95d789,,,
2026-03-26,SZ300413,0.012965743794956656,EXP_DEnsembleModel_Alpha158_csi300_custom_step0_s_20260326_14,c9838e3c9b9e46a08aeaa92eba95d789,,,
2026-03-26,SZ300418,0.1063095380151113,EXP_DEnsembleModel_Alpha158_csi300_custom_step0_s_20260326_14,c9838e3c9b9e46a08aeaa92eba95d789,,,
2026-03-26,SZ300433,-0.012138110749518432,EXP_DEnsembleModel_Alpha158_csi300_custom_step0_s_20260326_14,c9838e3c9b9e46a08aeaa92eba95d789,,,
2026-03-26,SZ300442,-0.032314468529437854,EXP_DEnsembleModel_Alpha158_csi300_custom_step0_s_20260326_14,c9838e3c9b9e46a08aeaa92eba95d789,,,
2026-03-26,SZ300476,0.037082209770610046,EXP_DEnsembleModel_Alpha158_csi300_custom_step0_s_20260326_14,c9838e3c9b9e46a08aeaa92eba95d789,,,
2026-03-26,SZ300498,0.039116447056986386,EXP_DEnsembleModel_Alpha158_csi300_custom_step0_s_20260326_14,c9838e3c9b9e46a08aeaa92eba95d789,,,
2026-03-26,SZ300502,-0.02770840580810341,EXP_DEnsembleModel_Alpha158_csi300_custom_step0_s_20260326_14,c9838e3c9b9e46a08aeaa92eba95d789,,,
2026-03-26,SZ300628,-0.1705683923690566,EXP_DEnsembleModel_Alpha158_csi300_custom_step0_s_20260326_14,c9838e3c9b9e46a08aeaa92eba95d789,,,
2026-03-26,SZ300661,-0.05078800989573374,EXP_DEnsembleModel_Alpha158_csi300_custom_step0_s_20260326_14,c9838e3c9b9e46a08aeaa92eba95d789,,,
2026-03-26,SZ300750,0.23208606806058538,EXP_DEnsembleModel_Alpha158_csi300_custom_step0_s_20260326_14,c9838e3c9b9e46a08aeaa92eba95d789,,,
2026-03-26,SZ300759,0.0725707694560816,EXP_DEnsembleModel_Alpha158_csi300_custom_step0_s_20260326_14,c9838e3c9b9e46a08aeaa92eba95d789,,,
2026-03-26,SZ300408,0.1329591710579035,EXP_DEnsembleModel_Alpha158_csi300_custom_step0_s_20260326_14,c9838e3c9b9e46a08aeaa92eba95d789,,,
2026-03-26,SZ003816,0.09023356565351513,EXP_DEnsembleModel_Alpha158_csi300_custom_step0_s_20260326_14,c9838e3c9b9e46a08aeaa92eba95d789,,,
2026-03-26,SH600048,-0.009744588285684586,EXP_XGBModel_Alpha158_csi300_custom_step0_s_20260326_13,298fbf5c18214deab17ce67384d335c3,,,
2026-03-26,SH600061,-0.0393146350979805,EXP_XGBModel_Alpha158_csi300_custom_step0_s_20260326_13,298fbf5c18214deab17ce67384d335c3,,,
2026-03-26,SH600489,0.356010764837265,EXP_XGBModel_Alpha158_csi300_custom_step0_s_20260326_13,298fbf5c18214deab17ce67384d335c3,,,
2026-03-26,SH600515,-0.06184673309326172,EXP_XGBModel_Alpha158_csi300_custom_step0_s_20260326_13,298fbf5c18214deab17ce67384d335c3,,,
2026-03-26,SH600519,-0.023238234221935272,EXP_XGBModel_Alpha158_csi300_custom_step0_s_20260326_13,298fbf5c18214deab17ce67384d335c3,,,
2026-03-26,SH600522,0.18613751232624054,EXP_XGBModel_Alpha158_csi300_custom_step0_s_20260326_13,298fbf5c18214deab17ce67384d335c3,,,
2026-03-26,SH600547,0.4780218303203583,EXP_XGBModel_Alpha158_csi300_custom_step0_s_20260326_13,298fbf5c18214deab17ce67384d335c3,,,
2026-03-26,SH600570,0.011106003075838089,EXP_XGBModel_Alpha158_csi300_custom_step0_s_20260326_13,298fbf5c18214deab17ce67384d335c3,,,
2026-03-26,SH600584,0.2295546680688858,EXP_XGBModel_Alpha158_csi300_custom_step0_s_20260326_13,298fbf5c18214deab17ce67384d335c3,,,
2026-03-26,SH600585,-0.033572182059288025,EXP_XGBModel_Alpha158_csi300_custom_step0_s_20260326_13,298fbf5c18214deab17ce67384d335c3,,,
2026-03-26,SH600588,-0.10126715153455734,EXP_XGBModel_Alpha158_csi300_custom_step0_s_20260326_13,298fbf5c18214deab17ce67384d335c3,,,
2026-03-26,SH600600,-0.01399072166532278,EXP_XGBModel_Alpha158_csi300_custom_step0_s_20260326_13,298fbf5c18214deab17ce67384d335c3,,,
2026-03-26,SH600660,-0.013461070135235786,EXP_XGBModel_Alpha158_csi300_custom_step0_s_20260326_13,298fbf5c18214deab17ce67384d335c3,,,
2026-03-26,SH600482,0.12857332825660706,EXP_XGBModel_Alpha158_csi300_custom_step0_s_20260326_13,298fbf5c18214deab17ce67384d335c3,,,
2026-03-26,SH600674,0.01715839095413685,EXP_XGBModel_Alpha158_csi300_custom_step0_s_20260326_13,298fbf5c18214deab17ce67384d335c3,,,
2026-03-26,SH600741,-0.02450753189623356,EXP_XGBModel_Alpha158_csi300_custom_step0_s_20260326_13,298fbf5c18214deab17ce67384d335c3,,,
2026-03-26,SH600760,-0.017858875915408134,EXP_XGBModel_Alpha158_csi300_custom_step0_s_20260326_13,298fbf5c18214deab17ce67384d335c3,,,
2026-03-26,SH600795,0.01618937775492668,EXP_XGBModel_Alpha158_csi300_custom_step0_s_20260326_13,298fbf5c18214deab17ce67384d335c3,,,
2026-03-26,SH600803,0.027654064819216728,EXP_XGBModel_Alpha158_csi300_custom_step0_s_20260326_13,298fbf5c18214deab17ce67384d335c3,,,
2026-03-26,SH600809,-0.04111593961715698,EXP_XGBModel_Alpha158_csi300_custom_step0_s_20260326_13,298fbf5c18214deab17ce67384d335c3,,,
2026-03-26,SH600845,-0.007078954949975014,EXP_XGBModel_Alpha158_csi300_custom_step0_s_20260326_13,298fbf5c18214deab17ce67384d335c3,,,
2026-03-26,SH600875,0.2891104817390442,EXP_XGBModel_Alpha158_csi300_custom_step0_s_20260326_13,298fbf5c18214deab17ce67384d335c3,,,
2026-03-26,SH600886,0.039358001202344894,EXP_XGBModel_Alpha158_csi300_custom_step0_s_20260326_13,298fbf5c18214deab17ce67384d335c3,,,
2026-03-26,SH600887,-0.006472529377788305,EXP_XGBModel_Alpha158_csi300_custom_step0_s_20260326_13,298fbf5c18214deab17ce67384d335c3,,,
2026-03-26,SH600893,0.3067239820957184,EXP_XGBModel_Alpha158_csi300_custom_step0_s_20260326_13,298fbf5c18214deab17ce67384d335c3,,,
2026-03-26,SH600900,0.022470196709036827,EXP_XGBModel_Alpha158_csi300_custom_step0_s_20260326_13,298fbf5c18214deab17ce67384d335c3,,,
2026-03-26,SH600690,-0.05819622427225113,EXP_XGBModel_Alpha158_csi300_custom_step0_s_20260326_13,298fbf5c18214deab17ce67384d335c3,,,
2026-03-26,SH600050,-0.0424969345331192,EXP_XGBModel_Alpha158_csi300_custom_step0_s_20260326_13,298fbf5c18214deab17ce67384d335c3,,,
2026-03-26,SH600460,-0.0010158082004636526,EXP_XGBModel_Alpha158_csi300_custom_step0_s_20260326_13,298fbf5c18214deab17ce67384d335c3,,,
2026-03-26,SH600436,-0.03616664186120033,EXP_XGBModel_Alpha158_csi300_custom_step0_s_20260326_13,298fbf5c18214deab17ce67384d335c3,,,
2026-03-26,SH600066,0.04662315547466278,EXP_XGBModel_Alpha158_csi300_custom_step0_s_20260326_13,298fbf5c18214deab17ce67384d335c3,,,
2026-03-26,SH600085,-0.031186014413833618,EXP_XGBModel_Alpha158_csi300_custom_step0_s_20260326_13,298fbf5c18214deab17ce67384d335c3,,,
2026-03-26,SH600089,-0.005240640603005886,EXP_XGBModel_Alpha158_csi300_custom_step0_s_20260326_13,298fbf5c18214deab17ce67384d335c3,,,
2026-03-26,SH600104,-0.004942348692566156,EXP_XGBModel_Alpha158_csi300_custom_step0_s_20260326_13,298fbf5c18214deab17ce67384d335c3,,,
2026-03-26,SH600111,0.06039765104651451,EXP_XGBModel_Alpha158_csi300_custom_step0_s_20260326_13,298fbf5c18214deab17ce67384d335c3,,,
2026-03-26,SH600115,0.05351341888308525,EXP_XGBModel_Alpha158_csi300_custom_step0_s_20260326_13,298fbf5c18214deab17ce67384d335c3,,,
2026-03-26,SH600150,0.09928993880748749,EXP_XGBModel_Alpha158_csi300_custom_step0_s_20260326_13,298fbf5c18214deab17ce67384d335c3,,,
2026-03-26,SH600160,0.06146576628088951,EXP_XGBModel_Alpha158_csi300_custom_step0_s_20260326_13,298fbf5c18214deab17ce67384d335c3,,,
2026-03-26,SH600161,-0.028638049960136414,EXP_XGBModel_Alpha158_csi300_custom_step0_s_20260326_13,298fbf5c18214deab17ce67384d335c3,,,
2026-03-26,SH600176,-0.00023729214444756508,EXP_XGBModel_Alpha158_csi300_custom_step0_s_20260326_13,298fbf5c18214deab17ce67384d335c3,,,
2026-03-26,SH600183,0.07634294033050537,EXP_XGBModel_Alpha158_csi300_custom_step0_s_20260326_13,298fbf5c18214deab17ce67384d335c3,,,
2026-03-26,SH600438,0.1385067254304886,EXP_XGBModel_Alpha158_csi300_custom_step0_s_20260326_13,298fbf5c18214deab17ce67384d335c3,,,
2026-03-26,SH600188,0.016088007017970085,EXP_XGBModel_Alpha158_csi300_custom_step0_s_20260326_13,298fbf5c18214deab17ce67384d335c3,,,
2026-03-26,SH600219,-0.2676717936992645,EXP_XGBModel_Alpha158_csi300_custom_step0_s_20260326_13,298fbf5c18214deab17ce67384d335c3,,,
2026-03-26,SH600233,0.0051854439079761505,EXP_XGBModel_Alpha158_csi300_custom_step0_s_20260326_13,298fbf5c18214deab17ce67384d335c3,,,
2026-03-26,SH600276,-0.07954616099596024,EXP_XGBModel_Alpha158_csi300_custom_step0_s_20260326_13,298fbf5c18214deab17ce67384d335c3,,,
2026-03-26,SH600309,-0.01691075786948204,EXP_XGBModel_Alpha158_csi300_custom_step0_s_20260326_13,298fbf5c18214deab17ce67384d335c3,,,
2026-03-26,SH600346,-0.13081292808055878,EXP_XGBModel_Alpha158_csi300_custom_step0_s_20260326_13,298fbf5c18214deab17ce67384d335c3,,,
2026-03-26,SH600362,-0.012380408123135567,EXP_XGBModel_Alpha158_csi300_custom_step0_s_20260326_13,298fbf5c18214deab17ce67384d335c3,,,
2026-03-26,SH600372,0.02241457626223564,EXP_XGBModel_Alpha158_csi300_custom_step0_s_20260326_13,298fbf5c18214deab17ce67384d335c3,,,
2026-03-26,SH600377,0.005440094508230686,EXP_XGBModel_Alpha158_csi300_custom_step0_s_20260326_13,298fbf5c18214deab17ce67384d335c3,,,
2026-03-26,SH600406,-0.03816091641783714,EXP_XGBModel_Alpha158_csi300_custom_step0_s_20260326_13,298fbf5c18214deab17ce67384d335c3,,,
2026-03-26,SH600415,-0.005044553428888321,EXP_XGBModel_Alpha158_csi300_custom_step0_s_20260326_13,298fbf5c18214deab17ce67384d335c3,,,
2026-03-26,SH600426,0.046001795679330826,EXP_XGBModel_Alpha158_csi300_custom_step0_s_20260326_13,298fbf5c18214deab17ce67384d335c3,,,
2026-03-26,SH600196,-0.025318568572402,EXP_XGBModel_Alpha158_csi300_custom_step0_s_20260326_13,298fbf5c18214deab17ce67384d335c3,,,
2026-03-26,SZ002938,0.026778502401919944,EXP_DEnsembleModel_Alpha158_csi300_custom_step0_s_20260326_14,c9838e3c9b9e46a08aeaa92eba95d789,,,
2026-03-26,SZ002920,-0.06921057631471723,EXP_DEnsembleModel_Alpha158_csi300_custom_step0_s_20260326_14,c9838e3c9b9e46a08aeaa92eba95d789,,,
2026-03-26,SZ002916,0.11372611696930698,EXP_DEnsembleModel_Alpha158_csi300_custom_step0_s_20260326_14,c9838e3c9b9e46a08aeaa92eba95d789,,,
2026-03-26,SH688169,0.10300730776096804,EXP_DEnsembleModel_Alpha158_csi300_custom_step0_s_20260326_14,c9838e3c9b9e46a08aeaa92eba95d789,,,
2026-03-26,SH688187,0.04379217519387065,EXP_DEnsembleModel_Alpha158_csi300_custom_step0_s_20260326_14,c9838e3c9b9e46a08aeaa92eba95d789,,,
2026-03-26,SH688223,0.032211355272952526,EXP_DEnsembleModel_Alpha158_csi300_custom_step0_s_20260326_14,c9838e3c9b9e46a08aeaa92eba95d789,,,
2026-03-26,SH688256,-0.020947090785164168,EXP_DEnsembleModel_Alpha158_csi300_custom_step0_s_20260326_14,c9838e3c9b9e46a08aeaa92eba95d789,,,
2026-03-26,SH688271,-0.09051261095981467,EXP_DEnsembleModel_Alpha158_csi300_custom_step0_s_20260326_14,c9838e3c9b9e46a08aeaa92eba95d789,,,
2026-03-26,SH688303,-0.10043821766131962,EXP_DEnsembleModel_Alpha158_csi300_custom_step0_s_20260326_14,c9838e3c9b9e46a08aeaa92eba95d789,,,
2026-03-26,SH688396,0.09108059676326545,EXP_DEnsembleModel_Alpha158_csi300_custom_step0_s_20260326_14,c9838e3c9b9e46a08aeaa92eba95d789,,,
2026-03-26,SH688472,-0.07163277437368216,EXP_DEnsembleModel_Alpha158_csi300_custom_step0_s_20260326_14,c9838e3c9b9e46a08aeaa92eba95d789,,,
2026-03-26,SH688506,-0.013828471890865638,EXP_DEnsembleModel_Alpha158_csi300_custom_step0_s_20260326_14,c9838e3c9b9e46a08aeaa92eba95d789,,,
2026-03-26,SH688981,-0.005817031168733742,EXP_DEnsembleModel_Alpha158_csi300_custom_step0_s_20260326_14,c9838e3c9b9e46a08aeaa92eba95d789,,,
2026-03-26,SZ000001,0.09752594509347463,EXP_DEnsembleModel_Alpha158_csi300_custom_step0_s_20260326_14,c9838e3c9b9e46a08aeaa92eba95d789,,,
2026-03-26,SH688126,0.06936871410570175,EXP_DEnsembleModel_Alpha158_csi300_custom_step0_s_20260326_14,c9838e3c9b9e46a08aeaa92eba95d789,,,
2026-03-26,SZ000002,-0.0911343764573804,EXP_DEnsembleModel_Alpha158_csi300_custom_step0_s_20260326_14,c9838e3c9b9e46a08aeaa92eba95d789,,,
2026-03-26,SZ000100,-0.025285426124745793,EXP_DEnsembleModel_Alpha158_csi300_custom_step0_s_20260326_14,c9838e3c9b9e46a08aeaa92eba95d789,,,
2026-03-26,SZ000157,-0.057702046468956616,EXP_DEnsembleModel_Alpha158_csi300_custom_step0_s_20260326_14,c9838e3c9b9e46a08aeaa92eba95d789,,,
2026-03-26,SZ000166,-0.006299664601602973,EXP_DEnsembleModel_Alpha158_csi300_custom_step0_s_20260326_14,c9838e3c9b9e46a08aeaa92eba95d789,,,
2026-03-26,SZ000301,0.024766577220324933,EXP_DEnsembleModel_Alpha158_csi300_custom_step0_s_20260326_14,c9838e3c9b9e46a08aeaa92eba95d789,,,
2026-03-26,SZ000333,0.010623952587640702,EXP_DEnsembleModel_Alpha158_csi300_custom_step0_s_20260326_14,c9838e3c9b9e46a08aeaa92eba95d789,,,
2026-03-26,SZ000338,-0.0005181641420566415,EXP_DEnsembleModel_Alpha158_csi300_custom_step0_s_20260326_14,c9838e3c9b9e46a08aeaa92eba95d789,,,
2026-03-26,SZ000408,-0.10400672391991556,EXP_DEnsembleModel_Alpha158_csi300_custom_step0_s_20260326_14,c9838e3c9b9e46a08aeaa92eba95d789,,,
2026-03-26,SZ000425,0.03932394915842066,EXP_DEnsembleModel_Alpha158_csi300_custom_step0_s_20260326_14,c9838e3c9b9e46a08aeaa92eba95d789,,,
2026-03-26,SZ000538,-0.0755935028675097,EXP_DEnsembleModel_Alpha158_csi300_custom_step0_s_20260326_14,c9838e3c9b9e46a08aeaa92eba95d789,,,
2026-03-26,SZ000568,-0.12407435857500172,EXP_DEnsembleModel_Alpha158_csi300_custom_step0_s_20260326_14,c9838e3c9b9e46a08aeaa92eba95d789,,,
2026-03-26,SZ000596,-0.007088421990092417,EXP_DEnsembleModel_Alpha158_csi300_custom_step0_s_20260326_14,c9838e3c9b9e46a08aeaa92eba95d789,,,
2026-03-26,SZ000063,0.0307150193618448,EXP_DEnsembleModel_Alpha158_csi300_custom_step0_s_20260326_14,c9838e3c9b9e46a08aeaa92eba95d789,,,
2026-03-26,SZ000617,0.0023450274561535762,EXP_DEnsembleModel_Alpha158_csi300_custom_step0_s_20260326_14,c9838e3c9b9e46a08aeaa92eba95d789,,,
2026-03-26,SH688111,0.07093693822107829,EXP_DEnsembleModel_Alpha158_csi300_custom_step0_s_20260326_14,c9838e3c9b9e46a08aeaa92eba95d789,,,
2026-03-26,SH688047,-0.12241760327590355,EXP_DEnsembleModel_Alpha158_csi300_custom_step0_s_20260326_14,c9838e3c9b9e46a08aeaa92eba95d789,,,
2026-03-26,SH601985,-0.03783120320635326,EXP_DEnsembleModel_Alpha158_csi300_custom_step0_s_20260326_14,c9838e3c9b9e46a08aeaa92eba95d789,,,
2026-03-26,SH601988,0.08708152808122918,EXP_DEnsembleModel_Alpha158_csi300_custom_step0_s_20260326_14,c9838e3c9b9e46a08aeaa92eba95d789,,,
2026-03-26,SH601995,-0.11818074556801993,EXP_DEnsembleModel_Alpha158_csi300_custom_step0_s_20260326_14,c9838e3c9b9e46a08aeaa92eba95d789,,,
2026-03-26,SH601998,-0.021782593461137152,EXP_DEnsembleModel_Alpha158_csi300_custom_step0_s_20260326_14,c9838e3c9b9e46a08aeaa92eba95d789,,,
2026-03-26,SH603019,0.008805533039988373,EXP_DEnsembleModel_Alpha158_csi300_custom_step0_s_20260326_14,c9838e3c9b9e46a08aeaa92eba95d789,,,
2026-03-26,SH603195,-0.05239366548394077,EXP_DEnsembleModel_Alpha158_csi300_custom_step0_s_20260326_14,c9838e3c9b9e46a08aeaa92eba95d789,,,
2026-03-26,SH603259,-0.012508340626590038,EXP_DEnsembleModel_Alpha158_csi300_custom_step0_s_20260326_14,c9838e3c9b9e46a08aeaa92eba95d789,,,
2026-03-26,SH603260,-0.035885682501485695,EXP_DEnsembleModel_Alpha158_csi300_custom_step0_s_20260326_14,c9838e3c9b9e46a08aeaa92eba95d789,,,
2026-03-26,SH603288,0.038238593181847795,EXP_DEnsembleModel_Alpha158_csi300_custom_step0_s_20260326_14,c9838e3c9b9e46a08aeaa92eba95d789,,,
2026-03-26,SH603296,0.0012488478725330725,EXP_DEnsembleModel_Alpha158_csi300_custom_step0_s_20260326_14,c9838e3c9b9e46a08aeaa92eba95d789,,,
2026-03-26,SH603369,-0.07750378627561523,EXP_DEnsembleModel_Alpha158_csi300_custom_step0_s_20260326_14,c9838e3c9b9e46a08aeaa92eba95d789,,,
2026-03-26,SH688082,0.06583809992138154,EXP_DEnsembleModel_Alpha158_csi300_custom_step0_s_20260326_14,c9838e3c9b9e46a08aeaa92eba95d789,,,
2026-03-26,SH603392,0.13607100332263622,EXP_DEnsembleModel_Alpha158_csi300_custom_step0_s_20260326_14,c9838e3c9b9e46a08aeaa92eba95d789,,,
2026-03-26,SH603799,0.027417424126332034,EXP_DEnsembleModel_Alpha158_csi300_custom_step0_s_20260326_14,c9838e3c9b9e46a08aeaa92eba95d789,,,
2026-03-26,SH603893,0.08077418500699841,EXP_DEnsembleModel_Alpha158_csi300_custom_step0_s_20260326_14,c9838e3c9b9e46a08aeaa92eba95d789,,,
2026-03-26,SH603986,-0.07387489900272852,EXP_DEnsembleModel_Alpha158_csi300_custom_step0_s_20260326_14,c9838e3c9b9e46a08aeaa92eba95d789,,,
2026-03-26,SH603993,0.15130374546803374,EXP_DEnsembleModel_Alpha158_csi300_custom_step0_s_20260326_14,c9838e3c9b9e46a08aeaa92eba95d789,,,
2026-03-26,SH605117,0.34914560015767654,EXP_DEnsembleModel_Alpha158_csi300_custom_step0_s_20260326_14,c9838e3c9b9e46a08aeaa92eba95d789,,,
2026-03-26,SH605499,-0.05153164469887484,EXP_DEnsembleModel_Alpha158_csi300_custom_step0_s_20260326_14,c9838e3c9b9e46a08aeaa92eba95d789,,,
2026-03-26,SH688008,0.08345078172572419,EXP_DEnsembleModel_Alpha158_csi300_custom_step0_s_20260326_14,c9838e3c9b9e46a08aeaa92eba95d789,,,
2026-03-26,SH688009,0.07330103098580884,EXP_DEnsembleModel_Alpha158_csi300_custom_step0_s_20260326_14,c9838e3c9b9e46a08aeaa92eba95d789,,,
2026-03-26,SH688012,0.03208500984532541,EXP_DEnsembleModel_Alpha158_csi300_custom_step0_s_20260326_14,c9838e3c9b9e46a08aeaa92eba95d789,,,
2026-03-26,SH688036,-0.08625455380968998,EXP_DEnsembleModel_Alpha158_csi300_custom_step0_s_20260326_14,c9838e3c9b9e46a08aeaa92eba95d789,,,
2026-03-26,SH688041,-0.12153370711483431,EXP_DEnsembleModel_Alpha158_csi300_custom_step0_s_20260326_14,c9838e3c9b9e46a08aeaa92eba95d789,,,
2026-03-26,SH603501,0.068894747019538,EXP_DEnsembleModel_Alpha158_csi300_custom_step0_s_20260326_14,c9838e3c9b9e46a08aeaa92eba95d789,,,
2026-03-26,SZ000625,-0.04576984439383655,EXP_DEnsembleModel_Alpha158_csi300_custom_step0_s_20260326_14,c9838e3c9b9e46a08aeaa92eba95d789,,,
2026-03-26,SZ000630,0.046430429165737745,EXP_DEnsembleModel_Alpha158_csi300_custom_step0_s_20260326_14,c9838e3c9b9e46a08aeaa92eba95d789,,,
2026-03-26,SZ000651,0.08201967677292475,EXP_DEnsembleModel_Alpha158_csi300_custom_step0_s_20260326_14,c9838e3c9b9e46a08aeaa92eba95d789,,,
2026-03-26,SZ002236,-0.04565969369337868,EXP_DEnsembleModel_Alpha158_csi300_custom_step0_s_20260326_14,c9838e3c9b9e46a08aeaa92eba95d789,,,
2026-03-26,SZ002241,0.0625137529177504,EXP_DEnsembleModel_Alpha158_csi300_custom_step0_s_20260326_14,c9838e3c9b9e46a08aeaa92eba95d789,,,
2026-03-26,SZ002252,0.018353626787646262,EXP_DEnsembleModel_Alpha158_csi300_custom_step0_s_20260326_14,c9838e3c9b9e46a08aeaa92eba95d789,,,
2026-03-26,SZ002304,-0.022719056531426023,EXP_DEnsembleModel_Alpha158_csi300_custom_step0_s_20260326_14,c9838e3c9b9e46a08aeaa92eba95d789,,,
2026-03-26,SZ002311,-0.1141310868435571,EXP_DEnsembleModel_Alpha158_csi300_custom_step0_s_20260326_14,c9838e3c9b9e46a08aeaa92eba95d789,,,
2026-03-26,SZ002352,-0.0036709072238701955,EXP_DEnsembleModel_Alpha158_csi300_custom_step0_s_20260326_14,c9838e3c9b9e46a08aeaa92eba95d789,,,
2026-03-26,SZ002371,0.025567324310313177,EXP_DEnsembleModel_Alpha158_csi300_custom_step0_s_20260326_14,c9838e3c9b9e46a08aeaa92eba95d789,,,
2026-03-26,SZ002384,0.40140517127837033,EXP_DEnsembleModel_Alpha158_csi300_custom_step0_s_20260326_14,c9838e3c9b9e46a08aeaa92eba95d789,,,
2026-03-26,SZ002415,0.05590923598804578,EXP_DEnsembleModel_Alpha158_csi300_custom_step0_s_20260326_14,c9838e3c9b9e46a08aeaa92eba95d789,,,
2026-03-26,SZ002422,0.11122968475902242,EXP_DEnsembleModel_Alpha158_csi300_custom_step0_s_20260326_14,c9838e3c9b9e46a08aeaa92eba95d789,,,
2026-03-26,SZ002459,-0.009543289229010661,EXP_DEnsembleModel_Alpha158_csi300_custom_step0_s_20260326_14,c9838e3c9b9e46a08aeaa92eba95d789,,,
2026-03-26,SZ002230,-0.010718158156918945,EXP_DEnsembleModel_Alpha158_csi300_custom_step0_s_20260326_14,c9838e3c9b9e46a08aeaa92eba95d789,,,
2026-03-26,SZ002460,0.041050357750705486,EXP_DEnsembleModel_Alpha158_csi300_custom_step0_s_20260326_14,c9838e3c9b9e46a08aeaa92eba95d789,,,
2026-03-26,SZ002466,0.009107990148947193,EXP_DEnsembleModel_Alpha158_csi300_custom_step0_s_20260326_14,c9838e3c9b9e46a08aeaa92eba95d789,,,
2026-03-26,SZ002475,-0.0702866434415018,EXP_DEnsembleModel_Alpha158_csi300_custom_step0_s_20260326_14,c9838e3c9b9e46a08aeaa92eba95d789,,,
2026-03-26,SZ002493,0.02239477060666157,EXP_DEnsembleModel_Alpha158_csi300_custom_step0_s_20260326_14,c9838e3c9b9e46a08aeaa92eba95d789,,,
2026-03-26,SZ002594,-0.0627290081987463,EXP_DEnsembleModel_Alpha158_csi300_custom_step0_s_20260326_14,c9838e3c9b9e46a08aeaa92eba95d789,,,
2026-03-26,SZ002600,-0.04882877175629263,EXP_DEnsembleModel_Alpha158_csi300_custom_step0_s_20260326_14,c9838e3c9b9e46a08aeaa92eba95d789,,,
2026-03-26,SZ002601,0.20019720018912462,EXP_DEnsembleModel_Alpha158_csi300_custom_step0_s_20260326_14,c9838e3c9b9e46a08aeaa92eba95d789,,,
2026-03-26,SZ002625,0.11262978849836931,EXP_DEnsembleModel_Alpha158_csi300_custom_step0_s_20260326_14,c9838e3c9b9e46a08aeaa92eba95d789,,,
2026-03-26,SZ002648,-0.11029382192338341,EXP_DEnsembleModel_Alpha158_csi300_custom_step0_s_20260326_14,c9838e3c9b9e46a08aeaa92eba95d789,,,
2026-03-26,SZ002709,0.07745535487321305,EXP_DEnsembleModel_Alpha158_csi300_custom_step0_s_20260326_14,c9838e3c9b9e46a08aeaa92eba95d789,,,
2026-03-26,SZ002714,0.015321780134319127,EXP_DEnsembleModel_Alpha158_csi300_custom_step0_s_20260326_14,c9838e3c9b9e46a08aeaa92eba95d789,,,
2026-03-26,SZ002736,-0.07854645015894461,EXP_DEnsembleModel_Alpha158_csi300_custom_step0_s_20260326_14,c9838e3c9b9e46a08aeaa92eba95d789,,,
2026-03-26,SZ002463,0.0568649208074979,EXP_DEnsembleModel_Alpha158_csi300_custom_step0_s_20260326_14,c9838e3c9b9e46a08aeaa92eba95d789,,,
2026-03-26,SZ002179,-0.06523144981144609,EXP_DEnsembleModel_Alpha158_csi300_custom_step0_s_20260326_14,c9838e3c9b9e46a08aeaa92eba95d789,,,
2026-03-26,SZ002142,0.11279504215803686,EXP_DEnsembleModel_Alpha158_csi300_custom_step0_s_20260326_14,c9838e3c9b9e46a08aeaa92eba95d789,,,
2026-03-26,SZ002074,0.05981529193158846,EXP_DEnsembleModel_Alpha158_csi300_custom_step0_s_20260326_14,c9838e3c9b9e46a08aeaa92eba95d789,,,
2026-03-26,SZ000661,-0.08008200414937347,EXP_DEnsembleModel_Alpha158_csi300_custom_step0_s_20260326_14,c9838e3c9b9e46a08aeaa92eba95d789,,,
2026-03-26,SZ000708,0.01625849902819543,EXP_DEnsembleModel_Alpha158_csi300_custom_step0_s_20260326_14,c9838e3c9b9e46a08aeaa92eba95d789,,,
2026-03-26,SZ000725,-0.04166809789001582,EXP_DEnsembleModel_Alpha158_csi300_custom_step0_s_20260326_14,c9838e3c9b9e46a08aeaa92eba95d789,,,
2026-03-26,SZ000768,-0.05595162381647641,EXP_DEnsembleModel_Alpha158_csi300_custom_step0_s_20260326_14,c9838e3c9b9e46a08aeaa92eba95d789,,,
2026-03-26,SZ000776,-0.05521089792901054,EXP_DEnsembleModel_Alpha158_csi300_custom_step0_s_20260326_14,c9838e3c9b9e46a08aeaa92eba95d789,,,
2026-03-26,SZ000786,-0.07366505033144982,EXP_DEnsembleModel_Alpha158_csi300_custom_step0_s_20260326_14,c9838e3c9b9e46a08aeaa92eba95d789,,,
2026-03-26,SZ000792,0.03503987602254952,EXP_DEnsembleModel_Alpha158_csi300_custom_step0_s_20260326_14,c9838e3c9b9e46a08aeaa92eba95d789,,,
2026-03-26,SZ000807,-0.025546805878986785,EXP_DEnsembleModel_Alpha158_csi300_custom_step0_s_20260326_14,c9838e3c9b9e46a08aeaa92eba95d789,,,
2026-03-26,SZ000858,0.06790922608814719,EXP_DEnsembleModel_Alpha158_csi300_custom_step0_s_20260326_14,c9838e3c9b9e46a08aeaa92eba95d789,,,
2026-03-26,SZ000876,-0.11063438659405306,EXP_DEnsembleModel_Alpha158_csi300_custom_step0_s_20260326_14,c9838e3c9b9e46a08aeaa92eba95d789,,,
2026-03-26,SZ000895,0.11742220984309362,EXP_DEnsembleModel_Alpha158_csi300_custom_step0_s_20260326_14,c9838e3c9b9e46a08aeaa92eba95d789,,,
2026-03-26,SZ000938,0.07029783804334364,EXP_DEnsembleModel_Alpha158_csi300_custom_step0_s_20260326_14,c9838e3c9b9e46a08aeaa92eba95d789,,,
2026-03-26,SZ000963,-0.03371640806462878,EXP_DEnsembleModel_Alpha158_csi300_custom_step0_s_20260326_14,c9838e3c9b9e46a08aeaa92eba95d789,,,
2026-03-26,SZ000975,0.09243996166059051,EXP_DEnsembleModel_Alpha158_csi300_custom_step0_s_20260326_14,c9838e3c9b9e46a08aeaa92eba95d789,,,
2026-03-26,SZ000977,0.09180000529086377,EXP_DEnsembleModel_Alpha158_csi300_custom_step0_s_20260326_14,c9838e3c9b9e46a08aeaa92eba95d789,,,
2026-03-26,SZ000983,0.023909877368180236,EXP_DEnsembleModel_Alpha158_csi300_custom_step0_s_20260326_14,c9838e3c9b9e46a08aeaa92eba95d789,,,
2026-03-26,SZ000999,-0.021858453963650347,EXP_DEnsembleModel_Alpha158_csi300_custom_step0_s_20260326_14,c9838e3c9b9e46a08aeaa92eba95d789,,,
2026-03-26,SZ001391,0.04912996181279457,EXP_DEnsembleModel_Alpha158_csi300_custom_step0_s_20260326_14,c9838e3c9b9e46a08aeaa92eba95d789,,,
2026-03-26,SZ001965,0.13662169012429076,EXP_DEnsembleModel_Alpha158_csi300_custom_step0_s_20260326_14,c9838e3c9b9e46a08aeaa92eba95d789,,,
2026-03-26,SZ001979,-0.10083384463897645,EXP_DEnsembleModel_Alpha158_csi300_custom_step0_s_20260326_14,c9838e3c9b9e46a08aeaa92eba95d789,,,
2026-03-26,SZ002001,0.14312682292074788,EXP_DEnsembleModel_Alpha158_csi300_custom_step0_s_20260326_14,c9838e3c9b9e46a08aeaa92eba95d789,,,
2026-03-26,SZ002027,-0.0060917917563992835,EXP_DEnsembleModel_Alpha158_csi300_custom_step0_s_20260326_14,c9838e3c9b9e46a08aeaa92eba95d789,,,
2026-03-26,SZ002028,0.08265648164483672,EXP_DEnsembleModel_Alpha158_csi300_custom_step0_s_20260326_14,c9838e3c9b9e46a08aeaa92eba95d789,,,
2026-03-26,SZ002049,-0.07134702800066048,EXP_DEnsembleModel_Alpha158_csi300_custom_step0_s_20260326_14,c9838e3c9b9e46a08aeaa92eba95d789,,,
2026-03-26,SZ002050,-0.0748796937239882,EXP_DEnsembleModel_Alpha158_csi300_custom_step0_s_20260326_14,c9838e3c9b9e46a08aeaa92eba95d789,,,
2026-03-26,SH600905,-0.0590493343770504,EXP_XGBModel_Alpha158_csi300_custom_step0_s_20260326_13,298fbf5c18214deab17ce67384d335c3,,,
2026-03-26,SH601939,0.1331979890321938,EXP_DEnsembleModel_Alpha158_csi300_custom_step0_s_20260326_14,c9838e3c9b9e46a08aeaa92eba95d789,,,
2026-03-26,SH600918,-0.019416071474552155,EXP_XGBModel_Alpha158_csi300_custom_step0_s_20260326_13,298fbf5c18214deab17ce67384d335c3,,,
2026-03-26,SH600926,0.006187450606375933,EXP_XGBModel_Alpha158_csi300_custom_step0_s_20260326_13,298fbf5c18214deab17ce67384d335c3,,,
2026-03-26,SZ000895,0.010292158462107182,EXP_XGBModel_Alpha158_csi300_custom_step0_s_20260326_13,298fbf5c18214deab17ce67384d335c3,,,
2026-03-26,SZ000938,-0.044356681406497955,EXP_XGBModel_Alpha158_csi300_custom_step0_s_20260326_13,298fbf5c18214deab17ce67384d335c3,,,
2026-03-26,SZ000963,-0.02022884599864483,EXP_XGBModel_Alpha158_csi300_custom_step0_s_20260326_13,298fbf5c18214deab17ce67384d335c3,,,
2026-03-26,SZ000975,0.22342059016227722,EXP_XGBModel_Alpha158_csi300_custom_step0_s_20260326_13,298fbf5c18214deab17ce67384d335c3,,,
2026-03-26,SZ000977,-0.02204824984073639,EXP_XGBModel_Alpha158_csi300_custom_step0_s_20260326_13,298fbf5c18214deab17ce67384d335c3,,,
2026-03-26,SZ000983,0.3883132338523865,EXP_XGBModel_Alpha158_csi300_custom_step0_s_20260326_13,298fbf5c18214deab17ce67384d335c3,,,
2026-03-26,SZ000999,-0.009709549136459827,EXP_XGBModel_Alpha158_csi300_custom_step0_s_20260326_13,298fbf5c18214deab17ce67384d335c3,,,
2026-03-26,SZ001391,-0.00686687184497714,EXP_XGBModel_Alpha158_csi300_custom_step0_s_20260326_13,298fbf5c18214deab17ce67384d335c3,,,
2026-03-26,SZ001965,0.012333274818956852,EXP_XGBModel_Alpha158_csi300_custom_step0_s_20260326_13,298fbf5c18214deab17ce67384d335c3,,,
2026-03-26,SZ001979,0.0038206607569009066,EXP_XGBModel_Alpha158_csi300_custom_step0_s_20260326_13,298fbf5c18214deab17ce67384d335c3,,,
2026-03-26,SZ002001,0.0942116230726242,EXP_XGBModel_Alpha158_csi300_custom_step0_s_20260326_13,298fbf5c18214deab17ce67384d335c3,,,
2026-03-26,SZ000876,-0.025265293195843697,EXP_XGBModel_Alpha158_csi300_custom_step0_s_20260326_13,298fbf5c18214deab17ce67384d335c3,,,
2026-03-26,SZ002027,-0.010200534015893936,EXP_XGBModel_Alpha158_csi300_custom_step0_s_20260326_13,298fbf5c18214deab17ce67384d335c3,,,
2026-03-26,SZ002049,0.002244052244350314,EXP_XGBModel_Alpha158_csi300_custom_step0_s_20260326_13,298fbf5c18214deab17ce67384d335c3,,,
2026-03-26,SZ002050,-0.07443202286958694,EXP_XGBModel_Alpha158_csi300_custom_step0_s_20260326_13,298fbf5c18214deab17ce67384d335c3,,,
2026-03-26,SZ002074,0.0223447997123003,EXP_XGBModel_Alpha158_csi300_custom_step0_s_20260326_13,298fbf5c18214deab17ce67384d335c3,,,
2026-03-26,SZ002142,-0.0030931339133530855,EXP_XGBModel_Alpha158_csi300_custom_step0_s_20260326_13,298fbf5c18214deab17ce67384d335c3,,,
2026-03-26,SZ002179,-0.024298937991261482,EXP_XGBModel_Alpha158_csi300_custom_step0_s_20260326_13,298fbf5c18214deab17ce67384d335c3,,,
2026-03-26,SZ002230,-0.010056663304567337,EXP_XGBModel_Alpha158_csi300_custom_step0_s_20260326_13,298fbf5c18214deab17ce67384d335c3,,,
2026-03-26,SZ002236,-0.022098321467638016,EXP_XGBModel_Alpha158_csi300_custom_step0_s_20260326_13,298fbf5c18214deab17ce67384d335c3,,,
2026-03-26,SZ002241,0.023782815784215927,EXP_XGBModel_Alpha158_csi300_custom_step0_s_20260326_13,298fbf5c18214deab17ce67384d335c3,,,
2026-03-26,SZ002252,-0.0337677039206028,EXP_XGBModel_Alpha158_csi300_custom_step0_s_20260326_13,298fbf5c18214deab17ce67384d335c3,,,
2026-03-26,SZ002304,0.05276406928896904,EXP_XGBModel_Alpha158_csi300_custom_step0_s_20260326_13,298fbf5c18214deab17ce67384d335c3,,,
2026-03-26,SZ002311,-0.018564816564321518,EXP_XGBModel_Alpha158_csi300_custom_step0_s_20260326_13,298fbf5c18214deab17ce67384d335c3,,,
2026-03-26,SZ002028,0.10447735339403152,EXP_XGBModel_Alpha158_csi300_custom_step0_s_20260326_13,298fbf5c18214deab17ce67384d335c3,,,
2026-03-26,SZ002352,-0.01501244306564331,EXP_XGBModel_Alpha158_csi300_custom_step0_s_20260326_13,298fbf5c18214deab17ce67384d335c3,,,
2026-03-26,SZ000858,-0.03085382655262947,EXP_XGBModel_Alpha158_csi300_custom_step0_s_20260326_13,298fbf5c18214deab17ce67384d335c3,,,
2026-03-26,SZ000792,0.024096189066767693,EXP_XGBModel_Alpha158_csi300_custom_step0_s_20260326_13,298fbf5c18214deab17ce67384d335c3,,,
2026-03-26,SZ000001,0.004700773395597935,EXP_XGBModel_Alpha158_csi300_custom_step0_s_20260326_13,298fbf5c18214deab17ce67384d335c3,,,
2026-03-26,SZ000002,-0.05209684371948242,EXP_XGBModel_Alpha158_csi300_custom_step0_s_20260326_13,298fbf5c18214deab17ce67384d335c3,,,
2026-03-26,SZ000063,0.027731817215681076,EXP_XGBModel_Alpha158_csi300_custom_step0_s_20260326_13,298fbf5c18214deab17ce67384d335c3,,,
2026-03-26,SZ000100,-0.08977140486240387,EXP_XGBModel_Alpha158_csi300_custom_step0_s_20260326_13,298fbf5c18214deab17ce67384d335c3,,,
2026-03-26,SZ000157,-0.05421321094036102,EXP_XGBModel_Alpha158_csi300_custom_step0_s_20260326_13,298fbf5c18214deab17ce67384d335c3,,,
2026-03-26,SZ000166,-0.04374678432941437,EXP_XGBModel_Alpha158_csi300_custom_step0_s_20260326_13,298fbf5c18214deab17ce67384d335c3,,,
2026-03-26,SZ000301,-0.05690673738718033,EXP_XGBModel_Alpha158_csi300_custom_step0_s_20260326_13,298fbf5c18214deab17ce67384d335c3,,,
2026-03-26,SZ000333,-0.018278904259204865,EXP_XGBModel_Alpha158_csi300_custom_step0_s_20260326_13,298fbf5c18214deab17ce67384d335c3,,,
2026-03-26,SZ000338,0.12097707390785217,EXP_XGBModel_Alpha158_csi300_custom_step0_s_20260326_13,298fbf5c18214deab17ce67384d335c3,,,
2026-03-26,SZ000408,-0.02988564781844616,EXP_XGBModel_Alpha158_csi300_custom_step0_s_20260326_13,298fbf5c18214deab17ce67384d335c3,,,
2026-03-26,SZ000425,-0.018617644906044006,EXP_XGBModel_Alpha158_csi300_custom_step0_s_20260326_13,298fbf5c18214deab17ce67384d335c3,,,
2026-03-26,SZ000807,-0.13772325217723846,EXP_XGBModel_Alpha158_csi300_custom_step0_s_20260326_13,298fbf5c18214deab17ce67384d335c3,,,
2026-03-26,SZ000538,-0.04147009178996086,EXP_XGBModel_Alpha158_csi300_custom_step0_s_20260326_13,298fbf5c18214deab17ce67384d335c3,,,
2026-03-26,SZ000596,-0.019990691915154457,EXP_XGBModel_Alpha158_csi300_custom_step0_s_20260326_13,298fbf5c18214deab17ce67384d335c3,,,
2026-03-26,SZ000617,-0.17919011414051056,EXP_XGBModel_Alpha158_csi300_custom_step0_s_20260326_13,298fbf5c18214deab17ce67384d335c3,,,
2026-03-26,SZ000625,-0.04815339669585228,EXP_XGBModel_Alpha158_csi300_custom_step0_s_20260326_13,298fbf5c18214deab17ce67384d335c3,,,
2026-03-26,SZ000630,0.05175076425075531,EXP_XGBModel_Alpha158_csi300_custom_step0_s_20260326_13,298fbf5c18214deab17ce67384d335c3,,,
2026-03-26,SZ000651,-0.005195286124944687,EXP_XGBModel_Alpha158_csi300_custom_step0_s_20260326_13,298fbf5c18214deab17ce67384d335c3,,,
2026-03-26,SZ000661,0.01990360952913761,EXP_XGBModel_Alpha158_csi300_custom_step0_s_20260326_13,298fbf5c18214deab17ce67384d335c3,,,
2026-03-26,SZ000708,-0.0005771424621343613,EXP_XGBModel_Alpha158_csi300_custom_step0_s_20260326_13,298fbf5c18214deab17ce67384d335c3,,,
2026-03-26,SZ000725,-0.037480615079402924,EXP_XGBModel_Alpha158_csi300_custom_step0_s_20260326_13,298fbf5c18214deab17ce67384d335c3,,,
2026-03-26,SZ000768,0.008844418451189995,EXP_XGBModel_Alpha158_csi300_custom_step0_s_20260326_13,298fbf5c18214deab17ce67384d335c3,,,
2026-03-26,SZ000776,-0.06119297817349434,EXP_XGBModel_Alpha158_csi300_custom_step0_s_20260326_13,298fbf5c18214deab17ce67384d335c3,,,
2026-03-26,SZ000786,-0.0007557534845545888,EXP_XGBModel_Alpha158_csi300_custom_step0_s_20260326_13,298fbf5c18214deab17ce67384d335c3,,,
2026-03-26,SZ000568,-0.03066127747297287,EXP_XGBModel_Alpha158_csi300_custom_step0_s_20260326_13,298fbf5c18214deab17ce67384d335c3,,,
2026-03-26,SH688981,-0.02672080509364605,EXP_XGBModel_Alpha158_csi300_custom_step0_s_20260326_13,298fbf5c18214deab17ce67384d335c3,,,
2026-03-26,SZ002371,-0.0577763132750988,EXP_XGBModel_Alpha158_csi300_custom_step0_s_20260326_13,298fbf5c18214deab17ce67384d335c3,,,
2026-03-26,SZ002415,-0.014816384762525558,EXP_XGBModel_Alpha158_csi300_custom_step0_s_20260326_13,298fbf5c18214deab17ce67384d335c3,,,
2026-03-26,SZ300316,0.3299984335899353,EXP_XGBModel_Alpha158_csi300_custom_step0_s_20260326_13,298fbf5c18214deab17ce67384d335c3,,,
2026-03-26,SZ300347,0.14755742251873016,EXP_XGBModel_Alpha158_csi300_custom_step0_s_20260326_13,298fbf5c18214deab17ce67384d335c3,,,
2026-03-26,SZ300394,0.5074695348739624,EXP_XGBModel_Alpha158_csi300_custom_step0_s_20260326_13,298fbf5c18214deab17ce67384d335c3,,,
2026-03-26,SZ300408,0.03820772096514702,EXP_XGBModel_Alpha158_csi300_custom_step0_s_20260326_13,298fbf5c18214deab17ce67384d335c3,,,
2026-03-26,SZ300413,0.030882179737091064,EXP_XGBModel_Alpha158_csi300_custom_step0_s_20260326_13,298fbf5c18214deab17ce67384d335c3,,,
2026-03-26,SZ300418,0.1089232861995697,EXP_XGBModel_Alpha158_csi300_custom_step0_s_20260326_13,298fbf5c18214deab17ce67384d335c3,,,
2026-03-26,SZ300433,0.023258045315742493,EXP_XGBModel_Alpha158_csi300_custom_step0_s_20260326_13,298fbf5c18214deab17ce67384d335c3,,,
2026-03-26,SZ300442,0.1813480257987976,EXP_XGBModel_Alpha158_csi300_custom_step0_s_20260326_13,298fbf5c18214deab17ce67384d335c3,,,
2026-03-26,SZ300476,0.06227866932749748,EXP_XGBModel_Alpha158_csi300_custom_step0_s_20260326_13,298fbf5c18214deab17ce67384d335c3,,,
2026-03-26,SZ300498,0.004707480780780315,EXP_XGBModel_Alpha158_csi300_custom_step0_s_20260326_13,298fbf5c18214deab17ce67384d335c3,,,
2026-03-26,SZ300502,-0.023104874417185783,EXP_XGBModel_Alpha158_csi300_custom_step0_s_20260326_13,298fbf5c18214deab17ce67384d335c3,,,
2026-03-26,SZ300308,-0.11019747704267502,EXP_XGBModel_Alpha158_csi300_custom_step0_s_20260326_13,298fbf5c18214deab17ce67384d335c3,,,
2026-03-26,SZ300628,-0.059385769069194794,EXP_XGBModel_Alpha158_csi300_custom_step0_s_20260326_13,298fbf5c18214deab17ce67384d335c3,,,
2026-03-26,SZ300750,0.04249235987663269,EXP_XGBModel_Alpha158_csi300_custom_step0_s_20260326_13,298fbf5c18214deab17ce67384d335c3,,,
2026-03-26,SZ300759,-0.009858577512204647,EXP_XGBModel_Alpha158_csi300_custom_step0_s_20260326_13,298fbf5c18214deab17ce67384d335c3,,,
2026-03-26,SZ300760,-0.014747386798262596,EXP_XGBModel_Alpha158_csi300_custom_step0_s_20260326_13,298fbf5c18214deab17ce67384d335c3,,,
2026-03-26,SZ300782,-0.02471018396317959,EXP_XGBModel_Alpha158_csi300_custom_step0_s_20260326_13,298fbf5c18214deab17ce67384d335c3,,,
2026-03-26,SZ300803,-0.026036947965621948,EXP_XGBModel_Alpha158_csi300_custom_step0_s_20260326_13,298fbf5c18214deab17ce67384d335c3,,,
2026-03-26,SZ300832,-0.07328306883573532,EXP_XGBModel_Alpha158_csi300_custom_step0_s_20260326_13,298fbf5c18214deab17ce67384d335c3,,,
2026-03-26,SZ300866,0.0525195449590683,EXP_XGBModel_Alpha158_csi300_custom_step0_s_20260326_13,298fbf5c18214deab17ce67384d335c3,,,
2026-03-26,SZ300896,0.02344064600765705,EXP_XGBModel_Alpha158_csi300_custom_step0_s_20260326_13,298fbf5c18214deab17ce67384d335c3,,,
2026-03-26,SZ300979,-0.02715165726840496,EXP_XGBModel_Alpha158_csi300_custom_step0_s_20260326_13,298fbf5c18214deab17ce67384d335c3,,,
2026-03-26,SZ300999,-0.047925084829330444,EXP_XGBModel_Alpha158_csi300_custom_step0_s_20260326_13,298fbf5c18214deab17ce67384d335c3,,,
2026-03-26,SZ301236,-0.05094505846500397,EXP_XGBModel_Alpha158_csi300_custom_step0_s_20260326_13,298fbf5c18214deab17ce67384d335c3,,,
2026-03-26,SZ300661,0.0035675575491040945,EXP_XGBModel_Alpha158_csi300_custom_step0_s_20260326_13,298fbf5c18214deab17ce67384d335c3,,,
2026-03-26,SZ002384,0.5383836030960083,EXP_XGBModel_Alpha158_csi300_custom_step0_s_20260326_13,298fbf5c18214deab17ce67384d335c3,,,
2026-03-26,SZ300274,0.039798419922590256,EXP_XGBModel_Alpha158_csi300_custom_step0_s_20260326_13,298fbf5c18214deab17ce67384d335c3,,,
2026-03-26,SZ300124,-0.01820116490125656,EXP_XGBModel_Alpha158_csi300_custom_step0_s_20260326_13,298fbf5c18214deab17ce67384d335c3,,,
2026-03-26,SZ002422,0.01591234840452671,EXP_XGBModel_Alpha158_csi300_custom_step0_s_20260326_13,298fbf5c18214deab17ce67384d335c3,,,
2026-03-26,SZ002459,-0.04709821566939354,EXP_XGBModel_Alpha158_csi300_custom_step0_s_20260326_13,298fbf5c18214deab17ce67384d335c3,,,
2026-03-26,SZ002460,-0.03330785036087036,EXP_XGBModel_Alpha158_csi300_custom_step0_s_20260326_13,298fbf5c18214deab17ce67384d335c3,,,
2026-03-26,SZ002463,0.05551920458674431,EXP_XGBModel_Alpha158_csi300_custom_step0_s_20260326_13,298fbf5c18214deab17ce67384d335c3,,,
2026-03-26,SZ002466,0.03589964285492897,EXP_XGBModel_Alpha158_csi300_custom_step0_s_20260326_13,298fbf5c18214deab17ce67384d335c3,,,
2026-03-26,SZ002475,-0.18712210655212402,EXP_XGBModel_Alpha158_csi300_custom_step0_s_20260326_13,298fbf5c18214deab17ce67384d335c3,,,
2026-03-26,SZ002493,-0.14849470555782318,EXP_XGBModel_Alpha158_csi300_custom_step0_s_20260326_13,298fbf5c18214deab17ce67384d335c3,,,
2026-03-26,SZ002594,-0.008819615468382835,EXP_XGBModel_Alpha158_csi300_custom_step0_s_20260326_13,298fbf5c18214deab17ce67384d335c3,,,
2026-03-26,SZ002600,-0.025342795997858047,EXP_XGBModel_Alpha158_csi300_custom_step0_s_20260326_13,298fbf5c18214deab17ce67384d335c3,,,
2026-03-26,SZ002601,-0.10109040141105652,EXP_XGBModel_Alpha158_csi300_custom_step0_s_20260326_13,298fbf5c18214deab17ce67384d335c3,,,
2026-03-26,SZ002625,0.0012320291716605425,EXP_XGBModel_Alpha158_csi300_custom_step0_s_20260326_13,298fbf5c18214deab17ce67384d335c3,,,
2026-03-26,SZ300251,-0.20725618302822113,EXP_XGBModel_Alpha158_csi300_custom_step0_s_20260326_13,298fbf5c18214deab17ce67384d335c3,,,
2026-03-26,SZ002648,-0.13342128694057465,EXP_XGBModel_Alpha158_csi300_custom_step0_s_20260326_13,298fbf5c18214deab17ce67384d335c3,,,
2026-03-26,SZ002714,0.022500092163681984,EXP_XGBModel_Alpha158_csi300_custom_step0_s_20260326_13,298fbf5c18214deab17ce67384d335c3,,,
2026-03-26,SZ002736,-0.058065108954906464,EXP_XGBModel_Alpha158_csi300_custom_step0_s_20260326_13,298fbf5c18214deab17ce67384d335c3,,,
2026-03-26,SZ002916,-0.019894279539585114,EXP_XGBModel_Alpha158_csi300_custom_step0_s_20260326_13,298fbf5c18214deab17ce67384d335c3,,,
2026-03-26,SZ002920,-0.00834303442388773,EXP_XGBModel_Alpha158_csi300_custom_step0_s_20260326_13,298fbf5c18214deab17ce67384d335c3,,,
2026-03-26,SZ002938,0.05957600101828575,EXP_XGBModel_Alpha158_csi300_custom_step0_s_20260326_13,298fbf5c18214deab17ce67384d335c3,,,
2026-03-26,SZ003816,0.1583673506975174,EXP_XGBModel_Alpha158_csi300_custom_step0_s_20260326_13,298fbf5c18214deab17ce67384d335c3,,,
2026-03-26,SZ300014,-0.034863825887441635,EXP_XGBModel_Alpha158_csi300_custom_step0_s_20260326_13,298fbf5c18214deab17ce67384d335c3,,,
2026-03-26,SZ300015,-0.0645938590168953,EXP_XGBModel_Alpha158_csi300_custom_step0_s_20260326_13,298fbf5c18214deab17ce67384d335c3,,,
2026-03-26,SZ300033,-0.0685310810804367,EXP_XGBModel_Alpha158_csi300_custom_step0_s_20260326_13,298fbf5c18214deab17ce67384d335c3,,,
2026-03-26,SZ300059,-0.07745116949081421,EXP_XGBModel_Alpha158_csi300_custom_step0_s_20260326_13,298fbf5c18214deab17ce67384d335c3,,,
2026-03-26,SZ300122,-0.03115745633840561,EXP_XGBModel_Alpha158_csi300_custom_step0_s_20260326_13,298fbf5c18214deab17ce67384d335c3,,,
2026-03-26,SZ002709,0.03174583613872528,EXP_XGBModel_Alpha158_csi300_custom_step0_s_20260326_13,298fbf5c18214deab17ce67384d335c3,,,
2026-03-26,SH688506,-0.18006691336631775,EXP_XGBModel_Alpha158_csi300_custom_step0_s_20260326_13,298fbf5c18214deab17ce67384d335c3,,,
2026-03-26,SH688472,-0.03802795708179474,EXP_XGBModel_Alpha158_csi300_custom_step0_s_20260326_13,298fbf5c18214deab17ce67384d335c3,,,
2026-03-26,SH688396,-0.014857355505228043,EXP_XGBModel_Alpha158_csi300_custom_step0_s_20260326_13,298fbf5c18214deab17ce67384d335c3,,,
2026-03-26,SH601236,-0.03286398574709892,EXP_XGBModel_Alpha158_csi300_custom_step0_s_20260326_13,298fbf5c18214deab17ce67384d335c3,,,
2026-03-26,SH601238,-0.010738084092736244,EXP_XGBModel_Alpha158_csi300_custom_step0_s_20260326_13,298fbf5c18214deab17ce67384d335c3,,,
2026-03-26,SH601288,0.01293819397687912,EXP_XGBModel_Alpha158_csi300_custom_step0_s_20260326_13,298fbf5c18214deab17ce67384d335c3,,,
2026-03-26,SH601298,-0.03399841859936714,EXP_XGBModel_Alpha158_csi300_custom_step0_s_20260326_13,298fbf5c18214deab17ce67384d335c3,,,
2026-03-26,SH601318,-0.07116923481225967,EXP_XGBModel_Alpha158_csi300_custom_step0_s_20260326_13,298fbf5c18214deab17ce67384d335c3,,,
2026-03-26,SH601319,-0.08351898193359375,EXP_XGBModel_Alpha158_csi300_custom_step0_s_20260326_13,298fbf5c18214deab17ce67384d335c3,,,
2026-03-26,SH601328,0.027688810601830482,EXP_XGBModel_Alpha158_csi300_custom_step0_s_20260326_13,298fbf5c18214deab17ce67384d335c3,,,
2026-03-26,SH601336,-0.06426268070936203,EXP_XGBModel_Alpha158_csi300_custom_step0_s_20260326_13,298fbf5c18214deab17ce67384d335c3,,,
2026-03-26,SH601360,0.011533589102327824,EXP_XGBModel_Alpha158_csi300_custom_step0_s_20260326_13,298fbf5c18214deab17ce67384d335c3,,,
2026-03-26,SH601377,-0.05703233554959297,EXP_XGBModel_Alpha158_csi300_custom_step0_s_20260326_13,298fbf5c18214deab17ce67384d335c3,,,
2026-03-26,SH601390,-0.034530021250247955,EXP_XGBModel_Alpha158_csi300_custom_step0_s_20260326_13,298fbf5c18214deab17ce67384d335c3,,,
2026-03-26,SH601229,0.005474145524203777,EXP_XGBModel_Alpha158_csi300_custom_step0_s_20260326_13,298fbf5c18214deab17ce67384d335c3,,,
2026-03-26,SH601398,0.03429831191897392,EXP_XGBModel_Alpha158_csi300_custom_step0_s_20260326_13,298fbf5c18214deab17ce67384d335c3,,,
2026-03-26,SH601600,-0.060623496770858765,EXP_XGBModel_Alpha158_csi300_custom_step0_s_20260326_13,298fbf5c18214deab17ce67384d335c3,,,
2026-03-26,SH601601,-0.12499798089265823,EXP_XGBModel_Alpha158_csi300_custom_step0_s_20260326_13,298fbf5c18214deab17ce67384d335c3,,,
2026-03-26,SH601607,-0.029505297541618347,EXP_XGBModel_Alpha158_csi300_custom_step0_s_20260326_13,298fbf5c18214deab17ce67384d335c3,,,
2026-03-26,SH601618,-0.01267804391682148,EXP_XGBModel_Alpha158_csi300_custom_step0_s_20260326_13,298fbf5c18214deab17ce67384d335c3,,,
2026-03-26,SH601628,-0.12682004272937775,EXP_XGBModel_Alpha158_csi300_custom_step0_s_20260326_13,298fbf5c18214deab17ce67384d335c3,,,
2026-03-26,SH601633,-0.0008245621575042605,EXP_XGBModel_Alpha158_csi300_custom_step0_s_20260326_13,298fbf5c18214deab17ce67384d335c3,,,
2026-03-26,SH601658,0.005482358392328024,EXP_XGBModel_Alpha158_csi300_custom_step0_s_20260326_13,298fbf5c18214deab17ce67384d335c3,,,
2026-03-26,SH601668,-0.02583613432943821,EXP_XGBModel_Alpha158_csi300_custom_step0_s_20260326_13,298fbf5c18214deab17ce67384d335c3,,,
2026-03-26,SH601669,-0.010988057591021061,EXP_XGBModel_Alpha158_csi300_custom_step0_s_20260326_13,298fbf5c18214deab17ce67384d335c3,,,
2026-03-26,SH601688,-0.07005931437015533,EXP_XGBModel_Alpha158_csi300_custom_step0_s_20260326_13,298fbf5c18214deab17ce67384d335c3,,,
2026-03-26,SH601689,0.16172845661640167,EXP_XGBModel_Alpha158_csi300_custom_step0_s_20260326_13,298fbf5c18214deab17ce67384d335c3,,,
2026-03-26,SH601456,-0.042667143046855927,EXP_XGBModel_Alpha158_csi300_custom_step0_s_20260326_13,298fbf5c18214deab17ce67384d335c3,,,
2026-03-26,SH601698,0.022113865241408348,EXP_XGBModel_Alpha158_csi300_custom_step0_s_20260326_13,298fbf5c18214deab17ce67384d335c3,,,
2026-03-26,SH601225,-0.02448686771094799,EXP_XGBModel_Alpha158_csi300_custom_step0_s_20260326_13,298fbf5c18214deab17ce67384d335c3,,,
2026-03-26,SH601186,-0.02538539655506611,EXP_XGBModel_Alpha158_csi300_custom_step0_s_20260326_13,298fbf5c18214deab17ce67384d335c3,,,
2026-03-26,SH600930,-0.06772557646036148,EXP_XGBModel_Alpha158_csi300_custom_step0_s_20260326_13,298fbf5c18214deab17ce67384d335c3,,,
2026-03-26,SH600938,0.19105100631713867,EXP_XGBModel_Alpha158_csi300_custom_step0_s_20260326_13,298fbf5c18214deab17ce67384d335c3,,,
2026-03-26,SH600941,-0.012966872192919254,EXP_XGBModel_Alpha158_csi300_custom_step0_s_20260326_13,298fbf5c18214deab17ce67384d335c3,,,
2026-03-26,SH600958,-0.028388500213623047,EXP_XGBModel_Alpha158_csi300_custom_step0_s_20260326_13,298fbf5c18214deab17ce67384d335c3,,,
2026-03-26,SH600989,0.23614300787448883,EXP_XGBModel_Alpha158_csi300_custom_step0_s_20260326_13,298fbf5c18214deab17ce67384d335c3,,,
2026-03-26,SH600999,-0.011952408589422703,EXP_XGBModel_Alpha158_csi300_custom_step0_s_20260326_13,298fbf5c18214deab17ce67384d335c3,,,
2026-03-26,SH601006,0.013234077952802181,EXP_XGBModel_Alpha158_csi300_custom_step0_s_20260326_13,298fbf5c18214deab17ce67384d335c3,,,
2026-03-26,SH601009,0.027387386187911034,EXP_XGBModel_Alpha158_csi300_custom_step0_s_20260326_13,298fbf5c18214deab17ce67384d335c3,,,
2026-03-26,SH601012,-0.011422251351177692,EXP_XGBModel_Alpha158_csi300_custom_step0_s_20260326_13,298fbf5c18214deab17ce67384d335c3,,,
2026-03-26,SH601018,0.0016523654339835048,EXP_XGBModel_Alpha158_csi300_custom_step0_s_20260326_13,298fbf5c18214deab17ce67384d335c3,,,
2026-03-26,SH601021,0.22614872455596924,EXP_XGBModel_Alpha158_csi300_custom_step0_s_20260326_13,298fbf5c18214deab17ce67384d335c3,,,
2026-03-26,SH601211,-0.0672590360045433,EXP_XGBModel_Alpha158_csi300_custom_step0_s_20260326_13,298fbf5c18214deab17ce67384d335c3,,,
2026-03-26,SH601058,-0.004668923560529947,EXP_XGBModel_Alpha158_csi300_custom_step0_s_20260326_13,298fbf5c18214deab17ce67384d335c3,,,
2026-03-26,SH601066,-0.015402887016534805,EXP_XGBModel_Alpha158_csi300_custom_step0_s_20260326_13,298fbf5c18214deab17ce67384d335c3,,,
2026-03-26,SH601077,0.015493408776819706,EXP_XGBModel_Alpha158_csi300_custom_step0_s_20260326_13,298fbf5c18214deab17ce67384d335c3,,,
2026-03-26,SH601088,0.0061811115592718124,EXP_XGBModel_Alpha158_csi300_custom_step0_s_20260326_13,298fbf5c18214deab17ce67384d335c3,,,
2026-03-26,SH601100,0.05544150993227959,EXP_XGBModel_Alpha158_csi300_custom_step0_s_20260326_13,298fbf5c18214deab17ce67384d335c3,,,
2026-03-26,SH601111,0.017970649525523186,EXP_XGBModel_Alpha158_csi300_custom_step0_s_20260326_13,298fbf5c18214deab17ce67384d335c3,,,
2026-03-26,SH601117,-0.053605418652296066,EXP_XGBModel_Alpha158_csi300_custom_step0_s_20260326_13,298fbf5c18214deab17ce67384d335c3,,,
2026-03-26,SH601127,-0.13480989634990692,EXP_XGBModel_Alpha158_csi300_custom_step0_s_20260326_13,298fbf5c18214deab17ce67384d335c3,,,
2026-03-26,SH601136,-0.058122776448726654,EXP_XGBModel_Alpha158_csi300_custom_step0_s_20260326_13,298fbf5c18214deab17ce67384d335c3,,,
2026-03-26,SH601138,0.1620640754699707,EXP_XGBModel_Alpha158_csi300_custom_step0_s_20260326_13,298fbf5c18214deab17ce67384d335c3,,,
2026-03-26,SH601166,0.022003641352057457,EXP_XGBModel_Alpha158_csi300_custom_step0_s_20260326_13,298fbf5c18214deab17ce67384d335c3,,,
2026-03-26,SH601169,0.005290656816214323,EXP_XGBModel_Alpha158_csi300_custom_step0_s_20260326_13,298fbf5c18214deab17ce67384d335c3,,,
2026-03-26,SH601059,-0.02511291205883026,EXP_XGBModel_Alpha158_csi300_custom_step0_s_20260326_13,298fbf5c18214deab17ce67384d335c3,,,
2026-03-26,SH601728,-0.014669453725218773,EXP_XGBModel_Alpha158_csi300_custom_step0_s_20260326_13,298fbf5c18214deab17ce67384d335c3,,,
2026-03-26,SH601766,-0.01581403985619545,EXP_XGBModel_Alpha158_csi300_custom_step0_s_20260326_13,298fbf5c18214deab17ce67384d335c3,,,
2026-03-26,SH601788,-0.04939894750714302,EXP_XGBModel_Alpha158_csi300_custom_step0_s_20260326_13,298fbf5c18214deab17ce67384d335c3,,,
2026-03-26,SH603369,-0.0704960972070694,EXP_XGBModel_Alpha158_csi300_custom_step0_s_20260326_13,298fbf5c18214deab17ce67384d335c3,,,
2026-03-26,SH603392,-0.02032657526433468,EXP_XGBModel_Alpha158_csi300_custom_step0_s_20260326_13,298fbf5c18214deab17ce67384d335c3,,,
2026-03-26,SH603501,-0.014647388830780983,EXP_XGBModel_Alpha158_csi300_custom_step0_s_20260326_13,298fbf5c18214deab17ce67384d335c3,,,
2026-03-26,SH603799,-0.1394301950931549,EXP_XGBModel_Alpha158_csi300_custom_step0_s_20260326_13,298fbf5c18214deab17ce67384d335c3,,,
2026-03-26,SH603893,0.09277988970279694,EXP_XGBModel_Alpha158_csi300_custom_step0_s_20260326_13,298fbf5c18214deab17ce67384d335c3,,,
2026-03-26,SH603986,0.016062993556261063,EXP_XGBModel_Alpha158_csi300_custom_step0_s_20260326_13,298fbf5c18214deab17ce67384d335c3,,,
2026-03-26,SH603993,-0.15745005011558533,EXP_XGBModel_Alpha158_csi300_custom_step0_s_20260326_13,298fbf5c18214deab17ce67384d335c3,,,
2026-03-26,SH605117,0.2195027619600296,EXP_XGBModel_Alpha158_csi300_custom_step0_s_20260326_13,298fbf5c18214deab17ce67384d335c3,,,
2026-03-26,SH605499,-0.0646556168794632,EXP_XGBModel_Alpha158_csi300_custom_step0_s_20260326_13,298fbf5c18214deab17ce67384d335c3,,,
2026-03-26,SH688008,-0.04663819074630737,EXP_XGBModel_Alpha158_csi300_custom_step0_s_20260326_13,298fbf5c18214deab17ce67384d335c3,,,
2026-03-26,SH688009,-0.009966045618057251,EXP_XGBModel_Alpha158_csi300_custom_step0_s_20260326_13,298fbf5c18214deab17ce67384d335c3,,,
2026-03-26,SH603296,-0.08151096105575562,EXP_XGBModel_Alpha158_csi300_custom_step0_s_20260326_13,298fbf5c18214deab17ce67384d335c3,,,
2026-03-26,SH688012,0.15756306052207947,EXP_XGBModel_Alpha158_csi300_custom_step0_s_20260326_13,298fbf5c18214deab17ce67384d335c3,,,
2026-03-26,SH688041,-0.045730896294116974,EXP_XGBModel_Alpha158_csi300_custom_step0_s_20260326_13,298fbf5c18214deab17ce67384d335c3,,,
2026-03-26,SH688047,-0.07840732485055923,EXP_XGBModel_Alpha158_csi300_custom_step0_s_20260326_13,298fbf5c18214deab17ce67384d335c3,,,
2026-03-26,SH688082,-0.02910379134118557,EXP_XGBModel_Alpha158_csi300_custom_step0_s_20260326_13,298fbf5c18214deab17ce67384d335c3,,,
2026-03-26,SH688111,-0.030876344069838524,EXP_XGBModel_Alpha158_csi300_custom_step0_s_20260326_13,298fbf5c18214deab17ce67384d335c3,,,
2026-03-26,SH688126,0.0018102332251146436,EXP_XGBModel_Alpha158_csi300_custom_step0_s_20260326_13,298fbf5c18214deab17ce67384d335c3,,,
2026-03-26,SH688169,0.0026435733307152987,EXP_XGBModel_Alpha158_csi300_custom_step0_s_20260326_13,298fbf5c18214deab17ce67384d335c3,,,
2026-03-26,SH688187,-0.0313013531267643,EXP_XGBModel_Alpha158_csi300_custom_step0_s_20260326_13,298fbf5c18214deab17ce67384d335c3,,,
2026-03-26,SH688223,-0.09693167358636856,EXP_XGBModel_Alpha158_csi300_custom_step0_s_20260326_13,298fbf5c18214deab17ce67384d335c3,,,
2026-03-26,SH688256,-0.04471864178776741,EXP_XGBModel_Alpha158_csi300_custom_step0_s_20260326_13,298fbf5c18214deab17ce67384d335c3,,,
2026-03-26,SH688271,-0.0158125888556242,EXP_XGBModel_Alpha158_csi300_custom_step0_s_20260326_13,298fbf5c18214deab17ce67384d335c3,,,
2026-03-26,SH688303,-0.1529490202665329,EXP_XGBModel_Alpha158_csi300_custom_step0_s_20260326_13,298fbf5c18214deab17ce67384d335c3,,,
2026-03-26,SH688036,0.13732872903347015,EXP_XGBModel_Alpha158_csi300_custom_step0_s_20260326_13,298fbf5c18214deab17ce67384d335c3,,,
2026-03-26,SH603288,0.005320862401276827,EXP_XGBModel_Alpha158_csi300_custom_step0_s_20260326_13,298fbf5c18214deab17ce67384d335c3,,,
2026-03-26,SH603260,-0.010497713461518288,EXP_XGBModel_Alpha158_csi300_custom_step0_s_20260326_13,298fbf5c18214deab17ce67384d335c3,,,
2026-03-26,SH603259,-0.008049333468079567,EXP_XGBModel_Alpha158_csi300_custom_step0_s_20260326_13,298fbf5c18214deab17ce67384d335c3,,,
2026-03-26,SH601800,-0.05307454243302345,EXP_XGBModel_Alpha158_csi300_custom_step0_s_20260326_13,298fbf5c18214deab17ce67384d335c3,,,
2026-03-26,SH601808,0.07027101516723633,EXP_XGBModel_Alpha158_csi300_custom_step0_s_20260326_13,298fbf5c18214deab17ce67384d335c3,,,
2026-03-26,SH601816,0.029915710911154747,EXP_XGBModel_Alpha158_csi300_custom_step0_s_20260326_13,298fbf5c18214deab17ce67384d335c3,,,
2026-03-26,SH601818,0.013071693480014801,EXP_XGBModel_Alpha158_csi300_custom_step0_s_20260326_13,298fbf5c18214deab17ce67384d335c3,,,
2026-03-26,SH601825,0.012713873758912086,EXP_XGBModel_Alpha158_csi300_custom_step0_s_20260326_13,298fbf5c18214deab17ce67384d335c3,,,
2026-03-26,SH601838,0.022266175597906113,EXP_XGBModel_Alpha158_csi300_custom_step0_s_20260326_13,298fbf5c18214deab17ce67384d335c3,,,
2026-03-26,SH601857,-0.029843375086784363,EXP_XGBModel_Alpha158_csi300_custom_step0_s_20260326_13,298fbf5c18214deab17ce67384d335c3,,,
2026-03-26,SH601868,-0.12241756170988083,EXP_XGBModel_Alpha158_csi300_custom_step0_s_20260326_13,298fbf5c18214deab17ce67384d335c3,,,
2026-03-26,SH601872,0.17464086413383484,EXP_XGBModel_Alpha158_csi300_custom_step0_s_20260326_13,298fbf5c18214deab17ce67384d335c3,,,
2026-03-26,SH601877,0.005160889588296413,EXP_XGBModel_Alpha158_csi300_custom_step0_s_20260326_13,298fbf5c18214deab17ce67384d335c3,,,
2026-03-26,SH601878,-0.03180432692170143,EXP_XGBModel_Alpha158_csi300_custom_step0_s_20260326_13,298fbf5c18214deab17ce67384d335c3,,,
2026-03-26,SH601881,-0.059946928173303604,EXP_XGBModel_Alpha158_csi300_custom_step0_s_20260326_13,298fbf5c18214deab17ce67384d335c3,,,
2026-03-26,SH601888,0.04517659917473793,EXP_XGBModel_Alpha158_csi300_custom_step0_s_20260326_13,298fbf5c18214deab17ce67384d335c3,,,
2026-03-26,SH601898,0.21013393998146057,EXP_XGBModel_Alpha158_csi300_custom_step0_s_20260326_13,298fbf5c18214deab17ce67384d335c3,,,
2026-03-26,SH601899,-0.014037394896149635,EXP_XGBModel_Alpha158_csi300_custom_step0_s_20260326_13,298fbf5c18214deab17ce67384d335c3,,,
2026-03-26,SH601901,-0.05997680500149727,EXP_XGBModel_Alpha158_csi300_custom_step0_s_20260326_13,298fbf5c18214deab17ce67384d335c3,,,
2026-03-26,SH601916,0.011360238306224346,EXP_XGBModel_Alpha158_csi300_custom_step0_s_20260326_13,298fbf5c18214deab17ce67384d335c3,,,
2026-03-26,SH601919,0.0004679461708292365,EXP_XGBModel_Alpha158_csi300_custom_step0_s_20260326_13,298fbf5c18214deab17ce67384d335c3,,,
2026-03-26,SH601939,0.0476367212831974,EXP_XGBModel_Alpha158_csi300_custom_step0_s_20260326_13,298fbf5c18214deab17ce67384d335c3,,,
2026-03-26,SH601985,0.0017841897206380963,EXP_XGBModel_Alpha158_csi300_custom_step0_s_20260326_13,298fbf5c18214deab17ce67384d335c3,,,
2026-03-26,SH601988,0.012534250505268574,EXP_XGBModel_Alpha158_csi300_custom_step0_s_20260326_13,298fbf5c18214deab17ce67384d335c3,,,
2026-03-26,SH601995,-0.037834230810403824,EXP_XGBModel_Alpha158_csi300_custom_step0_s_20260326_13,298fbf5c18214deab17ce67384d335c3,,,
2026-03-26,SH601998,0.00650214496999979,EXP_XGBModel_Alpha158_csi300_custom_step0_s_20260326_13,298fbf5c18214deab17ce67384d335c3,,,
2026-03-26,SH603019,-0.03686543554067612,EXP_XGBModel_Alpha158_csi300_custom_step0_s_20260326_13,298fbf5c18214deab17ce67384d335c3,,,
2026-03-26,SH603195,-0.01674570143222809,EXP_XGBModel_Alpha158_csi300_custom_step0_s_20260326_13,298fbf5c18214deab17ce67384d335c3,,,
2026-03-26,SH600919,0.02635248750448227,EXP_XGBModel_Alpha158_csi300_custom_step0_s_20260326_13,298fbf5c18214deab17ce67384d335c3,,,
2026-03-26,SH601919,0.05647472835614839,EXP_DEnsembleModel_Alpha158_csi300_custom_step0_s_20260326_14,c9838e3c9b9e46a08aeaa92eba95d789,,,
2026-03-26,SH601916,0.10392997530457897,EXP_DEnsembleModel_Alpha158_csi300_custom_step0_s_20260326_14,c9838e3c9b9e46a08aeaa92eba95d789,,,
2026-03-26,SH601901,-0.050903906554102804,EXP_DEnsembleModel_Alpha158_csi300_custom_step0_s_20260326_14,c9838e3c9b9e46a08aeaa92eba95d789,,,
2026-03-26,SH601877,-0.004781970884552858,EXP_LGBModel_Alpha158_csi300_custom_step0_s_20260326_16,b9c7d2224ad54869801e271835b162ce,,,
2026-03-26,SH601878,-0.002633737043853915,EXP_LGBModel_Alpha158_csi300_custom_step0_s_20260326_16,b9c7d2224ad54869801e271835b162ce,,,
2026-03-26,SH601881,-0.004961470561005038,EXP_LGBModel_Alpha158_csi300_custom_step0_s_20260326_16,b9c7d2224ad54869801e271835b162ce,,,
2026-03-26,SH601888,-9.951843973716156e-10,EXP_LGBModel_Alpha158_csi300_custom_step0_s_20260326_16,b9c7d2224ad54869801e271835b162ce,,,
2026-03-26,SH601898,0.014470972640715576,EXP_LGBModel_Alpha158_csi300_custom_step0_s_20260326_16,b9c7d2224ad54869801e271835b162ce,,,
2026-03-26,SH601899,-9.951843973716156e-10,EXP_LGBModel_Alpha158_csi300_custom_step0_s_20260326_16,b9c7d2224ad54869801e271835b162ce,,,
2026-03-26,SH601901,-9.951843973716156e-10,EXP_LGBModel_Alpha158_csi300_custom_step0_s_20260326_16,b9c7d2224ad54869801e271835b162ce,,,
2026-03-26,SH601916,-0.0008757514323733395,EXP_LGBModel_Alpha158_csi300_custom_step0_s_20260326_16,b9c7d2224ad54869801e271835b162ce,,,
2026-03-26,SH601919,-0.004961470561005038,EXP_LGBModel_Alpha158_csi300_custom_step0_s_20260326_16,b9c7d2224ad54869801e271835b162ce,,,
2026-03-26,SH601939,0.0036274094594745333,EXP_LGBModel_Alpha158_csi300_custom_step0_s_20260326_16,b9c7d2224ad54869801e271835b162ce,,,
2026-03-26,SH601985,-0.004961470561005038,EXP_LGBModel_Alpha158_csi300_custom_step0_s_20260326_16,b9c7d2224ad54869801e271835b162ce,,,
2026-03-26,SH601872,0.006214794883885798,EXP_LGBModel_Alpha158_csi300_custom_step0_s_20260326_16,b9c7d2224ad54869801e271835b162ce,,,
2026-03-26,SH601988,0.0011387113003775396,EXP_LGBModel_Alpha158_csi300_custom_step0_s_20260326_16,b9c7d2224ad54869801e271835b162ce,,,
2026-03-26,SH601998,0.002712576086618377,EXP_LGBModel_Alpha158_csi300_custom_step0_s_20260326_16,b9c7d2224ad54869801e271835b162ce,,,
2026-03-26,SH603019,-0.004961470561005038,EXP_LGBModel_Alpha158_csi300_custom_step0_s_20260326_16,b9c7d2224ad54869801e271835b162ce,,,
2026-03-26,SH603195,-0.00214823483588334,EXP_LGBModel_Alpha158_csi300_custom_step0_s_20260326_16,b9c7d2224ad54869801e271835b162ce,,,
2026-03-26,SH603259,-0.004961470561005038,EXP_LGBModel_Alpha158_csi300_custom_step0_s_20260326_16,b9c7d2224ad54869801e271835b162ce,,,
2026-03-26,SH603260,-0.0023277345123355205,EXP_LGBModel_Alpha158_csi300_custom_step0_s_20260326_16,b9c7d2224ad54869801e271835b162ce,,,
2026-03-26,SH603288,-0.004781970884552858,EXP_LGBModel_Alpha158_csi300_custom_step0_s_20260326_16,b9c7d2224ad54869801e271835b162ce,,,
2026-03-26,SH603296,-0.0023277345123355205,EXP_LGBModel_Alpha158_csi300_custom_step0_s_20260326_16,b9c7d2224ad54869801e271835b162ce,,,
2026-03-26,SH603369,-9.951843973716156e-10,EXP_LGBModel_Alpha158_csi300_custom_step0_s_20260326_16,b9c7d2224ad54869801e271835b162ce,,,
2026-03-26,SH603392,-9.951843973716156e-10,EXP_LGBModel_Alpha158_csi300_custom_step0_s_20260326_16,b9c7d2224ad54869801e271835b162ce,,,
2026-03-26,SH603501,-0.0023277345123355205,EXP_LGBModel_Alpha158_csi300_custom_step0_s_20260326_16,b9c7d2224ad54869801e271835b162ce,,,
2026-03-26,SH603799,0.006214794883885798,EXP_LGBModel_Alpha158_csi300_custom_step0_s_20260326_16,b9c7d2224ad54869801e271835b162ce,,,
2026-03-26,SH601995,-0.004961470561005038,EXP_LGBModel_Alpha158_csi300_custom_step0_s_20260326_16,b9c7d2224ad54869801e271835b162ce,,,
2026-03-26,SH603893,-0.0023277345123355205,EXP_LGBModel_Alpha158_csi300_custom_step0_s_20260326_16,b9c7d2224ad54869801e271835b162ce,,,
2026-03-26,SH601868,0.006214794883885798,EXP_LGBModel_Alpha158_csi300_custom_step0_s_20260326_16,b9c7d2224ad54869801e271835b162ce,,,
2026-03-26,SH601838,0.0051542352014908605,EXP_LGBModel_Alpha158_csi300_custom_step0_s_20260326_16,b9c7d2224ad54869801e271835b162ce,,,
2026-03-26,SH601377,-0.002633737043853915,EXP_LGBModel_Alpha158_csi300_custom_step0_s_20260326_16,b9c7d2224ad54869801e271835b162ce,,,
2026-03-26,SH601390,-0.004781970884552858,EXP_LGBModel_Alpha158_csi300_custom_step0_s_20260326_16,b9c7d2224ad54869801e271835b162ce,,,
2026-03-26,SH601398,0.0051542352014908605,EXP_LGBModel_Alpha158_csi300_custom_step0_s_20260326_16,b9c7d2224ad54869801e271835b162ce,,,
2026-03-26,SH601456,-0.004781970884552858,EXP_LGBModel_Alpha158_csi300_custom_step0_s_20260326_16,b9c7d2224ad54869801e271835b162ce,,,
2026-03-26,SH601600,-0.0023277345123355205,EXP_LGBModel_Alpha158_csi300_custom_step0_s_20260326_16,b9c7d2224ad54869801e271835b162ce,,,
2026-03-26,SH601601,-0.0023277345123355205,EXP_LGBModel_Alpha158_csi300_custom_step0_s_20260326_16,b9c7d2224ad54869801e271835b162ce,,,
2026-03-26,SH601607,-9.951843973716156e-10,EXP_LGBModel_Alpha158_csi300_custom_step0_s_20260326_16,b9c7d2224ad54869801e271835b162ce,,,
2026-03-26,SH601618,-0.004781970884552858,EXP_LGBModel_Alpha158_csi300_custom_step0_s_20260326_16,b9c7d2224ad54869801e271835b162ce,,,
2026-03-26,SH601628,-9.951843973716156e-10,EXP_LGBModel_Alpha158_csi300_custom_step0_s_20260326_16,b9c7d2224ad54869801e271835b162ce,,,
2026-03-26,SH601633,0.0021754263795123524,EXP_LGBModel_Alpha158_csi300_custom_step0_s_20260326_16,b9c7d2224ad54869801e271835b162ce,,,
2026-03-26,SH601658,-9.951843973716156e-10,EXP_LGBModel_Alpha158_csi300_custom_step0_s_20260326_16,b9c7d2224ad54869801e271835b162ce,,,
2026-03-26,SH601857,-0.0023277345123355205,EXP_LGBModel_Alpha158_csi300_custom_step0_s_20260326_16,b9c7d2224ad54869801e271835b162ce,,,
2026-03-26,SH601668,-0.002633737043853915,EXP_LGBModel_Alpha158_csi300_custom_step0_s_20260326_16,b9c7d2224ad54869801e271835b162ce,,,
2026-03-26,SH601688,-0.0023277345123355205,EXP_LGBModel_Alpha158_csi300_custom_step0_s_20260326_16,b9c7d2224ad54869801e271835b162ce,,,
2026-03-26,SH601689,-9.951843973716156e-10,EXP_LGBModel_Alpha158_csi300_custom_step0_s_20260326_16,b9c7d2224ad54869801e271835b162ce,,,
2026-03-26,SH601698,-0.0023277345123355205,EXP_LGBModel_Alpha158_csi300_custom_step0_s_20260326_16,b9c7d2224ad54869801e271835b162ce,,,
2026-03-26,SH601728,-0.002633737043853915,EXP_LGBModel_Alpha158_csi300_custom_step0_s_20260326_16,b9c7d2224ad54869801e271835b162ce,,,
2026-03-26,SH601766,0.0021754263795123524,EXP_LGBModel_Alpha158_csi300_custom_step0_s_20260326_16,b9c7d2224ad54869801e271835b162ce,,,
2026-03-26,SH601788,-0.004961470561005038,EXP_LGBModel_Alpha158_csi300_custom_step0_s_20260326_16,b9c7d2224ad54869801e271835b162ce,,,
2026-03-26,SH601800,-0.004781970884552858,EXP_LGBModel_Alpha158_csi300_custom_step0_s_20260326_16,b9c7d2224ad54869801e271835b162ce,,,
2026-03-26,SH601808,-0.002633737043853915,EXP_LGBModel_Alpha158_csi300_custom_step0_s_20260326_16,b9c7d2224ad54869801e271835b162ce,,,
2026-03-26,SH601816,-9.951843973716156e-10,EXP_LGBModel_Alpha158_csi300_custom_step0_s_20260326_16,b9c7d2224ad54869801e271835b162ce,,,
2026-03-26,SH601818,0.0011387113003775396,EXP_LGBModel_Alpha158_csi300_custom_step0_s_20260326_16,b9c7d2224ad54869801e271835b162ce,,,
2026-03-26,SH601825,0.0011387113003775396,EXP_LGBModel_Alpha158_csi300_custom_step0_s_20260326_16,b9c7d2224ad54869801e271835b162ce,,,
2026-03-26,SH601669,-0.004961470561005038,EXP_LGBModel_Alpha158_csi300_custom_step0_s_20260326_16,b9c7d2224ad54869801e271835b162ce,,,
2026-03-26,SH601360,-0.0023277345123355205,EXP_LGBModel_Alpha158_csi300_custom_step0_s_20260326_16,b9c7d2224ad54869801e271835b162ce,,,
2026-03-26,SH603986,-0.0023277345123355205,EXP_LGBModel_Alpha158_csi300_custom_step0_s_20260326_16,b9c7d2224ad54869801e271835b162ce,,,
2026-03-26,SH605117,0.006214794883885798,EXP_LGBModel_Alpha158_csi300_custom_step0_s_20260326_16,b9c7d2224ad54869801e271835b162ce,,,
2026-03-26,SZ000338,-0.0023277345123355205,EXP_LGBModel_Alpha158_csi300_custom_step0_s_20260326_16,b9c7d2224ad54869801e271835b162ce,,,
2026-03-26,SZ000408,-9.951843973716156e-10,EXP_LGBModel_Alpha158_csi300_custom_step0_s_20260326_16,b9c7d2224ad54869801e271835b162ce,,,
2026-03-26,SZ000425,-0.0023277345123355205,EXP_LGBModel_Alpha158_csi300_custom_step0_s_20260326_16,b9c7d2224ad54869801e271835b162ce,,,
2026-03-26,SZ000538,-9.951843973716156e-10,EXP_LGBModel_Alpha158_csi300_custom_step0_s_20260326_16,b9c7d2224ad54869801e271835b162ce,,,
2026-03-26,SZ000568,-0.004781970884552858,EXP_LGBModel_Alpha158_csi300_custom_step0_s_20260326_16,b9c7d2224ad54869801e271835b162ce,,,
2026-03-26,SZ000596,-0.0023277345123355205,EXP_LGBModel_Alpha158_csi300_custom_step0_s_20260326_16,b9c7d2224ad54869801e271835b162ce,,,
2026-03-26,SZ000617,0.002712576086618377,EXP_LGBModel_Alpha158_csi300_custom_step0_s_20260326_16,b9c7d2224ad54869801e271835b162ce,,,
2026-03-26,SZ000625,-9.951843973716156e-10,EXP_LGBModel_Alpha158_csi300_custom_step0_s_20260326_16,b9c7d2224ad54869801e271835b162ce,,,
2026-03-26,SZ000630,0.006214794883885798,EXP_LGBModel_Alpha158_csi300_custom_step0_s_20260326_16,b9c7d2224ad54869801e271835b162ce,,,
2026-03-26,SZ000651,0.0021754263795123524,EXP_LGBModel_Alpha158_csi300_custom_step0_s_20260326_16,b9c7d2224ad54869801e271835b162ce,,,
2026-03-26,SZ000661,-9.951843973716156e-10,EXP_LGBModel_Alpha158_csi300_custom_step0_s_20260326_16,b9c7d2224ad54869801e271835b162ce,,,
2026-03-26,SZ000333,0.0008305739860951676,EXP_LGBModel_Alpha158_csi300_custom_step0_s_20260326_16,b9c7d2224ad54869801e271835b162ce,,,
2026-03-26,SZ000708,-0.004961470561005038,EXP_LGBModel_Alpha158_csi300_custom_step0_s_20260326_16,b9c7d2224ad54869801e271835b162ce,,,
2026-03-26,SZ000768,-0.0023277345123355205,EXP_LGBModel_Alpha158_csi300_custom_step0_s_20260326_16,b9c7d2224ad54869801e271835b162ce,,,
2026-03-26,SZ000776,-9.951843973716156e-10,EXP_LGBModel_Alpha158_csi300_custom_step0_s_20260326_16,b9c7d2224ad54869801e271835b162ce,,,
2026-03-26,SZ000786,-0.004781970884552858,EXP_LGBModel_Alpha158_csi300_custom_step0_s_20260326_16,b9c7d2224ad54869801e271835b162ce,,,
2026-03-26,SZ000792,-0.0023277345123355205,EXP_LGBModel_Alpha158_csi300_custom_step0_s_20260326_16,b9c7d2224ad54869801e271835b162ce,,,
2026-03-26,SZ000807,-0.004961470561005038,EXP_LGBModel_Alpha158_csi300_custom_step0_s_20260326_16,b9c7d2224ad54869801e271835b162ce,,,
2026-03-26,SZ000858,-9.951843973716156e-10,EXP_LGBModel_Alpha158_csi300_custom_step0_s_20260326_16,b9c7d2224ad54869801e271835b162ce,,,
2026-03-26,SZ000876,-0.004961470561005038,EXP_LGBModel_Alpha158_csi300_custom_step0_s_20260326_16,b9c7d2224ad54869801e271835b162ce,,,
2026-03-26,SZ000895,-0.0006962517559211592,EXP_LGBModel_Alpha158_csi300_custom_step0_s_20260326_16,b9c7d2224ad54869801e271835b162ce,,,
2026-03-26,SZ000938,-0.0023277345123355205,EXP_LGBModel_Alpha158_csi300_custom_step0_s_20260326_16,b9c7d2224ad54869801e271835b162ce,,,
2026-03-26,SZ000963,-0.002633737043853915,EXP_LGBModel_Alpha158_csi300_custom_step0_s_20260326_16,b9c7d2224ad54869801e271835b162ce,,,
2026-03-26,SZ000975,-0.004961470561005038,EXP_LGBModel_Alpha158_csi300_custom_step0_s_20260326_16,b9c7d2224ad54869801e271835b162ce,,,
2026-03-26,SZ000725,-0.002633737043853915,EXP_LGBModel_Alpha158_csi300_custom_step0_s_20260326_16,b9c7d2224ad54869801e271835b162ce,,,
2026-03-26,SH603993,0.006214794883885798,EXP_LGBModel_Alpha158_csi300_custom_step0_s_20260326_16,b9c7d2224ad54869801e271835b162ce,,,
2026-03-26,SZ000301,0.006214794883885798,EXP_LGBModel_Alpha158_csi300_custom_step0_s_20260326_16,b9c7d2224ad54869801e271835b162ce,,,
2026-03-26,SZ000157,-0.0023277345123355205,EXP_LGBModel_Alpha158_csi300_custom_step0_s_20260326_16,b9c7d2224ad54869801e271835b162ce,,,
2026-03-26,SH605499,-0.0023277345123355205,EXP_LGBModel_Alpha158_csi300_custom_step0_s_20260326_16,b9c7d2224ad54869801e271835b162ce,,,
2026-03-26,SH688008,-0.0023277345123355205,EXP_LGBModel_Alpha158_csi300_custom_step0_s_20260326_16,b9c7d2224ad54869801e271835b162ce,,,
2026-03-26,SH688009,-0.004961470561005038,EXP_LGBModel_Alpha158_csi300_custom_step0_s_20260326_16,b9c7d2224ad54869801e271835b162ce,,,
2026-03-26,SH688012,-9.951843973716156e-10,EXP_LGBModel_Alpha158_csi300_custom_step0_s_20260326_16,b9c7d2224ad54869801e271835b162ce,,,
2026-03-26,SH688036,-0.004961470561005038,EXP_LGBModel_Alpha158_csi300_custom_step0_s_20260326_16,b9c7d2224ad54869801e271835b162ce,,,
2026-03-26,SH688041,-0.0023277345123355205,EXP_LGBModel_Alpha158_csi300_custom_step0_s_20260326_16,b9c7d2224ad54869801e271835b162ce,,,
2026-03-26,SH688047,-0.004961470561005038,EXP_LGBModel_Alpha158_csi300_custom_step0_s_20260326_16,b9c7d2224ad54869801e271835b162ce,,,
2026-03-26,SH688082,-9.951843973716156e-10,EXP_LGBModel_Alpha158_csi300_custom_step0_s_20260326_16,b9c7d2224ad54869801e271835b162ce,,,
2026-03-26,SH688111,-0.0023277345123355205,EXP_LGBModel_Alpha158_csi300_custom_step0_s_20260326_16,b9c7d2224ad54869801e271835b162ce,,,
2026-03-26,SH688126,-0.0023277345123355205,EXP_LGBModel_Alpha158_csi300_custom_step0_s_20260326_16,b9c7d2224ad54869801e271835b162ce,,,
2026-03-26,SH688169,-9.951843973716156e-10,EXP_LGBModel_Alpha158_csi300_custom_step0_s_20260326_16,b9c7d2224ad54869801e271835b162ce,,,
2026-03-26,SZ000166,-0.004961470561005038,EXP_LGBModel_Alpha158_csi300_custom_step0_s_20260326_16,b9c7d2224ad54869801e271835b162ce,,,
2026-03-26,SH688187,-0.00214823483588334,EXP_LGBModel_Alpha158_csi300_custom_step0_s_20260326_16,b9c7d2224ad54869801e271835b162ce,,,
2026-03-26,SH688256,-0.004961470561005038,EXP_LGBModel_Alpha158_csi300_custom_step0_s_20260326_16,b9c7d2224ad54869801e271835b162ce,,,
2026-03-26,SH688271,-0.00214823483588334,EXP_LGBModel_Alpha158_csi300_custom_step0_s_20260326_16,b9c7d2224ad54869801e271835b162ce,,,
2026-03-26,SH688303,-0.002633737043853915,EXP_LGBModel_Alpha158_csi300_custom_step0_s_20260326_16,b9c7d2224ad54869801e271835b162ce,,,
2026-03-26,SH688396,-9.951843973716156e-10,EXP_LGBModel_Alpha158_csi300_custom_step0_s_20260326_16,b9c7d2224ad54869801e271835b162ce,,,
2026-03-26,SH688472,-0.004961470561005038,EXP_LGBModel_Alpha158_csi300_custom_step0_s_20260326_16,b9c7d2224ad54869801e271835b162ce,,,
2026-03-26,SH688506,-0.0023277345123355205,EXP_LGBModel_Alpha158_csi300_custom_step0_s_20260326_16,b9c7d2224ad54869801e271835b162ce,,,
2026-03-26,SH688981,-9.951843973716156e-10,EXP_LGBModel_Alpha158_csi300_custom_step0_s_20260326_16,b9c7d2224ad54869801e271835b162ce,,,
2026-03-26,SZ000001,-9.951843973716156e-10,EXP_LGBModel_Alpha158_csi300_custom_step0_s_20260326_16,b9c7d2224ad54869801e271835b162ce,,,
2026-03-26,SZ000002,-9.951843973716156e-10,EXP_LGBModel_Alpha158_csi300_custom_step0_s_20260326_16,b9c7d2224ad54869801e271835b162ce,,,
2026-03-26,SZ000063,-0.0023277345123355205,EXP_LGBModel_Alpha158_csi300_custom_step0_s_20260326_16,b9c7d2224ad54869801e271835b162ce,,,
2026-03-26,SZ000100,-0.002633737043853915,EXP_LGBModel_Alpha158_csi300_custom_step0_s_20260326_16,b9c7d2224ad54869801e271835b162ce,,,
2026-03-26,SH688223,-0.0023277345123355205,EXP_LGBModel_Alpha158_csi300_custom_step0_s_20260326_16,b9c7d2224ad54869801e271835b162ce,,,
2026-03-26,SH601336,-9.951843973716156e-10,EXP_LGBModel_Alpha158_csi300_custom_step0_s_20260326_16,b9c7d2224ad54869801e271835b162ce,,,
2026-03-26,SH601328,0.0051542352014908605,EXP_LGBModel_Alpha158_csi300_custom_step0_s_20260326_16,b9c7d2224ad54869801e271835b162ce,,,
2026-03-26,SH601319,-9.951843973716156e-10,EXP_LGBModel_Alpha158_csi300_custom_step0_s_20260326_16,b9c7d2224ad54869801e271835b162ce,,,
2026-03-26,SH600161,-0.002633737043853915,EXP_LGBModel_Alpha158_csi300_custom_step0_s_20260326_16,b9c7d2224ad54869801e271835b162ce,,,
2026-03-26,SH600176,-0.0023277345123355205,EXP_LGBModel_Alpha158_csi300_custom_step0_s_20260326_16,b9c7d2224ad54869801e271835b162ce,,,
2026-03-26,SH600183,-0.0023277345123355205,EXP_LGBModel_Alpha158_csi300_custom_step0_s_20260326_16,b9c7d2224ad54869801e271835b162ce,,,
2026-03-26,SH600188,-0.004961470561005038,EXP_LGBModel_Alpha158_csi300_custom_step0_s_20260326_16,b9c7d2224ad54869801e271835b162ce,,,
2026-03-26,SH600196,-9.951843973716156e-10,EXP_LGBModel_Alpha158_csi300_custom_step0_s_20260326_16,b9c7d2224ad54869801e271835b162ce,,,
2026-03-26,SH600219,-0.0023277345123355205,EXP_LGBModel_Alpha158_csi300_custom_step0_s_20260326_16,b9c7d2224ad54869801e271835b162ce,,,
2026-03-26,SH600233,-9.951843973716156e-10,EXP_LGBModel_Alpha158_csi300_custom_step0_s_20260326_16,b9c7d2224ad54869801e271835b162ce,,,
2026-03-26,SH600276,-9.951843973716156e-10,EXP_LGBModel_Alpha158_csi300_custom_step0_s_20260326_16,b9c7d2224ad54869801e271835b162ce,,,
2026-03-26,SH600309,-0.004961470561005038,EXP_LGBModel_Alpha158_csi300_custom_step0_s_20260326_16,b9c7d2224ad54869801e271835b162ce,,,
2026-03-26,SH600346,-0.0023277345123355205,EXP_LGBModel_Alpha158_csi300_custom_step0_s_20260326_16,b9c7d2224ad54869801e271835b162ce,,,
2026-03-26,SH600362,0.006214794883885798,EXP_LGBModel_Alpha158_csi300_custom_step0_s_20260326_16,b9c7d2224ad54869801e271835b162ce,,,
2026-03-26,SH600160,-9.951843973716156e-10,EXP_LGBModel_Alpha158_csi300_custom_step0_s_20260326_16,b9c7d2224ad54869801e271835b162ce,,,
2026-03-26,SH600372,-0.0023277345123355205,EXP_LGBModel_Alpha158_csi300_custom_step0_s_20260326_16,b9c7d2224ad54869801e271835b162ce,,,
2026-03-26,SH600406,-0.002633737043853915,EXP_LGBModel_Alpha158_csi300_custom_step0_s_20260326_16,b9c7d2224ad54869801e271835b162ce,,,
2026-03-26,SH600415,-0.004961470561005038,EXP_LGBModel_Alpha158_csi300_custom_step0_s_20260326_16,b9c7d2224ad54869801e271835b162ce,,,
2026-03-26,SH600426,-0.002633737043853915,EXP_LGBModel_Alpha158_csi300_custom_step0_s_20260326_16,b9c7d2224ad54869801e271835b162ce,,,
2026-03-26,SH600436,-0.004781970884552858,EXP_LGBModel_Alpha158_csi300_custom_step0_s_20260326_16,b9c7d2224ad54869801e271835b162ce,,,
2026-03-26,SH600438,-0.004961470561005038,EXP_LGBModel_Alpha158_csi300_custom_step0_s_20260326_16,b9c7d2224ad54869801e271835b162ce,,,
2026-03-26,SH600460,-0.0023277345123355205,EXP_LGBModel_Alpha158_csi300_custom_step0_s_20260326_16,b9c7d2224ad54869801e271835b162ce,,,
2026-03-26,SH600482,-9.951843973716156e-10,EXP_LGBModel_Alpha158_csi300_custom_step0_s_20260326_16,b9c7d2224ad54869801e271835b162ce,,,
2026-03-26,SH600489,0.006214794883885798,EXP_LGBModel_Alpha158_csi300_custom_step0_s_20260326_16,b9c7d2224ad54869801e271835b162ce,,,
2026-03-26,SH600515,-0.00214823483588334,EXP_LGBModel_Alpha158_csi300_custom_step0_s_20260326_16,b9c7d2224ad54869801e271835b162ce,,,
2026-03-26,SH600519,-0.00214823483588334,EXP_LGBModel_Alpha158_csi300_custom_step0_s_20260326_16,b9c7d2224ad54869801e271835b162ce,,,
2026-03-26,SH600522,-0.004961470561005038,EXP_LGBModel_Alpha158_csi300_custom_step0_s_20260326_16,b9c7d2224ad54869801e271835b162ce,,,
2026-03-26,SH600377,0.0011387113003775396,EXP_LGBModel_Alpha158_csi300_custom_step0_s_20260326_16,b9c7d2224ad54869801e271835b162ce,,,
2026-03-26,SH600547,-0.0023277345123355205,EXP_LGBModel_Alpha158_csi300_custom_step0_s_20260326_16,b9c7d2224ad54869801e271835b162ce,,,
2026-03-26,SH600150,-9.951843973716156e-10,EXP_LGBModel_Alpha158_csi300_custom_step0_s_20260326_16,b9c7d2224ad54869801e271835b162ce,,,
2026-03-26,SH600111,-9.951843973716156e-10,EXP_LGBModel_Alpha158_csi300_custom_step0_s_20260326_16,b9c7d2224ad54869801e271835b162ce,,,
2026-03-26,SH600009,-9.951843973716156e-10,EXP_LGBModel_Alpha158_csi300_custom_step0_s_20260326_16,b9c7d2224ad54869801e271835b162ce,,,
2026-03-26,SH600010,-9.951843973716156e-10,EXP_LGBModel_Alpha158_csi300_custom_step0_s_20260326_16,b9c7d2224ad54869801e271835b162ce,,,
2026-03-26,SH600011,-0.0023824464058680786,EXP_LGBModel_Alpha158_csi300_custom_step0_s_20260326_16,b9c7d2224ad54869801e271835b162ce,,,
2026-03-26,SH600015,0.0036274094594745333,EXP_LGBModel_Alpha158_csi300_custom_step0_s_20260326_16,b9c7d2224ad54869801e271835b162ce,,,
2026-03-26,SH600016,0.0008305739860951676,EXP_LGBModel_Alpha158_csi300_custom_step0_s_20260326_16,b9c7d2224ad54869801e271835b162ce,,,
2026-03-26,SH600018,0.00297880782679411,EXP_LGBModel_Alpha158_csi300_custom_step0_s_20260326_16,b9c7d2224ad54869801e271835b162ce,,,
2026-03-26,SH600019,-0.002633737043853915,EXP_LGBModel_Alpha158_csi300_custom_step0_s_20260326_16,b9c7d2224ad54869801e271835b162ce,,,
2026-03-26,SH600023,-9.951843973716156e-10,EXP_LGBModel_Alpha158_csi300_custom_step0_s_20260326_16,b9c7d2224ad54869801e271835b162ce,,,
2026-03-26,SH600025,0.0025906943803397204,EXP_LGBModel_Alpha158_csi300_custom_step0_s_20260326_16,b9c7d2224ad54869801e271835b162ce,,,
2026-03-26,SH600026,0.006214794883885798,EXP_LGBModel_Alpha158_csi300_custom_step0_s_20260326_16,b9c7d2224ad54869801e271835b162ce,,,
2026-03-26,SH600027,-9.951843973716156e-10,EXP_LGBModel_Alpha158_csi300_custom_step0_s_20260326_16,b9c7d2224ad54869801e271835b162ce,,,
2026-03-26,SH600115,-9.951843973716156e-10,EXP_LGBModel_Alpha158_csi300_custom_step0_s_20260326_16,b9c7d2224ad54869801e271835b162ce,,,
2026-03-26,SH600028,-0.002633737043853915,EXP_LGBModel_Alpha158_csi300_custom_step0_s_20260326_16,b9c7d2224ad54869801e271835b162ce,,,
2026-03-26,SH600030,-9.951843973716156e-10,EXP_LGBModel_Alpha158_csi300_custom_step0_s_20260326_16,b9c7d2224ad54869801e271835b162ce,,,
2026-03-26,SH600031,-9.951843973716156e-10,EXP_LGBModel_Alpha158_csi300_custom_step0_s_20260326_16,b9c7d2224ad54869801e271835b162ce,,,
2026-03-26,SH600036,0.0021754263795123524,EXP_LGBModel_Alpha158_csi300_custom_step0_s_20260326_16,b9c7d2224ad54869801e271835b162ce,,,
2026-03-26,SH600039,-9.951843973716156e-10,EXP_LGBModel_Alpha158_csi300_custom_step0_s_20260326_16,b9c7d2224ad54869801e271835b162ce,,,
2026-03-26,SH600048,-0.0023277345123355205,EXP_LGBModel_Alpha158_csi300_custom_step0_s_20260326_16,b9c7d2224ad54869801e271835b162ce,,,
2026-03-26,SH600050,-0.0023277345123355205,EXP_LGBModel_Alpha158_csi300_custom_step0_s_20260326_16,b9c7d2224ad54869801e271835b162ce,,,
2026-03-26,SH600061,-0.004961470561005038,EXP_LGBModel_Alpha158_csi300_custom_step0_s_20260326_16,b9c7d2224ad54869801e271835b162ce,,,
2026-03-26,SH600066,-9.951843973716156e-10,EXP_LGBModel_Alpha158_csi300_custom_step0_s_20260326_16,b9c7d2224ad54869801e271835b162ce,,,
2026-03-26,SH600085,-9.951843973716156e-10,EXP_LGBModel_Alpha158_csi300_custom_step0_s_20260326_16,b9c7d2224ad54869801e271835b162ce,,,
2026-03-26,SH600089,-0.004781970884552858,EXP_LGBModel_Alpha158_csi300_custom_step0_s_20260326_16,b9c7d2224ad54869801e271835b162ce,,,
2026-03-26,SH600104,0.0021754263795123524,EXP_LGBModel_Alpha158_csi300_custom_step0_s_20260326_16,b9c7d2224ad54869801e271835b162ce,,,
2026-03-26,SH600029,-9.951843973716156e-10,EXP_LGBModel_Alpha158_csi300_custom_step0_s_20260326_16,b9c7d2224ad54869801e271835b162ce,,,
2026-03-26,SH600570,-0.0023277345123355205,EXP_LGBModel_Alpha158_csi300_custom_step0_s_20260326_16,b9c7d2224ad54869801e271835b162ce,,,
2026-03-26,SH600584,-0.0023277345123355205,EXP_LGBModel_Alpha158_csi300_custom_step0_s_20260326_16,b9c7d2224ad54869801e271835b162ce,,,
2026-03-26,SH600585,-0.002633737043853915,EXP_LGBModel_Alpha158_csi300_custom_step0_s_20260326_16,b9c7d2224ad54869801e271835b162ce,,,
2026-03-26,SH601018,-0.004961470561005038,EXP_LGBModel_Alpha158_csi300_custom_step0_s_20260326_16,b9c7d2224ad54869801e271835b162ce,,,
2026-03-26,SH601021,0.008256176761645381,EXP_LGBModel_Alpha158_csi300_custom_step0_s_20260326_16,b9c7d2224ad54869801e271835b162ce,,,
2026-03-26,SH601058,-9.951843973716156e-10,EXP_LGBModel_Alpha158_csi300_custom_step0_s_20260326_16,b9c7d2224ad54869801e271835b162ce,,,
2026-03-26,SH601059,-9.951843973716156e-10,EXP_LGBModel_Alpha158_csi300_custom_step0_s_20260326_16,b9c7d2224ad54869801e271835b162ce,,,
2026-03-26,SH601066,-0.002633737043853915,EXP_LGBModel_Alpha158_csi300_custom_step0_s_20260326_16,b9c7d2224ad54869801e271835b162ce,,,
2026-03-26,SH601077,0.0025906943803397204,EXP_LGBModel_Alpha158_csi300_custom_step0_s_20260326_16,b9c7d2224ad54869801e271835b162ce,,,
2026-03-26,SH601088,-0.0023277345123355205,EXP_LGBModel_Alpha158_csi300_custom_step0_s_20260326_16,b9c7d2224ad54869801e271835b162ce,,,
2026-03-26,SH601100,-9.951843973716156e-10,EXP_LGBModel_Alpha158_csi300_custom_step0_s_20260326_16,b9c7d2224ad54869801e271835b162ce,,,
2026-03-26,SH601111,-9.951843973716156e-10,EXP_LGBModel_Alpha158_csi300_custom_step0_s_20260326_16,b9c7d2224ad54869801e271835b162ce,,,
2026-03-26,SH601117,-0.004961470561005038,EXP_LGBModel_Alpha158_csi300_custom_step0_s_20260326_16,b9c7d2224ad54869801e271835b162ce,,,
2026-03-26,SH601127,-0.0023277345123355205,EXP_LGBModel_Alpha158_csi300_custom_step0_s_20260326_16,b9c7d2224ad54869801e271835b162ce,,,
2026-03-26,SH601012,-0.000586101453695818,EXP_LGBModel_Alpha158_csi300_custom_step0_s_20260326_16,b9c7d2224ad54869801e271835b162ce,,,
2026-03-26,SH601136,-0.004961470561005038,EXP_LGBModel_Alpha158_csi300_custom_step0_s_20260326_16,b9c7d2224ad54869801e271835b162ce,,,
2026-03-26,SH601166,0.0021754263795123524,EXP_LGBModel_Alpha158_csi300_custom_step0_s_20260326_16,b9c7d2224ad54869801e271835b162ce,,,
2026-03-26,SH601169,0.0011387113003775396,EXP_LGBModel_Alpha158_csi300_custom_step0_s_20260326_16,b9c7d2224ad54869801e271835b162ce,,,
2026-03-26,SH601186,-0.004781970884552858,EXP_LGBModel_Alpha158_csi300_custom_step0_s_20260326_16,b9c7d2224ad54869801e271835b162ce,,,
2026-03-26,SH601211,-9.951843973716156e-10,EXP_LGBModel_Alpha158_csi300_custom_step0_s_20260326_16,b9c7d2224ad54869801e271835b162ce,,,
2026-03-26,SH601225,-0.0023277345123355205,EXP_LGBModel_Alpha158_csi300_custom_step0_s_20260326_16,b9c7d2224ad54869801e271835b162ce,,,
2026-03-26,SH601229,0.0011387113003775396,EXP_LGBModel_Alpha158_csi300_custom_step0_s_20260326_16,b9c7d2224ad54869801e271835b162ce,,,
2026-03-26,SH601236,-0.000586101453695818,EXP_LGBModel_Alpha158_csi300_custom_step0_s_20260326_16,b9c7d2224ad54869801e271835b162ce,,,
2026-03-26,SH601238,-9.951843973716156e-10,EXP_LGBModel_Alpha158_csi300_custom_step0_s_20260326_16,b9c7d2224ad54869801e271835b162ce,,,
2026-03-26,SH601288,-0.004961470561005038,EXP_LGBModel_Alpha158_csi300_custom_step0_s_20260326_16,b9c7d2224ad54869801e271835b162ce,,,
2026-03-26,SH601298,-0.004781970884552858,EXP_LGBModel_Alpha158_csi300_custom_step0_s_20260326_16,b9c7d2224ad54869801e271835b162ce,,,
2026-03-26,SH601318,-9.951843973716156e-10,EXP_LGBModel_Alpha158_csi300_custom_step0_s_20260326_16,b9c7d2224ad54869801e271835b162ce,,,
2026-03-26,SH601138,-0.0023277345123355205,EXP_LGBModel_Alpha158_csi300_custom_step0_s_20260326_16,b9c7d2224ad54869801e271835b162ce,,,
2026-03-26,SH601009,0.00297880782679411,EXP_LGBModel_Alpha158_csi300_custom_step0_s_20260326_16,b9c7d2224ad54869801e271835b162ce,,,
2026-03-26,SH601006,-9.951843973716156e-10,EXP_LGBModel_Alpha158_csi300_custom_step0_s_20260326_16,b9c7d2224ad54869801e271835b162ce,,,
2026-03-26,SH600999,-0.004781970884552858,EXP_LGBModel_Alpha158_csi300_custom_step0_s_20260326_16,b9c7d2224ad54869801e271835b162ce,,,
2026-03-26,SH600588,-9.951843973716156e-10,EXP_LGBModel_Alpha158_csi300_custom_step0_s_20260326_16,b9c7d2224ad54869801e271835b162ce,,,
2026-03-26,SH600600,0.0051542352014908605,EXP_LGBModel_Alpha158_csi300_custom_step0_s_20260326_16,b9c7d2224ad54869801e271835b162ce,,,
2026-03-26,SH600660,-9.951843973716156e-10,EXP_LGBModel_Alpha158_csi300_custom_step0_s_20260326_16,b9c7d2224ad54869801e271835b162ce,,,
2026-03-26,SH600674,0.0025906943803397204,EXP_LGBModel_Alpha158_csi300_custom_step0_s_20260326_16,b9c7d2224ad54869801e271835b162ce,,,
2026-03-26,SH600690,-9.951843973716156e-10,EXP_LGBModel_Alpha158_csi300_custom_step0_s_20260326_16,b9c7d2224ad54869801e271835b162ce,,,
2026-03-26,SH600741,-9.951843973716156e-10,EXP_LGBModel_Alpha158_csi300_custom_step0_s_20260326_16,b9c7d2224ad54869801e271835b162ce,,,
2026-03-26,SH600760,-0.00214823483588334,EXP_LGBModel_Alpha158_csi300_custom_step0_s_20260326_16,b9c7d2224ad54869801e271835b162ce,,,
2026-03-26,SH600795,-0.0023277345123355205,EXP_LGBModel_Alpha158_csi300_custom_step0_s_20260326_16,b9c7d2224ad54869801e271835b162ce,,,
2026-03-26,SH600803,-0.0023277345123355205,EXP_LGBModel_Alpha158_csi300_custom_step0_s_20260326_16,b9c7d2224ad54869801e271835b162ce,,,
2026-03-26,SH600809,-0.002633737043853915,EXP_LGBModel_Alpha158_csi300_custom_step0_s_20260326_16,b9c7d2224ad54869801e271835b162ce,,,
2026-03-26,SH600845,-0.004961470561005038,EXP_LGBModel_Alpha158_csi300_custom_step0_s_20260326_16,b9c7d2224ad54869801e271835b162ce,,,
2026-03-26,SH600875,0.006214794883885798,EXP_LGBModel_Alpha158_csi300_custom_step0_s_20260326_16,b9c7d2224ad54869801e271835b162ce,,,
2026-03-26,SH600886,0.0014519820847777834,EXP_LGBModel_Alpha158_csi300_custom_step0_s_20260326_16,b9c7d2224ad54869801e271835b162ce,,,
2026-03-26,SH600887,-0.004781970884552858,EXP_LGBModel_Alpha158_csi300_custom_step0_s_20260326_16,b9c7d2224ad54869801e271835b162ce,,,
2026-03-26,SH600893,0.006214794883885798,EXP_LGBModel_Alpha158_csi300_custom_step0_s_20260326_16,b9c7d2224ad54869801e271835b162ce,,,
2026-03-26,SH600900,0.0025906943803397204,EXP_LGBModel_Alpha158_csi300_custom_step0_s_20260326_16,b9c7d2224ad54869801e271835b162ce,,,
2026-03-26,SH600905,-9.951843973716156e-10,EXP_LGBModel_Alpha158_csi300_custom_step0_s_20260326_16,b9c7d2224ad54869801e271835b162ce,,,
2026-03-26,SH600918,-9.951843973716156e-10,EXP_LGBModel_Alpha158_csi300_custom_step0_s_20260326_16,b9c7d2224ad54869801e271835b162ce,,,
2026-03-26,SH600919,0.00297880782679411,EXP_LGBModel_Alpha158_csi300_custom_step0_s_20260326_16,b9c7d2224ad54869801e271835b162ce,,,
2026-03-26,SH600926,-0.004781970884552858,EXP_LGBModel_Alpha158_csi300_custom_step0_s_20260326_16,b9c7d2224ad54869801e271835b162ce,,,
2026-03-26,SH600930,-0.004961470561005038,EXP_LGBModel_Alpha158_csi300_custom_step0_s_20260326_16,b9c7d2224ad54869801e271835b162ce,,,
2026-03-26,SH600938,-0.0023277345123355205,EXP_LGBModel_Alpha158_csi300_custom_step0_s_20260326_16,b9c7d2224ad54869801e271835b162ce,,,
2026-03-26,SH600941,-0.002633737043853915,EXP_LGBModel_Alpha158_csi300_custom_step0_s_20260326_16,b9c7d2224ad54869801e271835b162ce,,,
2026-03-26,SH600958,-0.004961470561005038,EXP_LGBModel_Alpha158_csi300_custom_step0_s_20260326_16,b9c7d2224ad54869801e271835b162ce,,,
2026-03-26,SH600989,0.014470972640715576,EXP_LGBModel_Alpha158_csi300_custom_step0_s_20260326_16,b9c7d2224ad54869801e271835b162ce,,,
2026-03-26,SZ000977,-0.004961470561005038,EXP_LGBModel_Alpha158_csi300_custom_step0_s_20260326_16,b9c7d2224ad54869801e271835b162ce,,,
2026-03-26,SZ000983,-0.0023277345123355205,EXP_LGBModel_Alpha158_csi300_custom_step0_s_20260326_16,b9c7d2224ad54869801e271835b162ce,,,
2026-03-26,SZ000999,-0.0023277345123355205,EXP_LGBModel_Alpha158_csi300_custom_step0_s_20260326_16,b9c7d2224ad54869801e271835b162ce,,,
2026-03-26,SZ001391,-9.951843973716156e-10,EXP_LGBModel_Alpha158_csi300_custom_step0_s_20260326_16,b9c7d2224ad54869801e271835b162ce,,,
2026-03-26,SH600845,0.024900316538140833,EXP_DEnsembleModel_Alpha158_csi300_custom_step0_s_20260326_14,c9838e3c9b9e46a08aeaa92eba95d789,,,
2026-03-26,SH600875,0.05177036010866608,EXP_DEnsembleModel_Alpha158_csi300_custom_step0_s_20260326_14,c9838e3c9b9e46a08aeaa92eba95d789,,,
2026-03-26,SH600886,0.009119135257011456,EXP_DEnsembleModel_Alpha158_csi300_custom_step0_s_20260326_14,c9838e3c9b9e46a08aeaa92eba95d789,,,
2026-03-26,SH600887,0.026182188809033242,EXP_DEnsembleModel_Alpha158_csi300_custom_step0_s_20260326_14,c9838e3c9b9e46a08aeaa92eba95d789,,,
2026-03-26,SH600893,0.1726683131923824,EXP_DEnsembleModel_Alpha158_csi300_custom_step0_s_20260326_14,c9838e3c9b9e46a08aeaa92eba95d789,,,
2026-03-26,SH600900,0.08659350101879641,EXP_DEnsembleModel_Alpha158_csi300_custom_step0_s_20260326_14,c9838e3c9b9e46a08aeaa92eba95d789,,,
2026-03-26,SH600905,-0.09570225838536933,EXP_DEnsembleModel_Alpha158_csi300_custom_step0_s_20260326_14,c9838e3c9b9e46a08aeaa92eba95d789,,,
2026-03-26,SH600918,0.07031748253998261,EXP_DEnsembleModel_Alpha158_csi300_custom_step0_s_20260326_14,c9838e3c9b9e46a08aeaa92eba95d789,,,
2026-03-26,SH600919,0.12664048075169226,EXP_DEnsembleModel_Alpha158_csi300_custom_step0_s_20260326_14,c9838e3c9b9e46a08aeaa92eba95d789,,,
2026-03-26,SH600926,0.05738348446123517,EXP_DEnsembleModel_Alpha158_csi300_custom_step0_s_20260326_14,c9838e3c9b9e46a08aeaa92eba95d789,,,
2026-03-26,SH600930,-0.12399426598669037,EXP_DEnsembleModel_Alpha158_csi300_custom_step0_s_20260326_14,c9838e3c9b9e46a08aeaa92eba95d789,,,
2026-03-26,SH600809,-0.17198555751318162,EXP_DEnsembleModel_Alpha158_csi300_custom_step0_s_20260326_14,c9838e3c9b9e46a08aeaa92eba95d789,,,
2026-03-26,SH600938,0.07805706649871015,EXP_DEnsembleModel_Alpha158_csi300_custom_step0_s_20260326_14,c9838e3c9b9e46a08aeaa92eba95d789,,,
2026-03-26,SH600958,-0.12306581145406481,EXP_DEnsembleModel_Alpha158_csi300_custom_step0_s_20260326_14,c9838e3c9b9e46a08aeaa92eba95d789,,,
2026-03-26,SH600989,0.339896838418361,EXP_DEnsembleModel_Alpha158_csi300_custom_step0_s_20260326_14,c9838e3c9b9e46a08aeaa92eba95d789,,,
2026-03-26,SH600999,-0.07349690126631635,EXP_DEnsembleModel_Alpha158_csi300_custom_step0_s_20260326_14,c9838e3c9b9e46a08aeaa92eba95d789,,,
2026-03-26,SH601006,-0.003623252842101758,EXP_DEnsembleModel_Alpha158_csi300_custom_step0_s_20260326_14,c9838e3c9b9e46a08aeaa92eba95d789,,,
2026-03-26,SH601009,0.12365032214717815,EXP_DEnsembleModel_Alpha158_csi300_custom_step0_s_20260326_14,c9838e3c9b9e46a08aeaa92eba95d789,,,
2026-03-26,SH601012,0.07838315671077646,EXP_DEnsembleModel_Alpha158_csi300_custom_step0_s_20260326_14,c9838e3c9b9e46a08aeaa92eba95d789,,,
2026-03-26,SH601018,0.02718563090925709,EXP_DEnsembleModel_Alpha158_csi300_custom_step0_s_20260326_14,c9838e3c9b9e46a08aeaa92eba95d789,,,
2026-03-26,SH601021,0.016575179894621733,EXP_DEnsembleModel_Alpha158_csi300_custom_step0_s_20260326_14,c9838e3c9b9e46a08aeaa92eba95d789,,,
2026-03-26,SH601058,0.09448360522640836,EXP_DEnsembleModel_Alpha158_csi300_custom_step0_s_20260326_14,c9838e3c9b9e46a08aeaa92eba95d789,,,
2026-03-26,SH601059,-0.08530781722381292,EXP_DEnsembleModel_Alpha158_csi300_custom_step0_s_20260326_14,c9838e3c9b9e46a08aeaa92eba95d789,,,
2026-03-26,SH601066,-0.10808709434130354,EXP_DEnsembleModel_Alpha158_csi300_custom_step0_s_20260326_14,c9838e3c9b9e46a08aeaa92eba95d789,,,
2026-03-26,SH600941,-0.04076758321277838,EXP_DEnsembleModel_Alpha158_csi300_custom_step0_s_20260326_14,c9838e3c9b9e46a08aeaa92eba95d789,,,
2026-03-26,SH601077,0.04338860866192706,EXP_DEnsembleModel_Alpha158_csi300_custom_step0_s_20260326_14,c9838e3c9b9e46a08aeaa92eba95d789,,,
2026-03-26,SH600803,0.02280971684767791,EXP_DEnsembleModel_Alpha158_csi300_custom_step0_s_20260326_14,c9838e3c9b9e46a08aeaa92eba95d789,,,
2026-03-26,SH600760,0.00024595199609220303,EXP_DEnsembleModel_Alpha158_csi300_custom_step0_s_20260326_14,c9838e3c9b9e46a08aeaa92eba95d789,,,
2026-03-26,SH600362,0.07623019152075967,EXP_DEnsembleModel_Alpha158_csi300_custom_step0_s_20260326_14,c9838e3c9b9e46a08aeaa92eba95d789,,,
2026-03-26,SH600372,-0.013203518522306607,EXP_DEnsembleModel_Alpha158_csi300_custom_step0_s_20260326_14,c9838e3c9b9e46a08aeaa92eba95d789,,,
2026-03-26,SH600377,0.006132384054757547,EXP_DEnsembleModel_Alpha158_csi300_custom_step0_s_20260326_14,c9838e3c9b9e46a08aeaa92eba95d789,,,
2026-03-26,SH600406,0.003919865350211459,EXP_DEnsembleModel_Alpha158_csi300_custom_step0_s_20260326_14,c9838e3c9b9e46a08aeaa92eba95d789,,,
2026-03-26,SH600415,0.012527328018434607,EXP_DEnsembleModel_Alpha158_csi300_custom_step0_s_20260326_14,c9838e3c9b9e46a08aeaa92eba95d789,,,
2026-03-26,SH600426,0.010301548530209923,EXP_DEnsembleModel_Alpha158_csi300_custom_step0_s_20260326_14,c9838e3c9b9e46a08aeaa92eba95d789,,,
2026-03-26,SH600436,-0.05354184879314043,EXP_DEnsembleModel_Alpha158_csi300_custom_step0_s_20260326_14,c9838e3c9b9e46a08aeaa92eba95d789,,,
2026-03-26,SH600438,-0.18623919443025772,EXP_DEnsembleModel_Alpha158_csi300_custom_step0_s_20260326_14,c9838e3c9b9e46a08aeaa92eba95d789,,,
2026-03-26,SH600460,0.028462363512277957,EXP_DEnsembleModel_Alpha158_csi300_custom_step0_s_20260326_14,c9838e3c9b9e46a08aeaa92eba95d789,,,
2026-03-26,SH600482,0.018173139217916825,EXP_DEnsembleModel_Alpha158_csi300_custom_step0_s_20260326_14,c9838e3c9b9e46a08aeaa92eba95d789,,,
2026-03-26,SH600489,0.07595068957575786,EXP_DEnsembleModel_Alpha158_csi300_custom_step0_s_20260326_14,c9838e3c9b9e46a08aeaa92eba95d789,,,
2026-03-26,SH600795,0.048982624876899444,EXP_DEnsembleModel_Alpha158_csi300_custom_step0_s_20260326_14,c9838e3c9b9e46a08aeaa92eba95d789,,,
2026-03-26,SH600515,0.057395450710263814,EXP_DEnsembleModel_Alpha158_csi300_custom_step0_s_20260326_14,c9838e3c9b9e46a08aeaa92eba95d789,,,
2026-03-26,SH600522,-0.15463031095489135,EXP_DEnsembleModel_Alpha158_csi300_custom_step0_s_20260326_14,c9838e3c9b9e46a08aeaa92eba95d789,,,
2026-03-26,SH600547,0.17671631726533507,EXP_DEnsembleModel_Alpha158_csi300_custom_step0_s_20260326_14,c9838e3c9b9e46a08aeaa92eba95d789,,,
2026-03-26,SH600570,-0.08248564970607603,EXP_DEnsembleModel_Alpha158_csi300_custom_step0_s_20260326_14,c9838e3c9b9e46a08aeaa92eba95d789,,,
2026-03-26,SH600584,0.09675549506406124,EXP_DEnsembleModel_Alpha158_csi300_custom_step0_s_20260326_14,c9838e3c9b9e46a08aeaa92eba95d789,,,
2026-03-26,SH600585,-0.03617689684042021,EXP_DEnsembleModel_Alpha158_csi300_custom_step0_s_20260326_14,c9838e3c9b9e46a08aeaa92eba95d789,,,
2026-03-26,SH600588,-0.0593430086639418,EXP_DEnsembleModel_Alpha158_csi300_custom_step0_s_20260326_14,c9838e3c9b9e46a08aeaa92eba95d789,,,
2026-03-26,SH600600,0.1346134535620391,EXP_DEnsembleModel_Alpha158_csi300_custom_step0_s_20260326_14,c9838e3c9b9e46a08aeaa92eba95d789,,,
2026-03-26,SH600660,0.025200439820707035,EXP_DEnsembleModel_Alpha158_csi300_custom_step0_s_20260326_14,c9838e3c9b9e46a08aeaa92eba95d789,,,
2026-03-26,SH600674,0.11067871797737089,EXP_DEnsembleModel_Alpha158_csi300_custom_step0_s_20260326_14,c9838e3c9b9e46a08aeaa92eba95d789,,,
2026-03-26,SH600690,-0.11127598834682932,EXP_DEnsembleModel_Alpha158_csi300_custom_step0_s_20260326_14,c9838e3c9b9e46a08aeaa92eba95d789,,,
2026-03-26,SH600741,-0.017623455799317154,EXP_DEnsembleModel_Alpha158_csi300_custom_step0_s_20260326_14,c9838e3c9b9e46a08aeaa92eba95d789,,,
2026-03-26,SH600519,-0.02702194328816347,EXP_DEnsembleModel_Alpha158_csi300_custom_step0_s_20260326_14,c9838e3c9b9e46a08aeaa92eba95d789,,,
2026-03-26,SH601088,0.13607039950752856,EXP_DEnsembleModel_Alpha158_csi300_custom_step0_s_20260326_14,c9838e3c9b9e46a08aeaa92eba95d789,,,
2026-03-26,SH601100,-0.0017521919474161737,EXP_DEnsembleModel_Alpha158_csi300_custom_step0_s_20260326_14,c9838e3c9b9e46a08aeaa92eba95d789,,,
2026-03-26,SH601111,-0.003955516326116117,EXP_DEnsembleModel_Alpha158_csi300_custom_step0_s_20260326_14,c9838e3c9b9e46a08aeaa92eba95d789,,,
2026-03-26,SH601658,0.08334370794927051,EXP_DEnsembleModel_Alpha158_csi300_custom_step0_s_20260326_14,c9838e3c9b9e46a08aeaa92eba95d789,,,
2026-03-26,SH601668,0.00810634111211699,EXP_DEnsembleModel_Alpha158_csi300_custom_step0_s_20260326_14,c9838e3c9b9e46a08aeaa92eba95d789,,,
2026-03-26,SH601669,-0.023749390208233252,EXP_DEnsembleModel_Alpha158_csi300_custom_step0_s_20260326_14,c9838e3c9b9e46a08aeaa92eba95d789,,,
2026-03-26,SH601688,0.06802319525966403,EXP_DEnsembleModel_Alpha158_csi300_custom_step0_s_20260326_14,c9838e3c9b9e46a08aeaa92eba95d789,,,
2026-03-26,SH601689,0.006036736922236813,EXP_DEnsembleModel_Alpha158_csi300_custom_step0_s_20260326_14,c9838e3c9b9e46a08aeaa92eba95d789,,,
2026-03-26,SH601698,-0.07069444471432705,EXP_DEnsembleModel_Alpha158_csi300_custom_step0_s_20260326_14,c9838e3c9b9e46a08aeaa92eba95d789,,,
2026-03-26,SH601728,-0.06951518079487538,EXP_DEnsembleModel_Alpha158_csi300_custom_step0_s_20260326_14,c9838e3c9b9e46a08aeaa92eba95d789,,,
2026-03-26,SH601766,0.0902482252123662,EXP_DEnsembleModel_Alpha158_csi300_custom_step0_s_20260326_14,c9838e3c9b9e46a08aeaa92eba95d789,,,
2026-03-26,SH601788,-0.08716805860285277,EXP_DEnsembleModel_Alpha158_csi300_custom_step0_s_20260326_14,c9838e3c9b9e46a08aeaa92eba95d789,,,
2026-03-26,SH601800,-0.0964237125079264,EXP_DEnsembleModel_Alpha158_csi300_custom_step0_s_20260326_14,c9838e3c9b9e46a08aeaa92eba95d789,,,
2026-03-26,SH601808,-0.05005434714834713,EXP_DEnsembleModel_Alpha158_csi300_custom_step0_s_20260326_14,c9838e3c9b9e46a08aeaa92eba95d789,,,
2026-03-26,SH601633,0.07180867385852376,EXP_DEnsembleModel_Alpha158_csi300_custom_step0_s_20260326_14,c9838e3c9b9e46a08aeaa92eba95d789,,,
2026-03-26,SH601816,0.0659269874546129,EXP_DEnsembleModel_Alpha158_csi300_custom_step0_s_20260326_14,c9838e3c9b9e46a08aeaa92eba95d789,,,
2026-03-26,SH601825,0.03925674916332452,EXP_DEnsembleModel_Alpha158_csi300_custom_step0_s_20260326_14,c9838e3c9b9e46a08aeaa92eba95d789,,,
2026-03-26,SH601838,0.14571031703491907,EXP_DEnsembleModel_Alpha158_csi300_custom_step0_s_20260326_14,c9838e3c9b9e46a08aeaa92eba95d789,,,
2026-03-26,SH601857,-0.0030721041550829348,EXP_DEnsembleModel_Alpha158_csi300_custom_step0_s_20260326_14,c9838e3c9b9e46a08aeaa92eba95d789,,,
2026-03-26,SH601868,0.13294289945179413,EXP_DEnsembleModel_Alpha158_csi300_custom_step0_s_20260326_14,c9838e3c9b9e46a08aeaa92eba95d789,,,
2026-03-26,SH601872,0.12478992817412642,EXP_DEnsembleModel_Alpha158_csi300_custom_step0_s_20260326_14,c9838e3c9b9e46a08aeaa92eba95d789,,,
2026-03-26,SH601877,0.07318582064533095,EXP_DEnsembleModel_Alpha158_csi300_custom_step0_s_20260326_14,c9838e3c9b9e46a08aeaa92eba95d789,,,
2026-03-26,SH601878,-0.07960554643034633,EXP_DEnsembleModel_Alpha158_csi300_custom_step0_s_20260326_14,c9838e3c9b9e46a08aeaa92eba95d789,,,
2026-03-26,SH601881,-0.11049533882423133,EXP_DEnsembleModel_Alpha158_csi300_custom_step0_s_20260326_14,c9838e3c9b9e46a08aeaa92eba95d789,,,
2026-03-26,SH601888,0.03489687232738773,EXP_DEnsembleModel_Alpha158_csi300_custom_step0_s_20260326_14,c9838e3c9b9e46a08aeaa92eba95d789,,,
2026-03-26,SH601898,0.21120137073157624,EXP_DEnsembleModel_Alpha158_csi300_custom_step0_s_20260326_14,c9838e3c9b9e46a08aeaa92eba95d789,,,
2026-03-26,SH601899,0.0030090670303069143,EXP_DEnsembleModel_Alpha158_csi300_custom_step0_s_20260326_14,c9838e3c9b9e46a08aeaa92eba95d789,,,
2026-03-26,SH601818,0.12944021999823146,EXP_DEnsembleModel_Alpha158_csi300_custom_step0_s_20260326_14,c9838e3c9b9e46a08aeaa92eba95d789,,,
2026-03-26,SH601628,0.12522017212287317,EXP_DEnsembleModel_Alpha158_csi300_custom_step0_s_20260326_14,c9838e3c9b9e46a08aeaa92eba95d789,,,
2026-03-26,SH601618,-0.018082771705227138,EXP_DEnsembleModel_Alpha158_csi300_custom_step0_s_20260326_14,c9838e3c9b9e46a08aeaa92eba95d789,,,
2026-03-26,SH601607,-0.00112732712397993,EXP_DEnsembleModel_Alpha158_csi300_custom_step0_s_20260326_14,c9838e3c9b9e46a08aeaa92eba95d789,,,
2026-03-26,SH601117,-0.027423840245247907,EXP_DEnsembleModel_Alpha158_csi300_custom_step0_s_20260326_14,c9838e3c9b9e46a08aeaa92eba95d789,,,
2026-03-26,SH601127,-0.0793966650223667,EXP_DEnsembleModel_Alpha158_csi300_custom_step0_s_20260326_14,c9838e3c9b9e46a08aeaa92eba95d789,,,
2026-03-26,SH601136,-0.08302832352361406,EXP_DEnsembleModel_Alpha158_csi300_custom_step0_s_20260326_14,c9838e3c9b9e46a08aeaa92eba95d789,,,
2026-03-26,SH601138,0.0007682428559577962,EXP_DEnsembleModel_Alpha158_csi300_custom_step0_s_20260326_14,c9838e3c9b9e46a08aeaa92eba95d789,,,
2026-03-26,SH601166,0.09752420278403302,EXP_DEnsembleModel_Alpha158_csi300_custom_step0_s_20260326_14,c9838e3c9b9e46a08aeaa92eba95d789,,,
2026-03-26,SH601169,0.14826326523932928,EXP_DEnsembleModel_Alpha158_csi300_custom_step0_s_20260326_14,c9838e3c9b9e46a08aeaa92eba95d789,,,
2026-03-26,SH601186,-0.10344013693174407,EXP_DEnsembleModel_Alpha158_csi300_custom_step0_s_20260326_14,c9838e3c9b9e46a08aeaa92eba95d789,,,
2026-03-26,SH601211,-0.039659795877585946,EXP_DEnsembleModel_Alpha158_csi300_custom_step0_s_20260326_14,c9838e3c9b9e46a08aeaa92eba95d789,,,
2026-03-26,SH601225,0.016643609213583935,EXP_DEnsembleModel_Alpha158_csi300_custom_step0_s_20260326_14,c9838e3c9b9e46a08aeaa92eba95d789,,,
2026-03-26,SH601229,0.09010643165042184,EXP_DEnsembleModel_Alpha158_csi300_custom_step0_s_20260326_14,c9838e3c9b9e46a08aeaa92eba95d789,,,
2026-03-26,SH601236,0.05879288766583298,EXP_DEnsembleModel_Alpha158_csi300_custom_step0_s_20260326_14,c9838e3c9b9e46a08aeaa92eba95d789,,,
2026-03-26,SH601238,-0.06759378687812007,EXP_DEnsembleModel_Alpha158_csi300_custom_step0_s_20260326_14,c9838e3c9b9e46a08aeaa92eba95d789,,,
2026-03-26,SH601288,0.01730946712232327,EXP_DEnsembleModel_Alpha158_csi300_custom_step0_s_20260326_14,c9838e3c9b9e46a08aeaa92eba95d789,,,
2026-03-26,SH601298,0.005730164727129499,EXP_DEnsembleModel_Alpha158_csi300_custom_step0_s_20260326_14,c9838e3c9b9e46a08aeaa92eba95d789,,,
2026-03-26,SH601318,-0.12023287744738054,EXP_DEnsembleModel_Alpha158_csi300_custom_step0_s_20260326_14,c9838e3c9b9e46a08aeaa92eba95d789,,,
2026-03-26,SH601319,-0.0432588038760596,EXP_DEnsembleModel_Alpha158_csi300_custom_step0_s_20260326_14,c9838e3c9b9e46a08aeaa92eba95d789,,,
2026-03-26,SH601328,0.15107319190185206,EXP_DEnsembleModel_Alpha158_csi300_custom_step0_s_20260326_14,c9838e3c9b9e46a08aeaa92eba95d789,,,
2026-03-26,SH601336,-0.030382087214228727,EXP_DEnsembleModel_Alpha158_csi300_custom_step0_s_20260326_14,c9838e3c9b9e46a08aeaa92eba95d789,,,
2026-03-26,SH601360,0.043499278816323095,EXP_DEnsembleModel_Alpha158_csi300_custom_step0_s_20260326_14,c9838e3c9b9e46a08aeaa92eba95d789,,,
2026-03-26,SH601377,-0.12518629378594143,EXP_DEnsembleModel_Alpha158_csi300_custom_step0_s_20260326_14,c9838e3c9b9e46a08aeaa92eba95d789,,,
2026-03-26,SH601390,0.003955041042571002,EXP_DEnsembleModel_Alpha158_csi300_custom_step0_s_20260326_14,c9838e3c9b9e46a08aeaa92eba95d789,,,
2026-03-26,SH601398,0.10110591949087903,EXP_DEnsembleModel_Alpha158_csi300_custom_step0_s_20260326_14,c9838e3c9b9e46a08aeaa92eba95d789,,,
2026-03-26,SH601456,-0.10086583079964015,EXP_DEnsembleModel_Alpha158_csi300_custom_step0_s_20260326_14,c9838e3c9b9e46a08aeaa92eba95d789,,,
2026-03-26,SH601600,0.06959192554803462,EXP_DEnsembleModel_Alpha158_csi300_custom_step0_s_20260326_14,c9838e3c9b9e46a08aeaa92eba95d789,,,
2026-03-26,SH601601,0.0025948838750509337,EXP_DEnsembleModel_Alpha158_csi300_custom_step0_s_20260326_14,c9838e3c9b9e46a08aeaa92eba95d789,,,
2026-03-26,SH600346,-0.00034774778478054597,EXP_DEnsembleModel_Alpha158_csi300_custom_step0_s_20260326_14,c9838e3c9b9e46a08aeaa92eba95d789,,,
2026-03-26,SZ301269,0.03676506504416466,EXP_XGBModel_Alpha158_csi300_custom_step0_s_20260326_13,298fbf5c18214deab17ce67384d335c3,,,
2026-03-26,SH600309,-0.1721324445204359,EXP_DEnsembleModel_Alpha158_csi300_custom_step0_s_20260326_14,c9838e3c9b9e46a08aeaa92eba95d789,,,
2026-03-26,SH600233,0.027942634130585096,EXP_DEnsembleModel_Alpha158_csi300_custom_step0_s_20260326_14,c9838e3c9b9e46a08aeaa92eba95d789,,,
2026-03-26,SZ002600,-0.0023277345123355205,EXP_LGBModel_Alpha158_csi300_custom_step0_s_20260326_16,b9c7d2224ad54869801e271835b162ce,,,
2026-03-26,SZ002601,0.006214794883885798,EXP_LGBModel_Alpha158_csi300_custom_step0_s_20260326_16,b9c7d2224ad54869801e271835b162ce,,,
2026-03-26,SZ002625,-9.951843973716156e-10,EXP_LGBModel_Alpha158_csi300_custom_step0_s_20260326_16,b9c7d2224ad54869801e271835b162ce,,,
2026-03-26,SZ002648,-0.004781970884552858,EXP_LGBModel_Alpha158_csi300_custom_step0_s_20260326_16,b9c7d2224ad54869801e271835b162ce,,,
2026-03-26,SZ002709,-0.004781970884552858,EXP_LGBModel_Alpha158_csi300_custom_step0_s_20260326_16,b9c7d2224ad54869801e271835b162ce,,,
2026-03-26,SZ002714,-9.951843973716156e-10,EXP_LGBModel_Alpha158_csi300_custom_step0_s_20260326_16,b9c7d2224ad54869801e271835b162ce,,,
2026-03-26,SZ002736,-0.004961470561005038,EXP_LGBModel_Alpha158_csi300_custom_step0_s_20260326_16,b9c7d2224ad54869801e271835b162ce,,,
2026-03-26,SZ002916,-0.0023277345123355205,EXP_LGBModel_Alpha158_csi300_custom_step0_s_20260326_16,b9c7d2224ad54869801e271835b162ce,,,
2026-03-26,SZ002920,-0.0023277345123355205,EXP_LGBModel_Alpha158_csi300_custom_step0_s_20260326_16,b9c7d2224ad54869801e271835b162ce,,,
2026-03-26,SZ002938,-0.0023277345123355205,EXP_LGBModel_Alpha158_csi300_custom_step0_s_20260326_16,b9c7d2224ad54869801e271835b162ce,,,
2026-03-26,SZ003816,-9.951843973716156e-10,EXP_LGBModel_Alpha158_csi300_custom_step0_s_20260326_16,b9c7d2224ad54869801e271835b162ce,,,
2026-03-26,SZ002594,0.002712576086618377,EXP_LGBModel_Alpha158_csi300_custom_step0_s_20260326_16,b9c7d2224ad54869801e271835b162ce,,,
2026-03-26,SZ300014,-0.00045830966915716507,EXP_LGBModel_Alpha158_csi300_custom_step0_s_20260326_16,b9c7d2224ad54869801e271835b162ce,,,
2026-03-26,SZ300033,-9.951843973716156e-10,EXP_LGBModel_Alpha158_csi300_custom_step0_s_20260326_16,b9c7d2224ad54869801e271835b162ce,,,
2026-03-26,SZ300059,-9.951843973716156e-10,EXP_LGBModel_Alpha158_csi300_custom_step0_s_20260326_16,b9c7d2224ad54869801e271835b162ce,,,
2026-03-26,SZ300122,-9.951843973716156e-10,EXP_LGBModel_Alpha158_csi300_custom_step0_s_20260326_16,b9c7d2224ad54869801e271835b162ce,,,
2026-03-26,SZ300124,-0.004961470561005038,EXP_LGBModel_Alpha158_csi300_custom_step0_s_20260326_16,b9c7d2224ad54869801e271835b162ce,,,
2026-03-26,SZ300251,-9.951843973716156e-10,EXP_LGBModel_Alpha158_csi300_custom_step0_s_20260326_16,b9c7d2224ad54869801e271835b162ce,,,
2026-03-26,SZ300274,-0.004961470561005038,EXP_LGBModel_Alpha158_csi300_custom_step0_s_20260326_16,b9c7d2224ad54869801e271835b162ce,,,
2026-03-26,SZ300308,-9.951843973716156e-10,EXP_LGBModel_Alpha158_csi300_custom_step0_s_20260326_16,b9c7d2224ad54869801e271835b162ce,,,
2026-03-26,SZ300316,-9.951843973716156e-10,EXP_LGBModel_Alpha158_csi300_custom_step0_s_20260326_16,b9c7d2224ad54869801e271835b162ce,,,
2026-03-26,SZ300347,-9.951843973716156e-10,EXP_LGBModel_Alpha158_csi300_custom_step0_s_20260326_16,b9c7d2224ad54869801e271835b162ce,,,
2026-03-26,SZ300394,-0.0023277345123355205,EXP_LGBModel_Alpha158_csi300_custom_step0_s_20260326_16,b9c7d2224ad54869801e271835b162ce,,,
2026-03-26,SZ300408,-0.0023277345123355205,EXP_LGBModel_Alpha158_csi300_custom_step0_s_20260326_16,b9c7d2224ad54869801e271835b162ce,,,
2026-03-26,SZ300015,-9.951843973716156e-10,EXP_LGBModel_Alpha158_csi300_custom_step0_s_20260326_16,b9c7d2224ad54869801e271835b162ce,,,
2026-03-26,SZ300413,0.008256176761645381,EXP_LGBModel_Alpha158_csi300_custom_step0_s_20260326_16,b9c7d2224ad54869801e271835b162ce,,,
2026-03-26,SZ002493,0.014470972640715576,EXP_LGBModel_Alpha158_csi300_custom_step0_s_20260326_16,b9c7d2224ad54869801e271835b162ce,,,
2026-03-26,SZ002466,-0.0023277345123355205,EXP_LGBModel_Alpha158_csi300_custom_step0_s_20260326_16,b9c7d2224ad54869801e271835b162ce,,,
2026-03-26,SZ001965,0.0014519820847777834,EXP_LGBModel_Alpha158_csi300_custom_step0_s_20260326_16,b9c7d2224ad54869801e271835b162ce,,,
2026-03-26,SZ001979,-9.951843973716156e-10,EXP_LGBModel_Alpha158_csi300_custom_step0_s_20260326_16,b9c7d2224ad54869801e271835b162ce,,,
2026-03-26,SZ002001,-0.004781970884552858,EXP_LGBModel_Alpha158_csi300_custom_step0_s_20260326_16,b9c7d2224ad54869801e271835b162ce,,,
2026-03-26,SZ002027,-0.004781970884552858,EXP_LGBModel_Alpha158_csi300_custom_step0_s_20260326_16,b9c7d2224ad54869801e271835b162ce,,,
2026-03-26,SZ002028,-0.0023277345123355205,EXP_LGBModel_Alpha158_csi300_custom_step0_s_20260326_16,b9c7d2224ad54869801e271835b162ce,,,
2026-03-26,SZ002049,-0.0023277345123355205,EXP_LGBModel_Alpha158_csi300_custom_step0_s_20260326_16,b9c7d2224ad54869801e271835b162ce,,,
2026-03-26,SZ002050,-0.00214823483588334,EXP_LGBModel_Alpha158_csi300_custom_step0_s_20260326_16,b9c7d2224ad54869801e271835b162ce,,,
2026-03-26,SZ002074,-0.002633737043853915,EXP_LGBModel_Alpha158_csi300_custom_step0_s_20260326_16,b9c7d2224ad54869801e271835b162ce,,,
2026-03-26,SZ002142,0.00297880782679411,EXP_LGBModel_Alpha158_csi300_custom_step0_s_20260326_16,b9c7d2224ad54869801e271835b162ce,,,
2026-03-26,SZ002179,-0.002633737043853915,EXP_LGBModel_Alpha158_csi300_custom_step0_s_20260326_16,b9c7d2224ad54869801e271835b162ce,,,
2026-03-26,SZ002230,-0.0023277345123355205,EXP_LGBModel_Alpha158_csi300_custom_step0_s_20260326_16,b9c7d2224ad54869801e271835b162ce,,,
2026-03-26,SZ002475,-0.0023277345123355205,EXP_LGBModel_Alpha158_csi300_custom_step0_s_20260326_16,b9c7d2224ad54869801e271835b162ce,,,
2026-03-26,SZ002236,-0.0023277345123355205,EXP_LGBModel_Alpha158_csi300_custom_step0_s_20260326_16,b9c7d2224ad54869801e271835b162ce,,,
2026-03-26,SZ002252,-0.002633737043853915,EXP_LGBModel_Alpha158_csi300_custom_step0_s_20260326_16,b9c7d2224ad54869801e271835b162ce,,,
2026-03-26,SZ002304,-0.004781970884552858,EXP_LGBModel_Alpha158_csi300_custom_step0_s_20260326_16,b9c7d2224ad54869801e271835b162ce,,,
2026-03-26,SZ002311,-0.002633737043853915,EXP_LGBModel_Alpha158_csi300_custom_step0_s_20260326_16,b9c7d2224ad54869801e271835b162ce,,,
2026-03-26,SZ002352,-0.004961470561005038,EXP_LGBModel_Alpha158_csi300_custom_step0_s_20260326_16,b9c7d2224ad54869801e271835b162ce,,,
2026-03-26,SZ002371,-0.0023277345123355205,EXP_LGBModel_Alpha158_csi300_custom_step0_s_20260326_16,b9c7d2224ad54869801e271835b162ce,,,
2026-03-26,SZ002384,0.006214794883885798,EXP_LGBModel_Alpha158_csi300_custom_step0_s_20260326_16,b9c7d2224ad54869801e271835b162ce,,,
2026-03-26,SZ002415,-9.951843973716156e-10,EXP_LGBModel_Alpha158_csi300_custom_step0_s_20260326_16,b9c7d2224ad54869801e271835b162ce,,,
2026-03-26,SZ002422,-0.0023277345123355205,EXP_LGBModel_Alpha158_csi300_custom_step0_s_20260326_16,b9c7d2224ad54869801e271835b162ce,,,
2026-03-26,SZ002459,-0.004961470561005038,EXP_LGBModel_Alpha158_csi300_custom_step0_s_20260326_16,b9c7d2224ad54869801e271835b162ce,,,
2026-03-26,SZ002460,-0.0023277345123355205,EXP_LGBModel_Alpha158_csi300_custom_step0_s_20260326_16,b9c7d2224ad54869801e271835b162ce,,,
2026-03-26,SZ002463,0.002712576086618377,EXP_LGBModel_Alpha158_csi300_custom_step0_s_20260326_16,b9c7d2224ad54869801e271835b162ce,,,
2026-03-26,SZ002241,-9.951843973716156e-10,EXP_LGBModel_Alpha158_csi300_custom_step0_s_20260326_16,b9c7d2224ad54869801e271835b162ce,,,
2026-03-26,SZ300418,-0.0023277345123355205,EXP_LGBModel_Alpha158_csi300_custom_step0_s_20260326_16,b9c7d2224ad54869801e271835b162ce,,,
2026-03-26,SZ300433,-0.0023277345123355205,EXP_LGBModel_Alpha158_csi300_custom_step0_s_20260326_16,b9c7d2224ad54869801e271835b162ce,,,
2026-03-26,SZ300442,-9.951843973716156e-10,EXP_LGBModel_Alpha158_csi300_custom_step0_s_20260326_16,b9c7d2224ad54869801e271835b162ce,,,
2026-03-26,SH600027,-0.017938414222988853,EXP_DEnsembleModel_Alpha158_csi300_custom_step0_s_20260326_14,c9838e3c9b9e46a08aeaa92eba95d789,,,
2026-03-26,SH600028,-0.0479747549913785,EXP_DEnsembleModel_Alpha158_csi300_custom_step0_s_20260326_14,c9838e3c9b9e46a08aeaa92eba95d789,,,
2026-03-26,SH600029,0.09273581430254615,EXP_DEnsembleModel_Alpha158_csi300_custom_step0_s_20260326_14,c9838e3c9b9e46a08aeaa92eba95d789,,,
2026-03-26,SH600030,-0.09626156036128776,EXP_DEnsembleModel_Alpha158_csi300_custom_step0_s_20260326_14,c9838e3c9b9e46a08aeaa92eba95d789,,,
2026-03-26,SH600031,0.0720873727182361,EXP_DEnsembleModel_Alpha158_csi300_custom_step0_s_20260326_14,c9838e3c9b9e46a08aeaa92eba95d789,,,
2026-03-26,SH600036,0.10211918375966267,EXP_DEnsembleModel_Alpha158_csi300_custom_step0_s_20260326_14,c9838e3c9b9e46a08aeaa92eba95d789,,,
2026-03-26,SH600039,0.022890418002952443,EXP_DEnsembleModel_Alpha158_csi300_custom_step0_s_20260326_14,c9838e3c9b9e46a08aeaa92eba95d789,,,
2026-03-26,SH600048,-0.19187702860712216,EXP_DEnsembleModel_Alpha158_csi300_custom_step0_s_20260326_14,c9838e3c9b9e46a08aeaa92eba95d789,,,
2026-03-26,SH600050,-0.0451142747966043,EXP_DEnsembleModel_Alpha158_csi300_custom_step0_s_20260326_14,c9838e3c9b9e46a08aeaa92eba95d789,,,
2026-03-26,SH600061,-0.07843871336962321,EXP_DEnsembleModel_Alpha158_csi300_custom_step0_s_20260326_14,c9838e3c9b9e46a08aeaa92eba95d789,,,
2026-03-26,SH600066,-0.022412252205007973,EXP_DEnsembleModel_Alpha158_csi300_custom_step0_s_20260326_14,c9838e3c9b9e46a08aeaa92eba95d789,,,
2026-03-26,SH600026,0.02999604877873416,EXP_DEnsembleModel_Alpha158_csi300_custom_step0_s_20260326_14,c9838e3c9b9e46a08aeaa92eba95d789,,,
2026-03-26,SH600085,-0.05604736895378292,EXP_DEnsembleModel_Alpha158_csi300_custom_step0_s_20260326_14,c9838e3c9b9e46a08aeaa92eba95d789,,,
2026-03-26,SH600104,0.1255148492306306,EXP_DEnsembleModel_Alpha158_csi300_custom_step0_s_20260326_14,c9838e3c9b9e46a08aeaa92eba95d789,,,
2026-03-26,SH600111,-0.021751583302188803,EXP_DEnsembleModel_Alpha158_csi300_custom_step0_s_20260326_14,c9838e3c9b9e46a08aeaa92eba95d789,,,
2026-03-26,SH600115,0.08897438426448588,EXP_DEnsembleModel_Alpha158_csi300_custom_step0_s_20260326_14,c9838e3c9b9e46a08aeaa92eba95d789,,,
2026-03-26,SH600150,-0.07717816173993629,EXP_DEnsembleModel_Alpha158_csi300_custom_step0_s_20260326_14,c9838e3c9b9e46a08aeaa92eba95d789,,,
2026-03-26,SH600160,0.13227664686098783,EXP_DEnsembleModel_Alpha158_csi300_custom_step0_s_20260326_14,c9838e3c9b9e46a08aeaa92eba95d789,,,
2026-03-26,SH600161,0.015951477829649827,EXP_DEnsembleModel_Alpha158_csi300_custom_step0_s_20260326_14,c9838e3c9b9e46a08aeaa92eba95d789,,,
2026-03-26,SH600176,-0.018723047661181044,EXP_DEnsembleModel_Alpha158_csi300_custom_step0_s_20260326_14,c9838e3c9b9e46a08aeaa92eba95d789,,,
2026-03-26,SH600183,-0.09317731712750045,EXP_DEnsembleModel_Alpha158_csi300_custom_step0_s_20260326_14,c9838e3c9b9e46a08aeaa92eba95d789,,,
2026-03-26,SH600188,0.07030432706969804,EXP_DEnsembleModel_Alpha158_csi300_custom_step0_s_20260326_14,c9838e3c9b9e46a08aeaa92eba95d789,,,
2026-03-26,SH600196,0.0074781568589114755,EXP_DEnsembleModel_Alpha158_csi300_custom_step0_s_20260326_14,c9838e3c9b9e46a08aeaa92eba95d789,,,
2026-03-26,SH600219,-0.06546491999386672,EXP_DEnsembleModel_Alpha158_csi300_custom_step0_s_20260326_14,c9838e3c9b9e46a08aeaa92eba95d789,,,
2026-03-26,SH600089,-0.03190609509002662,EXP_DEnsembleModel_Alpha158_csi300_custom_step0_s_20260326_14,c9838e3c9b9e46a08aeaa92eba95d789,,,
2026-03-26,SH600025,0.12087727923896685,EXP_DEnsembleModel_Alpha158_csi300_custom_step0_s_20260326_14,c9838e3c9b9e46a08aeaa92eba95d789,,,
2026-03-26,SH600023,0.0005928130984677594,EXP_DEnsembleModel_Alpha158_csi300_custom_step0_s_20260326_14,c9838e3c9b9e46a08aeaa92eba95d789,,,
2026-03-26,SH600019,-0.07770202881211133,EXP_DEnsembleModel_Alpha158_csi300_custom_step0_s_20260326_14,c9838e3c9b9e46a08aeaa92eba95d789,,,
2026-03-26,SZ300476,-0.0023277345123355205,EXP_LGBModel_Alpha158_csi300_custom_step0_s_20260326_16,b9c7d2224ad54869801e271835b162ce,,,
2026-03-26,SZ300498,-0.00214823483588334,EXP_LGBModel_Alpha158_csi300_custom_step0_s_20260326_16,b9c7d2224ad54869801e271835b162ce,,,
2026-03-26,SZ300502,-9.951843973716156e-10,EXP_LGBModel_Alpha158_csi300_custom_step0_s_20260326_16,b9c7d2224ad54869801e271835b162ce,,,
2026-03-26,SZ300628,-0.0023277345123355205,EXP_LGBModel_Alpha158_csi300_custom_step0_s_20260326_16,b9c7d2224ad54869801e271835b162ce,,,
2026-03-26,SZ300661,-0.004961470561005038,EXP_LGBModel_Alpha158_csi300_custom_step0_s_20260326_16,b9c7d2224ad54869801e271835b162ce,,,
2026-03-26,SZ300750,0.0051542352014908605,EXP_LGBModel_Alpha158_csi300_custom_step0_s_20260326_16,b9c7d2224ad54869801e271835b162ce,,,
2026-03-26,SZ300759,-0.0023277345123355205,EXP_LGBModel_Alpha158_csi300_custom_step0_s_20260326_16,b9c7d2224ad54869801e271835b162ce,,,
2026-03-26,SZ300760,-9.951843973716156e-10,EXP_LGBModel_Alpha158_csi300_custom_step0_s_20260326_16,b9c7d2224ad54869801e271835b162ce,,,
2026-03-26,SZ300782,-0.004961470561005038,EXP_LGBModel_Alpha158_csi300_custom_step0_s_20260326_16,b9c7d2224ad54869801e271835b162ce,,,
2026-03-26,SZ300803,-9.951843973716156e-10,EXP_LGBModel_Alpha158_csi300_custom_step0_s_20260326_16,b9c7d2224ad54869801e271835b162ce,,,
2026-03-26,SZ300832,-0.004961470561005038,EXP_LGBModel_Alpha158_csi300_custom_step0_s_20260326_16,b9c7d2224ad54869801e271835b162ce,,,
2026-03-26,SZ300866,-0.002633737043853915,EXP_LGBModel_Alpha158_csi300_custom_step0_s_20260326_16,b9c7d2224ad54869801e271835b162ce,,,
2026-03-26,SZ300896,-9.951843973716156e-10,EXP_LGBModel_Alpha158_csi300_custom_step0_s_20260326_16,b9c7d2224ad54869801e271835b162ce,,,
2026-03-26,SZ300979,-0.004961470561005038,EXP_LGBModel_Alpha158_csi300_custom_step0_s_20260326_16,b9c7d2224ad54869801e271835b162ce,,,
2026-03-26,SZ300999,-0.002633737043853915,EXP_LGBModel_Alpha158_csi300_custom_step0_s_20260326_16,b9c7d2224ad54869801e271835b162ce,,,
2026-03-26,SZ301236,-0.0023277345123355205,EXP_LGBModel_Alpha158_csi300_custom_step0_s_20260326_16,b9c7d2224ad54869801e271835b162ce,,,
2026-03-26,SZ301269,-9.951843973716156e-10,EXP_LGBModel_Alpha158_csi300_custom_step0_s_20260326_16,b9c7d2224ad54869801e271835b162ce,,,
2026-03-26,SZ302132,-0.0023277345123355205,EXP_LGBModel_Alpha158_csi300_custom_step0_s_20260326_16,b9c7d2224ad54869801e271835b162ce,,,
2026-03-26,SH600000,0.11837655177664486,EXP_DEnsembleModel_Alpha158_csi300_custom_step0_s_20260326_14,c9838e3c9b9e46a08aeaa92eba95d789,,,
2026-03-26,SH600009,-0.07754241616419648,EXP_DEnsembleModel_Alpha158_csi300_custom_step0_s_20260326_14,c9838e3c9b9e46a08aeaa92eba95d789,,,
2026-03-26,SH600010,-0.0042288127993182515,EXP_DEnsembleModel_Alpha158_csi300_custom_step0_s_20260326_14,c9838e3c9b9e46a08aeaa92eba95d789,,,
2026-03-26,SH600011,0.02729585845192764,EXP_DEnsembleModel_Alpha158_csi300_custom_step0_s_20260326_14,c9838e3c9b9e46a08aeaa92eba95d789,,,
2026-03-26,SH600015,0.16511237509148038,EXP_DEnsembleModel_Alpha158_csi300_custom_step0_s_20260326_14,c9838e3c9b9e46a08aeaa92eba95d789,,,
2026-03-26,SH600016,0.04805014537843078,EXP_DEnsembleModel_Alpha158_csi300_custom_step0_s_20260326_14,c9838e3c9b9e46a08aeaa92eba95d789,,,
2026-03-26,SH600018,0.135736487526721,EXP_DEnsembleModel_Alpha158_csi300_custom_step0_s_20260326_14,c9838e3c9b9e46a08aeaa92eba95d789,,,
2026-03-26,SH600276,-0.06470818984611497,EXP_DEnsembleModel_Alpha158_csi300_custom_step0_s_20260326_14,c9838e3c9b9e46a08aeaa92eba95d789,,,
2026-03-26,SZ302132,0.00244134315289557,EXP_XGBModel_Alpha158_csi300_custom_step0_s_20260326_13,298fbf5c18214deab17ce67384d335c3,,,
