datetime,instrument,score,exp_name,rid,real_label,error,abs_error
2026-03-23,SH600000,-8.85054773769164e-10,EXP_LGBModel_Alpha158_csi300_custom_step0_s_20260323_16,207cd13bb6e4435abdf39fa16f333270,,,
2026-03-23,SZ300866,0.05059491181876174,EXP_DEnsembleModel_Alpha158_csi300_custom_step0_s_20260323_13,8c489106588149a99e7059fd0cbef995,,,
2026-03-23,SZ300896,-0.12343464818483703,EXP_DEnsembleModel_Alpha158_csi300_custom_step0_s_20260323_13,8c489106588149a99e7059fd0cbef995,,,
2026-03-23,SZ300979,-0.10579455374352277,EXP_DEnsembleModel_Alpha158_csi300_custom_step0_s_20260323_13,8c489106588149a99e7059fd0cbef995,,,
2026-03-23,SZ300999,-0.11040224297119208,EXP_DEnsembleModel_Alpha158_csi300_custom_step0_s_20260323_13,8c489106588149a99e7059fd0cbef995,,,
2026-03-23,SZ301236,0.1383238640777956,EXP_DEnsembleModel_Alpha158_csi300_custom_step0_s_20260323_13,8c489106588149a99e7059fd0cbef995,,,
2026-03-23,SZ301269,-0.042550279320186214,EXP_DEnsembleModel_Alpha158_csi300_custom_step0_s_20260323_13,8c489106588149a99e7059fd0cbef995,,,
2026-03-23,SZ302132,0.17901112212669476,EXP_DEnsembleModel_Alpha158_csi300_custom_step0_s_20260323_13,8c489106588149a99e7059fd0cbef995,,,
2026-03-23,SH600000,-0.030398909002542496,EXP_XGBModel_Alpha158_csi300_custom_step0_s_20260323_13,54f6d51af44b4da885b62294b0c0495b,,,
2026-03-23,SH600009,-0.05192979425191879,EXP_XGBModel_Alpha158_csi300_custom_step0_s_20260323_13,54f6d51af44b4da885b62294b0c0495b,,,
2026-03-23,SH600010,0.10645444691181183,EXP_XGBModel_Alpha158_csi300_custom_step0_s_20260323_13,54f6d51af44b4da885b62294b0c0495b,,,
2026-03-23,SH600011,-0.03117992728948593,EXP_XGBModel_Alpha158_csi300_custom_step0_s_20260323_13,54f6d51af44b4da885b62294b0c0495b,,,
2026-03-23,SZ300832,-0.17372618089511224,EXP_DEnsembleModel_Alpha158_csi300_custom_step0_s_20260323_13,8c489106588149a99e7059fd0cbef995,,,
2026-03-23,SH600015,-0.06762488186359406,EXP_XGBModel_Alpha158_csi300_custom_step0_s_20260323_13,54f6d51af44b4da885b62294b0c0495b,,,
2026-03-23,SH600018,-0.034439973533153534,EXP_XGBModel_Alpha158_csi300_custom_step0_s_20260323_13,54f6d51af44b4da885b62294b0c0495b,,,
2026-03-23,SH600019,-0.028943698853254318,EXP_XGBModel_Alpha158_csi300_custom_step0_s_20260323_13,54f6d51af44b4da885b62294b0c0495b,,,
2026-03-23,SH600023,-0.041570231318473816,EXP_XGBModel_Alpha158_csi300_custom_step0_s_20260323_13,54f6d51af44b4da885b62294b0c0495b,,,
2026-03-23,SH600025,0.0038838526234030724,EXP_XGBModel_Alpha158_csi300_custom_step0_s_20260323_13,54f6d51af44b4da885b62294b0c0495b,,,
2026-03-23,SH600026,0.16613943874835968,EXP_XGBModel_Alpha158_csi300_custom_step0_s_20260323_13,54f6d51af44b4da885b62294b0c0495b,,,
2026-03-23,SH600027,0.009167250245809555,EXP_XGBModel_Alpha158_csi300_custom_step0_s_20260323_13,54f6d51af44b4da885b62294b0c0495b,,,
2026-03-23,SH600028,-0.015375875867903233,EXP_XGBModel_Alpha158_csi300_custom_step0_s_20260323_13,54f6d51af44b4da885b62294b0c0495b,,,
2026-03-23,SH600029,0.26738590002059937,EXP_XGBModel_Alpha158_csi300_custom_step0_s_20260323_13,54f6d51af44b4da885b62294b0c0495b,,,
2026-03-23,SH600030,-0.05843391269445419,EXP_XGBModel_Alpha158_csi300_custom_step0_s_20260323_13,54f6d51af44b4da885b62294b0c0495b,,,
2026-03-23,SH600031,0.015632478520274162,EXP_XGBModel_Alpha158_csi300_custom_step0_s_20260323_13,54f6d51af44b4da885b62294b0c0495b,,,
2026-03-23,SH600036,-0.010237341746687889,EXP_XGBModel_Alpha158_csi300_custom_step0_s_20260323_13,54f6d51af44b4da885b62294b0c0495b,,,
2026-03-23,SH600016,-0.07242171466350555,EXP_XGBModel_Alpha158_csi300_custom_step0_s_20260323_13,54f6d51af44b4da885b62294b0c0495b,,,
2026-03-23,SH600039,-0.035534847527742386,EXP_XGBModel_Alpha158_csi300_custom_step0_s_20260323_13,54f6d51af44b4da885b62294b0c0495b,,,
2026-03-23,SZ300803,0.046363316779873855,EXP_DEnsembleModel_Alpha158_csi300_custom_step0_s_20260323_13,8c489106588149a99e7059fd0cbef995,,,
2026-03-23,SZ300760,-0.034214616624269605,EXP_DEnsembleModel_Alpha158_csi300_custom_step0_s_20260323_13,8c489106588149a99e7059fd0cbef995,,,
2026-03-23,SZ300014,0.0778198040412382,EXP_DEnsembleModel_Alpha158_csi300_custom_step0_s_20260323_13,8c489106588149a99e7059fd0cbef995,,,
2026-03-23,SZ300015,-0.127289408339861,EXP_DEnsembleModel_Alpha158_csi300_custom_step0_s_20260323_13,8c489106588149a99e7059fd0cbef995,,,
2026-03-23,SZ300033,-0.015707590393553326,EXP_DEnsembleModel_Alpha158_csi300_custom_step0_s_20260323_13,8c489106588149a99e7059fd0cbef995,,,
2026-03-23,SZ300059,-0.044167756068025976,EXP_DEnsembleModel_Alpha158_csi300_custom_step0_s_20260323_13,8c489106588149a99e7059fd0cbef995,,,
2026-03-23,SZ300122,-0.11517376076103893,EXP_DEnsembleModel_Alpha158_csi300_custom_step0_s_20260323_13,8c489106588149a99e7059fd0cbef995,,,
2026-03-23,SZ300124,-0.1678974563085516,EXP_DEnsembleModel_Alpha158_csi300_custom_step0_s_20260323_13,8c489106588149a99e7059fd0cbef995,,,
2026-03-23,SZ300251,0.05375021170505636,EXP_DEnsembleModel_Alpha158_csi300_custom_step0_s_20260323_13,8c489106588149a99e7059fd0cbef995,,,
2026-03-23,SZ300274,-0.0610331544859125,EXP_DEnsembleModel_Alpha158_csi300_custom_step0_s_20260323_13,8c489106588149a99e7059fd0cbef995,,,
2026-03-23,SZ300308,-0.07204624982453187,EXP_DEnsembleModel_Alpha158_csi300_custom_step0_s_20260323_13,8c489106588149a99e7059fd0cbef995,,,
2026-03-23,SZ300316,0.018480930622050227,EXP_DEnsembleModel_Alpha158_csi300_custom_step0_s_20260323_13,8c489106588149a99e7059fd0cbef995,,,
2026-03-23,SZ300347,0.046680363974709004,EXP_DEnsembleModel_Alpha158_csi300_custom_step0_s_20260323_13,8c489106588149a99e7059fd0cbef995,,,
2026-03-23,SZ300782,-0.1538743720267194,EXP_DEnsembleModel_Alpha158_csi300_custom_step0_s_20260323_13,8c489106588149a99e7059fd0cbef995,,,
2026-03-23,SZ300394,0.12374953233503692,EXP_DEnsembleModel_Alpha158_csi300_custom_step0_s_20260323_13,8c489106588149a99e7059fd0cbef995,,,
2026-03-23,SZ300413,0.07805405380016626,EXP_DEnsembleModel_Alpha158_csi300_custom_step0_s_20260323_13,8c489106588149a99e7059fd0cbef995,,,
2026-03-23,SZ300418,0.0524495961040753,EXP_DEnsembleModel_Alpha158_csi300_custom_step0_s_20260323_13,8c489106588149a99e7059fd0cbef995,,,
2026-03-23,SZ300433,0.06667666924114121,EXP_DEnsembleModel_Alpha158_csi300_custom_step0_s_20260323_13,8c489106588149a99e7059fd0cbef995,,,
2026-03-23,SZ300442,-0.07622409048073234,EXP_DEnsembleModel_Alpha158_csi300_custom_step0_s_20260323_13,8c489106588149a99e7059fd0cbef995,,,
2026-03-23,SZ300476,-0.06339051893501033,EXP_DEnsembleModel_Alpha158_csi300_custom_step0_s_20260323_13,8c489106588149a99e7059fd0cbef995,,,
2026-03-23,SZ300498,-0.051010852158069254,EXP_DEnsembleModel_Alpha158_csi300_custom_step0_s_20260323_13,8c489106588149a99e7059fd0cbef995,,,
2026-03-23,SZ300502,-0.009953303158985313,EXP_DEnsembleModel_Alpha158_csi300_custom_step0_s_20260323_13,8c489106588149a99e7059fd0cbef995,,,
2026-03-23,SZ300628,-0.1013209771123167,EXP_DEnsembleModel_Alpha158_csi300_custom_step0_s_20260323_13,8c489106588149a99e7059fd0cbef995,,,
2026-03-23,SZ300661,0.051772506315138585,EXP_DEnsembleModel_Alpha158_csi300_custom_step0_s_20260323_13,8c489106588149a99e7059fd0cbef995,,,
2026-03-23,SZ300750,-0.02492363302555768,EXP_DEnsembleModel_Alpha158_csi300_custom_step0_s_20260323_13,8c489106588149a99e7059fd0cbef995,,,
2026-03-23,SZ300759,-0.06272967682906964,EXP_DEnsembleModel_Alpha158_csi300_custom_step0_s_20260323_13,8c489106588149a99e7059fd0cbef995,,,
2026-03-23,SZ300408,0.03506938525602842,EXP_DEnsembleModel_Alpha158_csi300_custom_step0_s_20260323_13,8c489106588149a99e7059fd0cbef995,,,
2026-03-23,SZ003816,-0.020385280210234866,EXP_DEnsembleModel_Alpha158_csi300_custom_step0_s_20260323_13,8c489106588149a99e7059fd0cbef995,,,
2026-03-23,SH600048,-0.08376051485538483,EXP_XGBModel_Alpha158_csi300_custom_step0_s_20260323_13,54f6d51af44b4da885b62294b0c0495b,,,
2026-03-23,SH600061,-0.10523271560668945,EXP_XGBModel_Alpha158_csi300_custom_step0_s_20260323_13,54f6d51af44b4da885b62294b0c0495b,,,
2026-03-23,SH600489,0.2004266381263733,EXP_XGBModel_Alpha158_csi300_custom_step0_s_20260323_13,54f6d51af44b4da885b62294b0c0495b,,,
2026-03-23,SH600515,0.04537089541554451,EXP_XGBModel_Alpha158_csi300_custom_step0_s_20260323_13,54f6d51af44b4da885b62294b0c0495b,,,
2026-03-23,SH600519,-0.052436716854572296,EXP_XGBModel_Alpha158_csi300_custom_step0_s_20260323_13,54f6d51af44b4da885b62294b0c0495b,,,
2026-03-23,SH600522,0.11796683818101883,EXP_XGBModel_Alpha158_csi300_custom_step0_s_20260323_13,54f6d51af44b4da885b62294b0c0495b,,,
2026-03-23,SH600547,0.24921351671218872,EXP_XGBModel_Alpha158_csi300_custom_step0_s_20260323_13,54f6d51af44b4da885b62294b0c0495b,,,
2026-03-23,SH600570,-0.04079436883330345,EXP_XGBModel_Alpha158_csi300_custom_step0_s_20260323_13,54f6d51af44b4da885b62294b0c0495b,,,
2026-03-23,SH600584,0.03563133627176285,EXP_XGBModel_Alpha158_csi300_custom_step0_s_20260323_13,54f6d51af44b4da885b62294b0c0495b,,,
2026-03-23,SH600585,-0.02451862208545208,EXP_XGBModel_Alpha158_csi300_custom_step0_s_20260323_13,54f6d51af44b4da885b62294b0c0495b,,,
2026-03-23,SH600588,-0.02310727722942829,EXP_XGBModel_Alpha158_csi300_custom_step0_s_20260323_13,54f6d51af44b4da885b62294b0c0495b,,,
2026-03-23,SH600600,-0.04113832116127014,EXP_XGBModel_Alpha158_csi300_custom_step0_s_20260323_13,54f6d51af44b4da885b62294b0c0495b,,,
2026-03-23,SH600660,-0.019990909844636917,EXP_XGBModel_Alpha158_csi300_custom_step0_s_20260323_13,54f6d51af44b4da885b62294b0c0495b,,,
2026-03-23,SH600482,0.1269797533750534,EXP_XGBModel_Alpha158_csi300_custom_step0_s_20260323_13,54f6d51af44b4da885b62294b0c0495b,,,
2026-03-23,SH600674,-0.001123711816035211,EXP_XGBModel_Alpha158_csi300_custom_step0_s_20260323_13,54f6d51af44b4da885b62294b0c0495b,,,
2026-03-23,SH600741,-0.0736827701330185,EXP_XGBModel_Alpha158_csi300_custom_step0_s_20260323_13,54f6d51af44b4da885b62294b0c0495b,,,
2026-03-23,SH600760,0.01974145695567131,EXP_XGBModel_Alpha158_csi300_custom_step0_s_20260323_13,54f6d51af44b4da885b62294b0c0495b,,,
2026-03-23,SH600795,-0.020711513236165047,EXP_XGBModel_Alpha158_csi300_custom_step0_s_20260323_13,54f6d51af44b4da885b62294b0c0495b,,,
2026-03-23,SH600803,-0.050586502999067307,EXP_XGBModel_Alpha158_csi300_custom_step0_s_20260323_13,54f6d51af44b4da885b62294b0c0495b,,,
2026-03-23,SH600809,-0.0856037363409996,EXP_XGBModel_Alpha158_csi300_custom_step0_s_20260323_13,54f6d51af44b4da885b62294b0c0495b,,,
2026-03-23,SH600845,-0.036442503333091736,EXP_XGBModel_Alpha158_csi300_custom_step0_s_20260323_13,54f6d51af44b4da885b62294b0c0495b,,,
2026-03-23,SH600875,0.07342182844877243,EXP_XGBModel_Alpha158_csi300_custom_step0_s_20260323_13,54f6d51af44b4da885b62294b0c0495b,,,
2026-03-23,SH600886,0.019694777205586433,EXP_XGBModel_Alpha158_csi300_custom_step0_s_20260323_13,54f6d51af44b4da885b62294b0c0495b,,,
2026-03-23,SH600887,-0.06051264703273773,EXP_XGBModel_Alpha158_csi300_custom_step0_s_20260323_13,54f6d51af44b4da885b62294b0c0495b,,,
2026-03-23,SH600893,0.15474028885364532,EXP_XGBModel_Alpha158_csi300_custom_step0_s_20260323_13,54f6d51af44b4da885b62294b0c0495b,,,
2026-03-23,SH600900,0.021512022241950035,EXP_XGBModel_Alpha158_csi300_custom_step0_s_20260323_13,54f6d51af44b4da885b62294b0c0495b,,,
2026-03-23,SH600690,-0.05432889237999916,EXP_XGBModel_Alpha158_csi300_custom_step0_s_20260323_13,54f6d51af44b4da885b62294b0c0495b,,,
2026-03-23,SH600050,-0.13139355182647705,EXP_XGBModel_Alpha158_csi300_custom_step0_s_20260323_13,54f6d51af44b4da885b62294b0c0495b,,,
2026-03-23,SH600460,-0.007638726849108934,EXP_XGBModel_Alpha158_csi300_custom_step0_s_20260323_13,54f6d51af44b4da885b62294b0c0495b,,,
2026-03-23,SH600436,-0.04891448840498924,EXP_XGBModel_Alpha158_csi300_custom_step0_s_20260323_13,54f6d51af44b4da885b62294b0c0495b,,,
2026-03-23,SH600066,-0.028445858508348465,EXP_XGBModel_Alpha158_csi300_custom_step0_s_20260323_13,54f6d51af44b4da885b62294b0c0495b,,,
2026-03-23,SH600085,-0.08194240927696228,EXP_XGBModel_Alpha158_csi300_custom_step0_s_20260323_13,54f6d51af44b4da885b62294b0c0495b,,,
2026-03-23,SH600089,-0.009452820755541325,EXP_XGBModel_Alpha158_csi300_custom_step0_s_20260323_13,54f6d51af44b4da885b62294b0c0495b,,,
2026-03-23,SH600104,0.0014473344199359417,EXP_XGBModel_Alpha158_csi300_custom_step0_s_20260323_13,54f6d51af44b4da885b62294b0c0495b,,,
2026-03-23,SH600111,0.06591852754354477,EXP_XGBModel_Alpha158_csi300_custom_step0_s_20260323_13,54f6d51af44b4da885b62294b0c0495b,,,
2026-03-23,SH600115,0.4035551846027374,EXP_XGBModel_Alpha158_csi300_custom_step0_s_20260323_13,54f6d51af44b4da885b62294b0c0495b,,,
2026-03-23,SH600150,0.0252092182636261,EXP_XGBModel_Alpha158_csi300_custom_step0_s_20260323_13,54f6d51af44b4da885b62294b0c0495b,,,
2026-03-23,SH600160,0.015953892841935158,EXP_XGBModel_Alpha158_csi300_custom_step0_s_20260323_13,54f6d51af44b4da885b62294b0c0495b,,,
2026-03-23,SH600161,-0.12138001620769501,EXP_XGBModel_Alpha158_csi300_custom_step0_s_20260323_13,54f6d51af44b4da885b62294b0c0495b,,,
2026-03-23,SH600176,0.2301546335220337,EXP_XGBModel_Alpha158_csi300_custom_step0_s_20260323_13,54f6d51af44b4da885b62294b0c0495b,,,
2026-03-23,SH600183,-0.004447656217962503,EXP_XGBModel_Alpha158_csi300_custom_step0_s_20260323_13,54f6d51af44b4da885b62294b0c0495b,,,
2026-03-23,SH600438,-0.042694397270679474,EXP_XGBModel_Alpha158_csi300_custom_step0_s_20260323_13,54f6d51af44b4da885b62294b0c0495b,,,
2026-03-23,SH600188,0.10316681861877441,EXP_XGBModel_Alpha158_csi300_custom_step0_s_20260323_13,54f6d51af44b4da885b62294b0c0495b,,,
2026-03-23,SH600219,0.2497451901435852,EXP_XGBModel_Alpha158_csi300_custom_step0_s_20260323_13,54f6d51af44b4da885b62294b0c0495b,,,
2026-03-23,SH600233,-0.01941605471074581,EXP_XGBModel_Alpha158_csi300_custom_step0_s_20260323_13,54f6d51af44b4da885b62294b0c0495b,,,
2026-03-23,SH600276,-0.054551683366298676,EXP_XGBModel_Alpha158_csi300_custom_step0_s_20260323_13,54f6d51af44b4da885b62294b0c0495b,,,
2026-03-23,SH600309,0.0553261935710907,EXP_XGBModel_Alpha158_csi300_custom_step0_s_20260323_13,54f6d51af44b4da885b62294b0c0495b,,,
2026-03-23,SH600346,0.030838314443826675,EXP_XGBModel_Alpha158_csi300_custom_step0_s_20260323_13,54f6d51af44b4da885b62294b0c0495b,,,
2026-03-23,SH600362,0.22075481712818146,EXP_XGBModel_Alpha158_csi300_custom_step0_s_20260323_13,54f6d51af44b4da885b62294b0c0495b,,,
2026-03-23,SH600372,-0.026433052495121956,EXP_XGBModel_Alpha158_csi300_custom_step0_s_20260323_13,54f6d51af44b4da885b62294b0c0495b,,,
2026-03-23,SH600377,-0.08900941163301468,EXP_XGBModel_Alpha158_csi300_custom_step0_s_20260323_13,54f6d51af44b4da885b62294b0c0495b,,,
2026-03-23,SH600406,-0.0031621186062693596,EXP_XGBModel_Alpha158_csi300_custom_step0_s_20260323_13,54f6d51af44b4da885b62294b0c0495b,,,
2026-03-23,SH600415,0.025735845789313316,EXP_XGBModel_Alpha158_csi300_custom_step0_s_20260323_13,54f6d51af44b4da885b62294b0c0495b,,,
2026-03-23,SH600426,-0.00295123178511858,EXP_XGBModel_Alpha158_csi300_custom_step0_s_20260323_13,54f6d51af44b4da885b62294b0c0495b,,,
2026-03-23,SH600196,-0.058362800627946854,EXP_XGBModel_Alpha158_csi300_custom_step0_s_20260323_13,54f6d51af44b4da885b62294b0c0495b,,,
2026-03-23,SZ002938,0.02751920163884956,EXP_DEnsembleModel_Alpha158_csi300_custom_step0_s_20260323_13,8c489106588149a99e7059fd0cbef995,,,
2026-03-23,SZ002920,-0.06453402866764492,EXP_DEnsembleModel_Alpha158_csi300_custom_step0_s_20260323_13,8c489106588149a99e7059fd0cbef995,,,
2026-03-23,SZ002916,0.0747211619119197,EXP_DEnsembleModel_Alpha158_csi300_custom_step0_s_20260323_13,8c489106588149a99e7059fd0cbef995,,,
2026-03-23,SH688169,0.24631797838319927,EXP_DEnsembleModel_Alpha158_csi300_custom_step0_s_20260323_13,8c489106588149a99e7059fd0cbef995,,,
2026-03-23,SH688187,-0.04833406163841095,EXP_DEnsembleModel_Alpha158_csi300_custom_step0_s_20260323_13,8c489106588149a99e7059fd0cbef995,,,
2026-03-23,SH688223,0.012600443249997985,EXP_DEnsembleModel_Alpha158_csi300_custom_step0_s_20260323_13,8c489106588149a99e7059fd0cbef995,,,
2026-03-23,SH688256,-0.07455722152301289,EXP_DEnsembleModel_Alpha158_csi300_custom_step0_s_20260323_13,8c489106588149a99e7059fd0cbef995,,,
2026-03-23,SH688271,-0.05267455195775136,EXP_DEnsembleModel_Alpha158_csi300_custom_step0_s_20260323_13,8c489106588149a99e7059fd0cbef995,,,
2026-03-23,SH688303,0.0440786270090746,EXP_DEnsembleModel_Alpha158_csi300_custom_step0_s_20260323_13,8c489106588149a99e7059fd0cbef995,,,
2026-03-23,SH688396,0.05574025694657449,EXP_DEnsembleModel_Alpha158_csi300_custom_step0_s_20260323_13,8c489106588149a99e7059fd0cbef995,,,
2026-03-23,SH688472,-0.013020422981676917,EXP_DEnsembleModel_Alpha158_csi300_custom_step0_s_20260323_13,8c489106588149a99e7059fd0cbef995,,,
2026-03-23,SH688506,-0.037553829663005654,EXP_DEnsembleModel_Alpha158_csi300_custom_step0_s_20260323_13,8c489106588149a99e7059fd0cbef995,,,
2026-03-23,SH688981,-0.04754476084919226,EXP_DEnsembleModel_Alpha158_csi300_custom_step0_s_20260323_13,8c489106588149a99e7059fd0cbef995,,,
2026-03-23,SZ000001,-0.05509060927856796,EXP_DEnsembleModel_Alpha158_csi300_custom_step0_s_20260323_13,8c489106588149a99e7059fd0cbef995,,,
2026-03-23,SH688126,-0.06933860352227282,EXP_DEnsembleModel_Alpha158_csi300_custom_step0_s_20260323_13,8c489106588149a99e7059fd0cbef995,,,
2026-03-23,SZ000002,-0.12843522932282983,EXP_DEnsembleModel_Alpha158_csi300_custom_step0_s_20260323_13,8c489106588149a99e7059fd0cbef995,,,
2026-03-23,SZ000100,-0.1580109378971828,EXP_DEnsembleModel_Alpha158_csi300_custom_step0_s_20260323_13,8c489106588149a99e7059fd0cbef995,,,
2026-03-23,SZ000157,0.0063141937923092365,EXP_DEnsembleModel_Alpha158_csi300_custom_step0_s_20260323_13,8c489106588149a99e7059fd0cbef995,,,
2026-03-23,SZ000166,-0.06565384409144408,EXP_DEnsembleModel_Alpha158_csi300_custom_step0_s_20260323_13,8c489106588149a99e7059fd0cbef995,,,
2026-03-23,SZ000301,0.18273714727852006,EXP_DEnsembleModel_Alpha158_csi300_custom_step0_s_20260323_13,8c489106588149a99e7059fd0cbef995,,,
2026-03-23,SZ000333,-0.06134243110242478,EXP_DEnsembleModel_Alpha158_csi300_custom_step0_s_20260323_13,8c489106588149a99e7059fd0cbef995,,,
2026-03-23,SZ000338,0.18003136735819864,EXP_DEnsembleModel_Alpha158_csi300_custom_step0_s_20260323_13,8c489106588149a99e7059fd0cbef995,,,
2026-03-23,SZ000408,0.13479862559443395,EXP_DEnsembleModel_Alpha158_csi300_custom_step0_s_20260323_13,8c489106588149a99e7059fd0cbef995,,,
2026-03-23,SZ000425,0.0348571035477008,EXP_DEnsembleModel_Alpha158_csi300_custom_step0_s_20260323_13,8c489106588149a99e7059fd0cbef995,,,
2026-03-23,SZ000538,-0.0693970446871467,EXP_DEnsembleModel_Alpha158_csi300_custom_step0_s_20260323_13,8c489106588149a99e7059fd0cbef995,,,
2026-03-23,SZ000568,-0.07038299320089463,EXP_DEnsembleModel_Alpha158_csi300_custom_step0_s_20260323_13,8c489106588149a99e7059fd0cbef995,,,
2026-03-23,SZ000596,-0.05401338686020586,EXP_DEnsembleModel_Alpha158_csi300_custom_step0_s_20260323_13,8c489106588149a99e7059fd0cbef995,,,
2026-03-23,SZ000063,-0.118877367091029,EXP_DEnsembleModel_Alpha158_csi300_custom_step0_s_20260323_13,8c489106588149a99e7059fd0cbef995,,,
2026-03-23,SZ000617,0.06929456230917413,EXP_DEnsembleModel_Alpha158_csi300_custom_step0_s_20260323_13,8c489106588149a99e7059fd0cbef995,,,
2026-03-23,SH688111,0.03633425700303701,EXP_DEnsembleModel_Alpha158_csi300_custom_step0_s_20260323_13,8c489106588149a99e7059fd0cbef995,,,
2026-03-23,SH688047,-0.019002767817092252,EXP_DEnsembleModel_Alpha158_csi300_custom_step0_s_20260323_13,8c489106588149a99e7059fd0cbef995,,,
2026-03-23,SH601985,-0.021020223755494376,EXP_DEnsembleModel_Alpha158_csi300_custom_step0_s_20260323_13,8c489106588149a99e7059fd0cbef995,,,
2026-03-23,SH601988,-0.024813955081618842,EXP_DEnsembleModel_Alpha158_csi300_custom_step0_s_20260323_13,8c489106588149a99e7059fd0cbef995,,,
2026-03-23,SH601995,-0.05223221795845795,EXP_DEnsembleModel_Alpha158_csi300_custom_step0_s_20260323_13,8c489106588149a99e7059fd0cbef995,,,
2026-03-23,SH601998,0.007973077880088953,EXP_DEnsembleModel_Alpha158_csi300_custom_step0_s_20260323_13,8c489106588149a99e7059fd0cbef995,,,
2026-03-23,SH603019,-0.1573907670215535,EXP_DEnsembleModel_Alpha158_csi300_custom_step0_s_20260323_13,8c489106588149a99e7059fd0cbef995,,,
2026-03-23,SH603195,-0.14042953969977479,EXP_DEnsembleModel_Alpha158_csi300_custom_step0_s_20260323_13,8c489106588149a99e7059fd0cbef995,,,
2026-03-23,SH603259,-0.001773367316038716,EXP_DEnsembleModel_Alpha158_csi300_custom_step0_s_20260323_13,8c489106588149a99e7059fd0cbef995,,,
2026-03-23,SH603260,-0.09177745676026325,EXP_DEnsembleModel_Alpha158_csi300_custom_step0_s_20260323_13,8c489106588149a99e7059fd0cbef995,,,
2026-03-23,SH603288,-0.09177477420173225,EXP_DEnsembleModel_Alpha158_csi300_custom_step0_s_20260323_13,8c489106588149a99e7059fd0cbef995,,,
2026-03-23,SH603296,-0.07600616268229361,EXP_DEnsembleModel_Alpha158_csi300_custom_step0_s_20260323_13,8c489106588149a99e7059fd0cbef995,,,
2026-03-23,SH603369,-0.0992397475952472,EXP_DEnsembleModel_Alpha158_csi300_custom_step0_s_20260323_13,8c489106588149a99e7059fd0cbef995,,,
2026-03-23,SH688082,0.09192618160198457,EXP_DEnsembleModel_Alpha158_csi300_custom_step0_s_20260323_13,8c489106588149a99e7059fd0cbef995,,,
2026-03-23,SH603392,-0.004111410015013114,EXP_DEnsembleModel_Alpha158_csi300_custom_step0_s_20260323_13,8c489106588149a99e7059fd0cbef995,,,
2026-03-23,SH603799,0.19536615655129555,EXP_DEnsembleModel_Alpha158_csi300_custom_step0_s_20260323_13,8c489106588149a99e7059fd0cbef995,,,
2026-03-23,SH603893,-0.1102906272736652,EXP_DEnsembleModel_Alpha158_csi300_custom_step0_s_20260323_13,8c489106588149a99e7059fd0cbef995,,,
2026-03-23,SH603986,0.04808673352403745,EXP_DEnsembleModel_Alpha158_csi300_custom_step0_s_20260323_13,8c489106588149a99e7059fd0cbef995,,,
2026-03-23,SH603993,0.25050037105552214,EXP_DEnsembleModel_Alpha158_csi300_custom_step0_s_20260323_13,8c489106588149a99e7059fd0cbef995,,,
2026-03-23,SH605117,0.1073922546713152,EXP_DEnsembleModel_Alpha158_csi300_custom_step0_s_20260323_13,8c489106588149a99e7059fd0cbef995,,,
2026-03-23,SH605499,0.031086318279517345,EXP_DEnsembleModel_Alpha158_csi300_custom_step0_s_20260323_13,8c489106588149a99e7059fd0cbef995,,,
2026-03-23,SH688008,0.030314702666345113,EXP_DEnsembleModel_Alpha158_csi300_custom_step0_s_20260323_13,8c489106588149a99e7059fd0cbef995,,,
2026-03-23,SH688009,-0.11201498800379553,EXP_DEnsembleModel_Alpha158_csi300_custom_step0_s_20260323_13,8c489106588149a99e7059fd0cbef995,,,
2026-03-23,SH688012,-0.01208261878548991,EXP_DEnsembleModel_Alpha158_csi300_custom_step0_s_20260323_13,8c489106588149a99e7059fd0cbef995,,,
2026-03-23,SH688036,-0.11699332907927742,EXP_DEnsembleModel_Alpha158_csi300_custom_step0_s_20260323_13,8c489106588149a99e7059fd0cbef995,,,
2026-03-23,SH688041,-0.03683454877318197,EXP_DEnsembleModel_Alpha158_csi300_custom_step0_s_20260323_13,8c489106588149a99e7059fd0cbef995,,,
2026-03-23,SH603501,-0.08157220592409543,EXP_DEnsembleModel_Alpha158_csi300_custom_step0_s_20260323_13,8c489106588149a99e7059fd0cbef995,,,
2026-03-23,SZ000625,-0.06530792258602834,EXP_DEnsembleModel_Alpha158_csi300_custom_step0_s_20260323_13,8c489106588149a99e7059fd0cbef995,,,
2026-03-23,SZ000630,0.17574401198376385,EXP_DEnsembleModel_Alpha158_csi300_custom_step0_s_20260323_13,8c489106588149a99e7059fd0cbef995,,,
2026-03-23,SZ000651,-0.06439488518277955,EXP_DEnsembleModel_Alpha158_csi300_custom_step0_s_20260323_13,8c489106588149a99e7059fd0cbef995,,,
2026-03-23,SZ002236,-0.13789765538966034,EXP_DEnsembleModel_Alpha158_csi300_custom_step0_s_20260323_13,8c489106588149a99e7059fd0cbef995,,,
2026-03-23,SZ002241,-0.10046631036022978,EXP_DEnsembleModel_Alpha158_csi300_custom_step0_s_20260323_13,8c489106588149a99e7059fd0cbef995,,,
2026-03-23,SZ002252,-0.10423791835182013,EXP_DEnsembleModel_Alpha158_csi300_custom_step0_s_20260323_13,8c489106588149a99e7059fd0cbef995,,,
2026-03-23,SZ002304,-0.1100798683226162,EXP_DEnsembleModel_Alpha158_csi300_custom_step0_s_20260323_13,8c489106588149a99e7059fd0cbef995,,,
2026-03-23,SZ002311,-0.18100655602671406,EXP_DEnsembleModel_Alpha158_csi300_custom_step0_s_20260323_13,8c489106588149a99e7059fd0cbef995,,,
2026-03-23,SZ002352,-0.17298297488285727,EXP_DEnsembleModel_Alpha158_csi300_custom_step0_s_20260323_13,8c489106588149a99e7059fd0cbef995,,,
2026-03-23,SZ002371,-0.019678641217553697,EXP_DEnsembleModel_Alpha158_csi300_custom_step0_s_20260323_13,8c489106588149a99e7059fd0cbef995,,,
2026-03-23,SZ002384,0.24858308009881258,EXP_DEnsembleModel_Alpha158_csi300_custom_step0_s_20260323_13,8c489106588149a99e7059fd0cbef995,,,
2026-03-23,SZ002415,-0.07484614352299285,EXP_DEnsembleModel_Alpha158_csi300_custom_step0_s_20260323_13,8c489106588149a99e7059fd0cbef995,,,
2026-03-23,SZ002422,-0.04119671062602686,EXP_DEnsembleModel_Alpha158_csi300_custom_step0_s_20260323_13,8c489106588149a99e7059fd0cbef995,,,
2026-03-23,SZ002459,0.1039245659231414,EXP_DEnsembleModel_Alpha158_csi300_custom_step0_s_20260323_13,8c489106588149a99e7059fd0cbef995,,,
2026-03-23,SZ002230,-0.060399469201846384,EXP_DEnsembleModel_Alpha158_csi300_custom_step0_s_20260323_13,8c489106588149a99e7059fd0cbef995,,,
2026-03-23,SZ002460,-0.035927716699101137,EXP_DEnsembleModel_Alpha158_csi300_custom_step0_s_20260323_13,8c489106588149a99e7059fd0cbef995,,,
2026-03-23,SZ002466,-0.01790051770337665,EXP_DEnsembleModel_Alpha158_csi300_custom_step0_s_20260323_13,8c489106588149a99e7059fd0cbef995,,,
2026-03-23,SZ002475,-0.10428140453460297,EXP_DEnsembleModel_Alpha158_csi300_custom_step0_s_20260323_13,8c489106588149a99e7059fd0cbef995,,,
2026-03-23,SZ002493,0.4329062115481525,EXP_DEnsembleModel_Alpha158_csi300_custom_step0_s_20260323_13,8c489106588149a99e7059fd0cbef995,,,
2026-03-23,SZ002594,0.028194930711556564,EXP_DEnsembleModel_Alpha158_csi300_custom_step0_s_20260323_13,8c489106588149a99e7059fd0cbef995,,,
2026-03-23,SZ002600,-0.08603240934396884,EXP_DEnsembleModel_Alpha158_csi300_custom_step0_s_20260323_13,8c489106588149a99e7059fd0cbef995,,,
2026-03-23,SZ002601,0.07924967607617318,EXP_DEnsembleModel_Alpha158_csi300_custom_step0_s_20260323_13,8c489106588149a99e7059fd0cbef995,,,
2026-03-23,SZ002625,-0.04382469923610788,EXP_DEnsembleModel_Alpha158_csi300_custom_step0_s_20260323_13,8c489106588149a99e7059fd0cbef995,,,
2026-03-23,SZ002648,0.11339260146014142,EXP_DEnsembleModel_Alpha158_csi300_custom_step0_s_20260323_13,8c489106588149a99e7059fd0cbef995,,,
2026-03-23,SZ002709,0.0970216479189044,EXP_DEnsembleModel_Alpha158_csi300_custom_step0_s_20260323_13,8c489106588149a99e7059fd0cbef995,,,
2026-03-23,SZ002714,-0.10716363249008731,EXP_DEnsembleModel_Alpha158_csi300_custom_step0_s_20260323_13,8c489106588149a99e7059fd0cbef995,,,
2026-03-23,SZ002736,-0.08888798856876491,EXP_DEnsembleModel_Alpha158_csi300_custom_step0_s_20260323_13,8c489106588149a99e7059fd0cbef995,,,
2026-03-23,SZ002463,0.08492640367786349,EXP_DEnsembleModel_Alpha158_csi300_custom_step0_s_20260323_13,8c489106588149a99e7059fd0cbef995,,,
2026-03-23,SZ002179,-0.1123244118037676,EXP_DEnsembleModel_Alpha158_csi300_custom_step0_s_20260323_13,8c489106588149a99e7059fd0cbef995,,,
2026-03-23,SZ002142,-0.10571438092549737,EXP_DEnsembleModel_Alpha158_csi300_custom_step0_s_20260323_13,8c489106588149a99e7059fd0cbef995,,,
2026-03-23,SZ002074,0.016801779169957756,EXP_DEnsembleModel_Alpha158_csi300_custom_step0_s_20260323_13,8c489106588149a99e7059fd0cbef995,,,
2026-03-23,SZ000661,-0.16550118404957206,EXP_DEnsembleModel_Alpha158_csi300_custom_step0_s_20260323_13,8c489106588149a99e7059fd0cbef995,,,
2026-03-23,SZ000708,-0.03581183916837615,EXP_DEnsembleModel_Alpha158_csi300_custom_step0_s_20260323_13,8c489106588149a99e7059fd0cbef995,,,
2026-03-23,SZ000725,-0.1840158040194772,EXP_DEnsembleModel_Alpha158_csi300_custom_step0_s_20260323_13,8c489106588149a99e7059fd0cbef995,,,
2026-03-23,SZ000768,-0.028367846334056503,EXP_DEnsembleModel_Alpha158_csi300_custom_step0_s_20260323_13,8c489106588149a99e7059fd0cbef995,,,
2026-03-23,SZ000776,-0.04834153945157783,EXP_DEnsembleModel_Alpha158_csi300_custom_step0_s_20260323_13,8c489106588149a99e7059fd0cbef995,,,
2026-03-23,SZ000786,0.0015716962262703894,EXP_DEnsembleModel_Alpha158_csi300_custom_step0_s_20260323_13,8c489106588149a99e7059fd0cbef995,,,
2026-03-23,SZ000792,0.015979667680974637,EXP_DEnsembleModel_Alpha158_csi300_custom_step0_s_20260323_13,8c489106588149a99e7059fd0cbef995,,,
2026-03-23,SZ000807,0.06836145014543679,EXP_DEnsembleModel_Alpha158_csi300_custom_step0_s_20260323_13,8c489106588149a99e7059fd0cbef995,,,
2026-03-23,SZ000858,-0.01863375510611492,EXP_DEnsembleModel_Alpha158_csi300_custom_step0_s_20260323_13,8c489106588149a99e7059fd0cbef995,,,
2026-03-23,SZ000876,-0.167167241362567,EXP_DEnsembleModel_Alpha158_csi300_custom_step0_s_20260323_13,8c489106588149a99e7059fd0cbef995,,,
2026-03-23,SZ000895,-0.06482264822764662,EXP_DEnsembleModel_Alpha158_csi300_custom_step0_s_20260323_13,8c489106588149a99e7059fd0cbef995,,,
2026-03-23,SZ000938,0.005183834396827883,EXP_DEnsembleModel_Alpha158_csi300_custom_step0_s_20260323_13,8c489106588149a99e7059fd0cbef995,,,
2026-03-23,SZ000963,-0.075304889468594,EXP_DEnsembleModel_Alpha158_csi300_custom_step0_s_20260323_13,8c489106588149a99e7059fd0cbef995,,,
2026-03-23,SZ000975,-0.00607735316266217,EXP_DEnsembleModel_Alpha158_csi300_custom_step0_s_20260323_13,8c489106588149a99e7059fd0cbef995,,,
2026-03-23,SZ000977,-0.1356681480037494,EXP_DEnsembleModel_Alpha158_csi300_custom_step0_s_20260323_13,8c489106588149a99e7059fd0cbef995,,,
2026-03-23,SZ000983,-0.04018979180454435,EXP_DEnsembleModel_Alpha158_csi300_custom_step0_s_20260323_13,8c489106588149a99e7059fd0cbef995,,,
2026-03-23,SZ000999,-0.05622952723580827,EXP_DEnsembleModel_Alpha158_csi300_custom_step0_s_20260323_13,8c489106588149a99e7059fd0cbef995,,,
2026-03-23,SZ001391,-0.08999518799873862,EXP_DEnsembleModel_Alpha158_csi300_custom_step0_s_20260323_13,8c489106588149a99e7059fd0cbef995,,,
2026-03-23,SZ001965,-0.038247515353866536,EXP_DEnsembleModel_Alpha158_csi300_custom_step0_s_20260323_13,8c489106588149a99e7059fd0cbef995,,,
2026-03-23,SZ001979,-0.026378451407647354,EXP_DEnsembleModel_Alpha158_csi300_custom_step0_s_20260323_13,8c489106588149a99e7059fd0cbef995,,,
2026-03-23,SZ002001,0.3554567565195,EXP_DEnsembleModel_Alpha158_csi300_custom_step0_s_20260323_13,8c489106588149a99e7059fd0cbef995,,,
2026-03-23,SZ002027,-0.06258943720593874,EXP_DEnsembleModel_Alpha158_csi300_custom_step0_s_20260323_13,8c489106588149a99e7059fd0cbef995,,,
2026-03-23,SZ002028,0.02114644664634578,EXP_DEnsembleModel_Alpha158_csi300_custom_step0_s_20260323_13,8c489106588149a99e7059fd0cbef995,,,
2026-03-23,SZ002049,-0.11496420875714695,EXP_DEnsembleModel_Alpha158_csi300_custom_step0_s_20260323_13,8c489106588149a99e7059fd0cbef995,,,
2026-03-23,SZ002050,-0.03983074313745095,EXP_DEnsembleModel_Alpha158_csi300_custom_step0_s_20260323_13,8c489106588149a99e7059fd0cbef995,,,
2026-03-23,SH600905,-0.008969577960669994,EXP_XGBModel_Alpha158_csi300_custom_step0_s_20260323_13,54f6d51af44b4da885b62294b0c0495b,,,
2026-03-23,SH601939,0.04555732994086675,EXP_DEnsembleModel_Alpha158_csi300_custom_step0_s_20260323_13,8c489106588149a99e7059fd0cbef995,,,
2026-03-23,SH600918,-0.06752916425466537,EXP_XGBModel_Alpha158_csi300_custom_step0_s_20260323_13,54f6d51af44b4da885b62294b0c0495b,,,
2026-03-23,SH600926,-0.05690959841012955,EXP_XGBModel_Alpha158_csi300_custom_step0_s_20260323_13,54f6d51af44b4da885b62294b0c0495b,,,
2026-03-23,SZ000895,-0.02890903502702713,EXP_XGBModel_Alpha158_csi300_custom_step0_s_20260323_13,54f6d51af44b4da885b62294b0c0495b,,,
2026-03-23,SZ000938,-0.02264535240828991,EXP_XGBModel_Alpha158_csi300_custom_step0_s_20260323_13,54f6d51af44b4da885b62294b0c0495b,,,
2026-03-23,SZ000963,-0.03904028236865997,EXP_XGBModel_Alpha158_csi300_custom_step0_s_20260323_13,54f6d51af44b4da885b62294b0c0495b,,,
2026-03-23,SZ000975,0.13978512585163116,EXP_XGBModel_Alpha158_csi300_custom_step0_s_20260323_13,54f6d51af44b4da885b62294b0c0495b,,,
2026-03-23,SZ000977,-0.10479290783405304,EXP_XGBModel_Alpha158_csi300_custom_step0_s_20260323_13,54f6d51af44b4da885b62294b0c0495b,,,
2026-03-23,SZ000983,-0.019018903374671936,EXP_XGBModel_Alpha158_csi300_custom_step0_s_20260323_13,54f6d51af44b4da885b62294b0c0495b,,,
2026-03-23,SZ000999,-0.02466289885342121,EXP_XGBModel_Alpha158_csi300_custom_step0_s_20260323_13,54f6d51af44b4da885b62294b0c0495b,,,
2026-03-23,SZ001391,-0.08373285084962845,EXP_XGBModel_Alpha158_csi300_custom_step0_s_20260323_13,54f6d51af44b4da885b62294b0c0495b,,,
2026-03-23,SZ001965,-0.010516411624848843,EXP_XGBModel_Alpha158_csi300_custom_step0_s_20260323_13,54f6d51af44b4da885b62294b0c0495b,,,
2026-03-23,SZ001979,-0.04932021349668503,EXP_XGBModel_Alpha158_csi300_custom_step0_s_20260323_13,54f6d51af44b4da885b62294b0c0495b,,,
2026-03-23,SZ002001,0.04401767626404762,EXP_XGBModel_Alpha158_csi300_custom_step0_s_20260323_13,54f6d51af44b4da885b62294b0c0495b,,,
2026-03-23,SZ000876,-0.10611412674188614,EXP_XGBModel_Alpha158_csi300_custom_step0_s_20260323_13,54f6d51af44b4da885b62294b0c0495b,,,
2026-03-23,SZ002027,-0.01565384492278099,EXP_XGBModel_Alpha158_csi300_custom_step0_s_20260323_13,54f6d51af44b4da885b62294b0c0495b,,,
2026-03-23,SZ002049,-0.13603077828884125,EXP_XGBModel_Alpha158_csi300_custom_step0_s_20260323_13,54f6d51af44b4da885b62294b0c0495b,,,
2026-03-23,SZ002050,-0.05582320690155029,EXP_XGBModel_Alpha158_csi300_custom_step0_s_20260323_13,54f6d51af44b4da885b62294b0c0495b,,,
2026-03-23,SZ002074,-0.03136889636516571,EXP_XGBModel_Alpha158_csi300_custom_step0_s_20260323_13,54f6d51af44b4da885b62294b0c0495b,,,
2026-03-23,SZ002142,-0.04457275941967964,EXP_XGBModel_Alpha158_csi300_custom_step0_s_20260323_13,54f6d51af44b4da885b62294b0c0495b,,,
2026-03-23,SZ002179,-0.07064410299062729,EXP_XGBModel_Alpha158_csi300_custom_step0_s_20260323_13,54f6d51af44b4da885b62294b0c0495b,,,
2026-03-23,SZ002230,-0.02616683579981327,EXP_XGBModel_Alpha158_csi300_custom_step0_s_20260323_13,54f6d51af44b4da885b62294b0c0495b,,,
2026-03-23,SZ002236,-0.050379328429698944,EXP_XGBModel_Alpha158_csi300_custom_step0_s_20260323_13,54f6d51af44b4da885b62294b0c0495b,,,
2026-03-23,SZ002241,-0.021339556202292442,EXP_XGBModel_Alpha158_csi300_custom_step0_s_20260323_13,54f6d51af44b4da885b62294b0c0495b,,,
2026-03-23,SZ002252,-0.056649889796972275,EXP_XGBModel_Alpha158_csi300_custom_step0_s_20260323_13,54f6d51af44b4da885b62294b0c0495b,,,
2026-03-23,SZ002304,-0.017343780025839806,EXP_XGBModel_Alpha158_csi300_custom_step0_s_20260323_13,54f6d51af44b4da885b62294b0c0495b,,,
2026-03-23,SZ002311,-0.07592325657606125,EXP_XGBModel_Alpha158_csi300_custom_step0_s_20260323_13,54f6d51af44b4da885b62294b0c0495b,,,
2026-03-23,SZ002028,0.013788278214633465,EXP_XGBModel_Alpha158_csi300_custom_step0_s_20260323_13,54f6d51af44b4da885b62294b0c0495b,,,
2026-03-23,SZ002352,-0.09654754400253296,EXP_XGBModel_Alpha158_csi300_custom_step0_s_20260323_13,54f6d51af44b4da885b62294b0c0495b,,,
2026-03-23,SZ000858,-0.005974967032670975,EXP_XGBModel_Alpha158_csi300_custom_step0_s_20260323_13,54f6d51af44b4da885b62294b0c0495b,,,
2026-03-23,SZ000792,-0.02033541351556778,EXP_XGBModel_Alpha158_csi300_custom_step0_s_20260323_13,54f6d51af44b4da885b62294b0c0495b,,,
2026-03-23,SZ000001,-0.07788006961345673,EXP_XGBModel_Alpha158_csi300_custom_step0_s_20260323_13,54f6d51af44b4da885b62294b0c0495b,,,
2026-03-23,SZ000002,-0.19297969341278076,EXP_XGBModel_Alpha158_csi300_custom_step0_s_20260323_13,54f6d51af44b4da885b62294b0c0495b,,,
2026-03-23,SZ000063,-0.0961216390132904,EXP_XGBModel_Alpha158_csi300_custom_step0_s_20260323_13,54f6d51af44b4da885b62294b0c0495b,,,
2026-03-23,SZ000100,-0.01834675297141075,EXP_XGBModel_Alpha158_csi300_custom_step0_s_20260323_13,54f6d51af44b4da885b62294b0c0495b,,,
2026-03-23,SZ000157,0.017018819227814674,EXP_XGBModel_Alpha158_csi300_custom_step0_s_20260323_13,54f6d51af44b4da885b62294b0c0495b,,,
2026-03-23,SZ000166,-0.05151931196451187,EXP_XGBModel_Alpha158_csi300_custom_step0_s_20260323_13,54f6d51af44b4da885b62294b0c0495b,,,
2026-03-23,SZ000301,0.2526441812515259,EXP_XGBModel_Alpha158_csi300_custom_step0_s_20260323_13,54f6d51af44b4da885b62294b0c0495b,,,
2026-03-23,SZ000333,-0.018838638439774513,EXP_XGBModel_Alpha158_csi300_custom_step0_s_20260323_13,54f6d51af44b4da885b62294b0c0495b,,,
2026-03-23,SZ000338,0.03474980965256691,EXP_XGBModel_Alpha158_csi300_custom_step0_s_20260323_13,54f6d51af44b4da885b62294b0c0495b,,,
2026-03-23,SZ000408,0.02816035971045494,EXP_XGBModel_Alpha158_csi300_custom_step0_s_20260323_13,54f6d51af44b4da885b62294b0c0495b,,,
2026-03-23,SZ000425,0.07851678133010864,EXP_XGBModel_Alpha158_csi300_custom_step0_s_20260323_13,54f6d51af44b4da885b62294b0c0495b,,,
2026-03-23,SZ000807,-0.051868654787540436,EXP_XGBModel_Alpha158_csi300_custom_step0_s_20260323_13,54f6d51af44b4da885b62294b0c0495b,,,
2026-03-23,SZ000538,-0.037856325507164,EXP_XGBModel_Alpha158_csi300_custom_step0_s_20260323_13,54f6d51af44b4da885b62294b0c0495b,,,
2026-03-23,SZ000596,-0.08121748268604279,EXP_XGBModel_Alpha158_csi300_custom_step0_s_20260323_13,54f6d51af44b4da885b62294b0c0495b,,,
2026-03-23,SZ000617,0.02587258256971836,EXP_XGBModel_Alpha158_csi300_custom_step0_s_20260323_13,54f6d51af44b4da885b62294b0c0495b,,,
2026-03-23,SZ000625,-0.0796133428812027,EXP_XGBModel_Alpha158_csi300_custom_step0_s_20260323_13,54f6d51af44b4da885b62294b0c0495b,,,
2026-03-23,SZ000630,0.29848551750183105,EXP_XGBModel_Alpha158_csi300_custom_step0_s_20260323_13,54f6d51af44b4da885b62294b0c0495b,,,
2026-03-23,SZ000651,-0.042285360395908356,EXP_XGBModel_Alpha158_csi300_custom_step0_s_20260323_13,54f6d51af44b4da885b62294b0c0495b,,,
2026-03-23,SZ000661,-0.09012772142887115,EXP_XGBModel_Alpha158_csi300_custom_step0_s_20260323_13,54f6d51af44b4da885b62294b0c0495b,,,
2026-03-23,SZ000708,-0.04488034546375275,EXP_XGBModel_Alpha158_csi300_custom_step0_s_20260323_13,54f6d51af44b4da885b62294b0c0495b,,,
2026-03-23,SZ000725,-0.07853540033102036,EXP_XGBModel_Alpha158_csi300_custom_step0_s_20260323_13,54f6d51af44b4da885b62294b0c0495b,,,
2026-03-23,SZ000768,0.00011712498962879181,EXP_XGBModel_Alpha158_csi300_custom_step0_s_20260323_13,54f6d51af44b4da885b62294b0c0495b,,,
2026-03-23,SZ000776,0.03400765359401703,EXP_XGBModel_Alpha158_csi300_custom_step0_s_20260323_13,54f6d51af44b4da885b62294b0c0495b,,,
2026-03-23,SZ000786,0.006403661333024502,EXP_XGBModel_Alpha158_csi300_custom_step0_s_20260323_13,54f6d51af44b4da885b62294b0c0495b,,,
2026-03-23,SZ000568,-0.05453800410032272,EXP_XGBModel_Alpha158_csi300_custom_step0_s_20260323_13,54f6d51af44b4da885b62294b0c0495b,,,
2026-03-23,SH688981,-0.04221620038151741,EXP_XGBModel_Alpha158_csi300_custom_step0_s_20260323_13,54f6d51af44b4da885b62294b0c0495b,,,
2026-03-23,SZ002371,-0.01853940077126026,EXP_XGBModel_Alpha158_csi300_custom_step0_s_20260323_13,54f6d51af44b4da885b62294b0c0495b,,,
2026-03-23,SZ002415,-0.05732651799917221,EXP_XGBModel_Alpha158_csi300_custom_step0_s_20260323_13,54f6d51af44b4da885b62294b0c0495b,,,
2026-03-23,SZ300316,0.06185039505362511,EXP_XGBModel_Alpha158_csi300_custom_step0_s_20260323_13,54f6d51af44b4da885b62294b0c0495b,,,
2026-03-23,SZ300347,0.011241317726671696,EXP_XGBModel_Alpha158_csi300_custom_step0_s_20260323_13,54f6d51af44b4da885b62294b0c0495b,,,
2026-03-23,SZ300394,-0.004075541626662016,EXP_XGBModel_Alpha158_csi300_custom_step0_s_20260323_13,54f6d51af44b4da885b62294b0c0495b,,,
2026-03-23,SZ300408,0.0010531125590205193,EXP_XGBModel_Alpha158_csi300_custom_step0_s_20260323_13,54f6d51af44b4da885b62294b0c0495b,,,
2026-03-23,SZ300413,0.03865564614534378,EXP_XGBModel_Alpha158_csi300_custom_step0_s_20260323_13,54f6d51af44b4da885b62294b0c0495b,,,
2026-03-23,SZ300418,-0.017505014315247536,EXP_XGBModel_Alpha158_csi300_custom_step0_s_20260323_13,54f6d51af44b4da885b62294b0c0495b,,,
2026-03-23,SZ300433,-0.020520726218819618,EXP_XGBModel_Alpha158_csi300_custom_step0_s_20260323_13,54f6d51af44b4da885b62294b0c0495b,,,
2026-03-23,SZ300442,-0.05743790417909622,EXP_XGBModel_Alpha158_csi300_custom_step0_s_20260323_13,54f6d51af44b4da885b62294b0c0495b,,,
2026-03-23,SZ300476,-0.04267289489507675,EXP_XGBModel_Alpha158_csi300_custom_step0_s_20260323_13,54f6d51af44b4da885b62294b0c0495b,,,
2026-03-23,SZ300498,0.0031053517013788223,EXP_XGBModel_Alpha158_csi300_custom_step0_s_20260323_13,54f6d51af44b4da885b62294b0c0495b,,,
2026-03-23,SZ300502,-0.0791873037815094,EXP_XGBModel_Alpha158_csi300_custom_step0_s_20260323_13,54f6d51af44b4da885b62294b0c0495b,,,
2026-03-23,SZ300308,-0.018600666895508766,EXP_XGBModel_Alpha158_csi300_custom_step0_s_20260323_13,54f6d51af44b4da885b62294b0c0495b,,,
2026-03-23,SZ300628,-0.0324050635099411,EXP_XGBModel_Alpha158_csi300_custom_step0_s_20260323_13,54f6d51af44b4da885b62294b0c0495b,,,
2026-03-23,SZ300750,0.009843016043305397,EXP_XGBModel_Alpha158_csi300_custom_step0_s_20260323_13,54f6d51af44b4da885b62294b0c0495b,,,
2026-03-23,SZ300759,-0.061096034944057465,EXP_XGBModel_Alpha158_csi300_custom_step0_s_20260323_13,54f6d51af44b4da885b62294b0c0495b,,,
2026-03-23,SZ300760,-0.041333720088005066,EXP_XGBModel_Alpha158_csi300_custom_step0_s_20260323_13,54f6d51af44b4da885b62294b0c0495b,,,
2026-03-23,SZ300782,-0.21949505805969238,EXP_XGBModel_Alpha158_csi300_custom_step0_s_20260323_13,54f6d51af44b4da885b62294b0c0495b,,,
2026-03-23,SZ300803,-0.011085468344390392,EXP_XGBModel_Alpha158_csi300_custom_step0_s_20260323_13,54f6d51af44b4da885b62294b0c0495b,,,
2026-03-23,SZ300832,-0.08921956270933151,EXP_XGBModel_Alpha158_csi300_custom_step0_s_20260323_13,54f6d51af44b4da885b62294b0c0495b,,,
2026-03-23,SZ300866,0.05728926137089729,EXP_XGBModel_Alpha158_csi300_custom_step0_s_20260323_13,54f6d51af44b4da885b62294b0c0495b,,,
2026-03-23,SZ300896,-0.292758971452713,EXP_XGBModel_Alpha158_csi300_custom_step0_s_20260323_13,54f6d51af44b4da885b62294b0c0495b,,,
2026-03-23,SZ300979,-0.03521237522363663,EXP_XGBModel_Alpha158_csi300_custom_step0_s_20260323_13,54f6d51af44b4da885b62294b0c0495b,,,
2026-03-23,SZ300999,-0.0592818409204483,EXP_XGBModel_Alpha158_csi300_custom_step0_s_20260323_13,54f6d51af44b4da885b62294b0c0495b,,,
2026-03-23,SZ301236,0.08018700778484344,EXP_XGBModel_Alpha158_csi300_custom_step0_s_20260323_13,54f6d51af44b4da885b62294b0c0495b,,,
2026-03-23,SZ300661,0.018049923703074455,EXP_XGBModel_Alpha158_csi300_custom_step0_s_20260323_13,54f6d51af44b4da885b62294b0c0495b,,,
2026-03-23,SZ002384,0.03952298313379288,EXP_XGBModel_Alpha158_csi300_custom_step0_s_20260323_13,54f6d51af44b4da885b62294b0c0495b,,,
2026-03-23,SZ300274,-0.021762654185295105,EXP_XGBModel_Alpha158_csi300_custom_step0_s_20260323_13,54f6d51af44b4da885b62294b0c0495b,,,
2026-03-23,SZ300124,-0.0825190544128418,EXP_XGBModel_Alpha158_csi300_custom_step0_s_20260323_13,54f6d51af44b4da885b62294b0c0495b,,,
2026-03-23,SZ002422,-0.025196373462677002,EXP_XGBModel_Alpha158_csi300_custom_step0_s_20260323_13,54f6d51af44b4da885b62294b0c0495b,,,
2026-03-23,SZ002459,0.05563758313655853,EXP_XGBModel_Alpha158_csi300_custom_step0_s_20260323_13,54f6d51af44b4da885b62294b0c0495b,,,
2026-03-23,SZ002460,-0.029666505753993988,EXP_XGBModel_Alpha158_csi300_custom_step0_s_20260323_13,54f6d51af44b4da885b62294b0c0495b,,,
2026-03-23,SZ002463,0.27501678466796875,EXP_XGBModel_Alpha158_csi300_custom_step0_s_20260323_13,54f6d51af44b4da885b62294b0c0495b,,,
2026-03-23,SZ002466,-0.039596594870090485,EXP_XGBModel_Alpha158_csi300_custom_step0_s_20260323_13,54f6d51af44b4da885b62294b0c0495b,,,
2026-03-23,SZ002475,-0.04468543082475662,EXP_XGBModel_Alpha158_csi300_custom_step0_s_20260323_13,54f6d51af44b4da885b62294b0c0495b,,,
2026-03-23,SZ002493,0.35084471106529236,EXP_XGBModel_Alpha158_csi300_custom_step0_s_20260323_13,54f6d51af44b4da885b62294b0c0495b,,,
2026-03-23,SZ002594,-0.037805017083883286,EXP_XGBModel_Alpha158_csi300_custom_step0_s_20260323_13,54f6d51af44b4da885b62294b0c0495b,,,
2026-03-23,SZ002600,-0.0320030115544796,EXP_XGBModel_Alpha158_csi300_custom_step0_s_20260323_13,54f6d51af44b4da885b62294b0c0495b,,,
2026-03-23,SZ002601,-0.07273180037736893,EXP_XGBModel_Alpha158_csi300_custom_step0_s_20260323_13,54f6d51af44b4da885b62294b0c0495b,,,
2026-03-23,SZ002625,-0.0579054094851017,EXP_XGBModel_Alpha158_csi300_custom_step0_s_20260323_13,54f6d51af44b4da885b62294b0c0495b,,,
2026-03-23,SZ300251,0.10346768796443939,EXP_XGBModel_Alpha158_csi300_custom_step0_s_20260323_13,54f6d51af44b4da885b62294b0c0495b,,,
2026-03-23,SZ002648,-0.006219171918928623,EXP_XGBModel_Alpha158_csi300_custom_step0_s_20260323_13,54f6d51af44b4da885b62294b0c0495b,,,
2026-03-23,SZ002714,0.0382060706615448,EXP_XGBModel_Alpha158_csi300_custom_step0_s_20260323_13,54f6d51af44b4da885b62294b0c0495b,,,
2026-03-23,SZ002736,-0.08512583374977112,EXP_XGBModel_Alpha158_csi300_custom_step0_s_20260323_13,54f6d51af44b4da885b62294b0c0495b,,,
2026-03-23,SZ002916,0.04772460460662842,EXP_XGBModel_Alpha158_csi300_custom_step0_s_20260323_13,54f6d51af44b4da885b62294b0c0495b,,,
2026-03-23,SZ002920,-0.037160880863666534,EXP_XGBModel_Alpha158_csi300_custom_step0_s_20260323_13,54f6d51af44b4da885b62294b0c0495b,,,
2026-03-23,SZ002938,0.14033526182174683,EXP_XGBModel_Alpha158_csi300_custom_step0_s_20260323_13,54f6d51af44b4da885b62294b0c0495b,,,
2026-03-23,SZ003816,-0.01899738982319832,EXP_XGBModel_Alpha158_csi300_custom_step0_s_20260323_13,54f6d51af44b4da885b62294b0c0495b,,,
2026-03-23,SZ300014,0.11332982778549194,EXP_XGBModel_Alpha158_csi300_custom_step0_s_20260323_13,54f6d51af44b4da885b62294b0c0495b,,,
2026-03-23,SZ300015,-0.07294966280460358,EXP_XGBModel_Alpha158_csi300_custom_step0_s_20260323_13,54f6d51af44b4da885b62294b0c0495b,,,
2026-03-23,SZ300033,-0.021071135997772217,EXP_XGBModel_Alpha158_csi300_custom_step0_s_20260323_13,54f6d51af44b4da885b62294b0c0495b,,,
2026-03-23,SZ300059,-0.0411558672785759,EXP_XGBModel_Alpha158_csi300_custom_step0_s_20260323_13,54f6d51af44b4da885b62294b0c0495b,,,
2026-03-23,SZ300122,-0.03704017400741577,EXP_XGBModel_Alpha158_csi300_custom_step0_s_20260323_13,54f6d51af44b4da885b62294b0c0495b,,,
2026-03-23,SZ002709,0.006392236799001694,EXP_XGBModel_Alpha158_csi300_custom_step0_s_20260323_13,54f6d51af44b4da885b62294b0c0495b,,,
2026-03-23,SH688506,-0.02959955483675003,EXP_XGBModel_Alpha158_csi300_custom_step0_s_20260323_13,54f6d51af44b4da885b62294b0c0495b,,,
2026-03-23,SH688472,-0.0725465640425682,EXP_XGBModel_Alpha158_csi300_custom_step0_s_20260323_13,54f6d51af44b4da885b62294b0c0495b,,,
2026-03-23,SH688396,0.016074998304247856,EXP_XGBModel_Alpha158_csi300_custom_step0_s_20260323_13,54f6d51af44b4da885b62294b0c0495b,,,
2026-03-23,SH601236,-0.013684050180017948,EXP_XGBModel_Alpha158_csi300_custom_step0_s_20260323_13,54f6d51af44b4da885b62294b0c0495b,,,
2026-03-23,SH601238,-0.05684778466820717,EXP_XGBModel_Alpha158_csi300_custom_step0_s_20260323_13,54f6d51af44b4da885b62294b0c0495b,,,
2026-03-23,SH601288,0.009824573993682861,EXP_XGBModel_Alpha158_csi300_custom_step0_s_20260323_13,54f6d51af44b4da885b62294b0c0495b,,,
2026-03-23,SH601298,-0.08268338441848755,EXP_XGBModel_Alpha158_csi300_custom_step0_s_20260323_13,54f6d51af44b4da885b62294b0c0495b,,,
2026-03-23,SH601318,-0.0723196268081665,EXP_XGBModel_Alpha158_csi300_custom_step0_s_20260323_13,54f6d51af44b4da885b62294b0c0495b,,,
2026-03-23,SH601319,-0.05872412770986557,EXP_XGBModel_Alpha158_csi300_custom_step0_s_20260323_13,54f6d51af44b4da885b62294b0c0495b,,,
2026-03-23,SH601328,-0.005146444775164127,EXP_XGBModel_Alpha158_csi300_custom_step0_s_20260323_13,54f6d51af44b4da885b62294b0c0495b,,,
2026-03-23,SH601336,-0.04214169830083847,EXP_XGBModel_Alpha158_csi300_custom_step0_s_20260323_13,54f6d51af44b4da885b62294b0c0495b,,,
2026-03-23,SH601360,0.006680136080831289,EXP_XGBModel_Alpha158_csi300_custom_step0_s_20260323_13,54f6d51af44b4da885b62294b0c0495b,,,
2026-03-23,SH601377,-0.053078386932611465,EXP_XGBModel_Alpha158_csi300_custom_step0_s_20260323_13,54f6d51af44b4da885b62294b0c0495b,,,
2026-03-23,SH601390,-0.0483284518122673,EXP_XGBModel_Alpha158_csi300_custom_step0_s_20260323_13,54f6d51af44b4da885b62294b0c0495b,,,
2026-03-23,SH601229,-0.013721784576773643,EXP_XGBModel_Alpha158_csi300_custom_step0_s_20260323_13,54f6d51af44b4da885b62294b0c0495b,,,
2026-03-23,SH601398,-0.03497768193483353,EXP_XGBModel_Alpha158_csi300_custom_step0_s_20260323_13,54f6d51af44b4da885b62294b0c0495b,,,
2026-03-23,SH601600,0.14350959658622742,EXP_XGBModel_Alpha158_csi300_custom_step0_s_20260323_13,54f6d51af44b4da885b62294b0c0495b,,,
2026-03-23,SH601601,-0.09682805091142654,EXP_XGBModel_Alpha158_csi300_custom_step0_s_20260323_13,54f6d51af44b4da885b62294b0c0495b,,,
2026-03-23,SH601607,-0.07864002883434296,EXP_XGBModel_Alpha158_csi300_custom_step0_s_20260323_13,54f6d51af44b4da885b62294b0c0495b,,,
2026-03-23,SH601618,-0.042278680950403214,EXP_XGBModel_Alpha158_csi300_custom_step0_s_20260323_13,54f6d51af44b4da885b62294b0c0495b,,,
2026-03-23,SH601628,-0.10400021076202393,EXP_XGBModel_Alpha158_csi300_custom_step0_s_20260323_13,54f6d51af44b4da885b62294b0c0495b,,,
2026-03-23,SH601633,0.0007757000857964158,EXP_XGBModel_Alpha158_csi300_custom_step0_s_20260323_13,54f6d51af44b4da885b62294b0c0495b,,,
2026-03-23,SH601658,-0.06264783442020416,EXP_XGBModel_Alpha158_csi300_custom_step0_s_20260323_13,54f6d51af44b4da885b62294b0c0495b,,,
2026-03-23,SH601668,-0.0516783781349659,EXP_XGBModel_Alpha158_csi300_custom_step0_s_20260323_13,54f6d51af44b4da885b62294b0c0495b,,,
2026-03-23,SH601669,-0.023067153990268707,EXP_XGBModel_Alpha158_csi300_custom_step0_s_20260323_13,54f6d51af44b4da885b62294b0c0495b,,,
2026-03-23,SH601688,-0.03972076624631882,EXP_XGBModel_Alpha158_csi300_custom_step0_s_20260323_13,54f6d51af44b4da885b62294b0c0495b,,,
2026-03-23,SH601689,0.10678412020206451,EXP_XGBModel_Alpha158_csi300_custom_step0_s_20260323_13,54f6d51af44b4da885b62294b0c0495b,,,
2026-03-23,SH601456,-0.07850169390439987,EXP_XGBModel_Alpha158_csi300_custom_step0_s_20260323_13,54f6d51af44b4da885b62294b0c0495b,,,
2026-03-23,SH601698,-0.13547903299331665,EXP_XGBModel_Alpha158_csi300_custom_step0_s_20260323_13,54f6d51af44b4da885b62294b0c0495b,,,
2026-03-23,SH601225,-0.00983446929603815,EXP_XGBModel_Alpha158_csi300_custom_step0_s_20260323_13,54f6d51af44b4da885b62294b0c0495b,,,
2026-03-23,SH601186,-0.08001306653022766,EXP_XGBModel_Alpha158_csi300_custom_step0_s_20260323_13,54f6d51af44b4da885b62294b0c0495b,,,
2026-03-23,SH600930,0.027127446606755257,EXP_XGBModel_Alpha158_csi300_custom_step0_s_20260323_13,54f6d51af44b4da885b62294b0c0495b,,,
2026-03-23,SH600938,0.005859111435711384,EXP_XGBModel_Alpha158_csi300_custom_step0_s_20260323_13,54f6d51af44b4da885b62294b0c0495b,,,
2026-03-23,SH600941,-0.076791912317276,EXP_XGBModel_Alpha158_csi300_custom_step0_s_20260323_13,54f6d51af44b4da885b62294b0c0495b,,,
2026-03-23,SH600958,-0.058658480644226074,EXP_XGBModel_Alpha158_csi300_custom_step0_s_20260323_13,54f6d51af44b4da885b62294b0c0495b,,,
2026-03-23,SH600989,0.14171724021434784,EXP_XGBModel_Alpha158_csi300_custom_step0_s_20260323_13,54f6d51af44b4da885b62294b0c0495b,,,
2026-03-23,SH600999,-0.06356266885995865,EXP_XGBModel_Alpha158_csi300_custom_step0_s_20260323_13,54f6d51af44b4da885b62294b0c0495b,,,
2026-03-23,SH601006,0.030655832961201668,EXP_XGBModel_Alpha158_csi300_custom_step0_s_20260323_13,54f6d51af44b4da885b62294b0c0495b,,,
2026-03-23,SH601009,-0.10389257967472076,EXP_XGBModel_Alpha158_csi300_custom_step0_s_20260323_13,54f6d51af44b4da885b62294b0c0495b,,,
2026-03-23,SH601012,0.0309638399630785,EXP_XGBModel_Alpha158_csi300_custom_step0_s_20260323_13,54f6d51af44b4da885b62294b0c0495b,,,
2026-03-23,SH601018,-0.041982393711805344,EXP_XGBModel_Alpha158_csi300_custom_step0_s_20260323_13,54f6d51af44b4da885b62294b0c0495b,,,
2026-03-23,SH601021,0.17133748531341553,EXP_XGBModel_Alpha158_csi300_custom_step0_s_20260323_13,54f6d51af44b4da885b62294b0c0495b,,,
2026-03-23,SH601211,-0.027151167392730713,EXP_XGBModel_Alpha158_csi300_custom_step0_s_20260323_13,54f6d51af44b4da885b62294b0c0495b,,,
2026-03-23,SH601058,0.04039016366004944,EXP_XGBModel_Alpha158_csi300_custom_step0_s_20260323_13,54f6d51af44b4da885b62294b0c0495b,,,
2026-03-23,SH601066,-0.05101395398378372,EXP_XGBModel_Alpha158_csi300_custom_step0_s_20260323_13,54f6d51af44b4da885b62294b0c0495b,,,
2026-03-23,SH601077,-0.009704464115202427,EXP_XGBModel_Alpha158_csi300_custom_step0_s_20260323_13,54f6d51af44b4da885b62294b0c0495b,,,
2026-03-23,SH601088,-0.008923331275582314,EXP_XGBModel_Alpha158_csi300_custom_step0_s_20260323_13,54f6d51af44b4da885b62294b0c0495b,,,
2026-03-23,SH601100,0.09380920231342316,EXP_XGBModel_Alpha158_csi300_custom_step0_s_20260323_13,54f6d51af44b4da885b62294b0c0495b,,,
2026-03-23,SH601111,0.10557635128498077,EXP_XGBModel_Alpha158_csi300_custom_step0_s_20260323_13,54f6d51af44b4da885b62294b0c0495b,,,
2026-03-23,SH601117,-0.017175136134028435,EXP_XGBModel_Alpha158_csi300_custom_step0_s_20260323_13,54f6d51af44b4da885b62294b0c0495b,,,
2026-03-23,SH601127,0.0002379976212978363,EXP_XGBModel_Alpha158_csi300_custom_step0_s_20260323_13,54f6d51af44b4da885b62294b0c0495b,,,
2026-03-23,SH601136,-0.04842609539628029,EXP_XGBModel_Alpha158_csi300_custom_step0_s_20260323_13,54f6d51af44b4da885b62294b0c0495b,,,
2026-03-23,SH601138,-0.03692537173628807,EXP_XGBModel_Alpha158_csi300_custom_step0_s_20260323_13,54f6d51af44b4da885b62294b0c0495b,,,
2026-03-23,SH601166,-0.020494531840085983,EXP_XGBModel_Alpha158_csi300_custom_step0_s_20260323_13,54f6d51af44b4da885b62294b0c0495b,,,
2026-03-23,SH601169,-0.056156598031520844,EXP_XGBModel_Alpha158_csi300_custom_step0_s_20260323_13,54f6d51af44b4da885b62294b0c0495b,,,
2026-03-23,SH601059,-0.01881803199648857,EXP_XGBModel_Alpha158_csi300_custom_step0_s_20260323_13,54f6d51af44b4da885b62294b0c0495b,,,
2026-03-23,SH601728,-0.03441280871629715,EXP_XGBModel_Alpha158_csi300_custom_step0_s_20260323_13,54f6d51af44b4da885b62294b0c0495b,,,
2026-03-23,SH601766,-0.027291417121887207,EXP_XGBModel_Alpha158_csi300_custom_step0_s_20260323_13,54f6d51af44b4da885b62294b0c0495b,,,
2026-03-23,SH601788,-0.05397205054759979,EXP_XGBModel_Alpha158_csi300_custom_step0_s_20260323_13,54f6d51af44b4da885b62294b0c0495b,,,
2026-03-23,SH603369,-0.0648319274187088,EXP_XGBModel_Alpha158_csi300_custom_step0_s_20260323_13,54f6d51af44b4da885b62294b0c0495b,,,
2026-03-23,SH603392,-0.0005823094397783279,EXP_XGBModel_Alpha158_csi300_custom_step0_s_20260323_13,54f6d51af44b4da885b62294b0c0495b,,,
2026-03-23,SH603501,-0.041979268193244934,EXP_XGBModel_Alpha158_csi300_custom_step0_s_20260323_13,54f6d51af44b4da885b62294b0c0495b,,,
2026-03-23,SH603799,0.14662091434001923,EXP_XGBModel_Alpha158_csi300_custom_step0_s_20260323_13,54f6d51af44b4da885b62294b0c0495b,,,
2026-03-23,SH603893,-0.08237782120704651,EXP_XGBModel_Alpha158_csi300_custom_step0_s_20260323_13,54f6d51af44b4da885b62294b0c0495b,,,
2026-03-23,SH603986,0.14153152704238892,EXP_XGBModel_Alpha158_csi300_custom_step0_s_20260323_13,54f6d51af44b4da885b62294b0c0495b,,,
2026-03-23,SH603993,0.3724377453327179,EXP_XGBModel_Alpha158_csi300_custom_step0_s_20260323_13,54f6d51af44b4da885b62294b0c0495b,,,
2026-03-23,SH605117,0.10752688348293304,EXP_XGBModel_Alpha158_csi300_custom_step0_s_20260323_13,54f6d51af44b4da885b62294b0c0495b,,,
2026-03-23,SH605499,-0.058351315557956696,EXP_XGBModel_Alpha158_csi300_custom_step0_s_20260323_13,54f6d51af44b4da885b62294b0c0495b,,,
2026-03-23,SH688008,-0.10177741199731827,EXP_XGBModel_Alpha158_csi300_custom_step0_s_20260323_13,54f6d51af44b4da885b62294b0c0495b,,,
2026-03-23,SH688009,-0.08359836786985397,EXP_XGBModel_Alpha158_csi300_custom_step0_s_20260323_13,54f6d51af44b4da885b62294b0c0495b,,,
2026-03-23,SH603296,-0.03950021043419838,EXP_XGBModel_Alpha158_csi300_custom_step0_s_20260323_13,54f6d51af44b4da885b62294b0c0495b,,,
2026-03-23,SH688012,-0.05216154828667641,EXP_XGBModel_Alpha158_csi300_custom_step0_s_20260323_13,54f6d51af44b4da885b62294b0c0495b,,,
2026-03-23,SH688041,0.005140080116689205,EXP_XGBModel_Alpha158_csi300_custom_step0_s_20260323_13,54f6d51af44b4da885b62294b0c0495b,,,
2026-03-23,SH688047,-0.005770679097622633,EXP_XGBModel_Alpha158_csi300_custom_step0_s_20260323_13,54f6d51af44b4da885b62294b0c0495b,,,
2026-03-23,SH688082,0.0005189646035432816,EXP_XGBModel_Alpha158_csi300_custom_step0_s_20260323_13,54f6d51af44b4da885b62294b0c0495b,,,
2026-03-23,SH688111,0.03384087607264519,EXP_XGBModel_Alpha158_csi300_custom_step0_s_20260323_13,54f6d51af44b4da885b62294b0c0495b,,,
2026-03-23,SH688126,-0.06891290843486786,EXP_XGBModel_Alpha158_csi300_custom_step0_s_20260323_13,54f6d51af44b4da885b62294b0c0495b,,,
2026-03-23,SH688169,0.03138664737343788,EXP_XGBModel_Alpha158_csi300_custom_step0_s_20260323_13,54f6d51af44b4da885b62294b0c0495b,,,
2026-03-23,SH688187,-0.020633690059185028,EXP_XGBModel_Alpha158_csi300_custom_step0_s_20260323_13,54f6d51af44b4da885b62294b0c0495b,,,
2026-03-23,SH688223,-0.28307947516441345,EXP_XGBModel_Alpha158_csi300_custom_step0_s_20260323_13,54f6d51af44b4da885b62294b0c0495b,,,
2026-03-23,SH688256,-0.07074674963951111,EXP_XGBModel_Alpha158_csi300_custom_step0_s_20260323_13,54f6d51af44b4da885b62294b0c0495b,,,
2026-03-23,SH688271,-0.011489956639707088,EXP_XGBModel_Alpha158_csi300_custom_step0_s_20260323_13,54f6d51af44b4da885b62294b0c0495b,,,
2026-03-23,SH688303,0.00551638612523675,EXP_XGBModel_Alpha158_csi300_custom_step0_s_20260323_13,54f6d51af44b4da885b62294b0c0495b,,,
2026-03-23,SH688036,-0.051240384578704834,EXP_XGBModel_Alpha158_csi300_custom_step0_s_20260323_13,54f6d51af44b4da885b62294b0c0495b,,,
2026-03-23,SH603288,-0.05690824240446091,EXP_XGBModel_Alpha158_csi300_custom_step0_s_20260323_13,54f6d51af44b4da885b62294b0c0495b,,,
2026-03-23,SH603260,-0.03825962916016579,EXP_XGBModel_Alpha158_csi300_custom_step0_s_20260323_13,54f6d51af44b4da885b62294b0c0495b,,,
2026-03-23,SH603259,-0.05004812031984329,EXP_XGBModel_Alpha158_csi300_custom_step0_s_20260323_13,54f6d51af44b4da885b62294b0c0495b,,,
2026-03-23,SH601800,-0.04932476580142975,EXP_XGBModel_Alpha158_csi300_custom_step0_s_20260323_13,54f6d51af44b4da885b62294b0c0495b,,,
2026-03-23,SH601808,-0.012282105162739754,EXP_XGBModel_Alpha158_csi300_custom_step0_s_20260323_13,54f6d51af44b4da885b62294b0c0495b,,,
2026-03-23,SH601816,-0.06389715522527695,EXP_XGBModel_Alpha158_csi300_custom_step0_s_20260323_13,54f6d51af44b4da885b62294b0c0495b,,,
2026-03-23,SH601818,-0.026269488036632538,EXP_XGBModel_Alpha158_csi300_custom_step0_s_20260323_13,54f6d51af44b4da885b62294b0c0495b,,,
2026-03-23,SH601825,-0.0326160229742527,EXP_XGBModel_Alpha158_csi300_custom_step0_s_20260323_13,54f6d51af44b4da885b62294b0c0495b,,,
2026-03-23,SH601838,-0.008188288658857346,EXP_XGBModel_Alpha158_csi300_custom_step0_s_20260323_13,54f6d51af44b4da885b62294b0c0495b,,,
2026-03-23,SH601857,-0.032330986112356186,EXP_XGBModel_Alpha158_csi300_custom_step0_s_20260323_13,54f6d51af44b4da885b62294b0c0495b,,,
2026-03-23,SH601868,0.037438757717609406,EXP_XGBModel_Alpha158_csi300_custom_step0_s_20260323_13,54f6d51af44b4da885b62294b0c0495b,,,
2026-03-23,SH601872,-0.03429485112428665,EXP_XGBModel_Alpha158_csi300_custom_step0_s_20260323_13,54f6d51af44b4da885b62294b0c0495b,,,
2026-03-23,SH601877,0.09184513986110687,EXP_XGBModel_Alpha158_csi300_custom_step0_s_20260323_13,54f6d51af44b4da885b62294b0c0495b,,,
2026-03-23,SH601878,-0.031703077256679535,EXP_XGBModel_Alpha158_csi300_custom_step0_s_20260323_13,54f6d51af44b4da885b62294b0c0495b,,,
2026-03-23,SH601881,-0.07640566676855087,EXP_XGBModel_Alpha158_csi300_custom_step0_s_20260323_13,54f6d51af44b4da885b62294b0c0495b,,,
2026-03-23,SH601888,0.008775644935667515,EXP_XGBModel_Alpha158_csi300_custom_step0_s_20260323_13,54f6d51af44b4da885b62294b0c0495b,,,
2026-03-23,SH601898,0.08263377845287323,EXP_XGBModel_Alpha158_csi300_custom_step0_s_20260323_13,54f6d51af44b4da885b62294b0c0495b,,,
2026-03-23,SH601899,0.07353751361370087,EXP_XGBModel_Alpha158_csi300_custom_step0_s_20260323_13,54f6d51af44b4da885b62294b0c0495b,,,
2026-03-23,SH601901,-0.08680493384599686,EXP_XGBModel_Alpha158_csi300_custom_step0_s_20260323_13,54f6d51af44b4da885b62294b0c0495b,,,
2026-03-23,SH601916,-0.03961385041475296,EXP_XGBModel_Alpha158_csi300_custom_step0_s_20260323_13,54f6d51af44b4da885b62294b0c0495b,,,
2026-03-23,SH601919,-0.027054114267230034,EXP_XGBModel_Alpha158_csi300_custom_step0_s_20260323_13,54f6d51af44b4da885b62294b0c0495b,,,
2026-03-23,SH601939,0.025486623868346214,EXP_XGBModel_Alpha158_csi300_custom_step0_s_20260323_13,54f6d51af44b4da885b62294b0c0495b,,,
2026-03-23,SH601985,0.006532575469464064,EXP_XGBModel_Alpha158_csi300_custom_step0_s_20260323_13,54f6d51af44b4da885b62294b0c0495b,,,
2026-03-23,SH601988,0.008794665336608887,EXP_XGBModel_Alpha158_csi300_custom_step0_s_20260323_13,54f6d51af44b4da885b62294b0c0495b,,,
2026-03-23,SH601995,-0.031052250415086746,EXP_XGBModel_Alpha158_csi300_custom_step0_s_20260323_13,54f6d51af44b4da885b62294b0c0495b,,,
2026-03-23,SH601998,-0.0007548317080363631,EXP_XGBModel_Alpha158_csi300_custom_step0_s_20260323_13,54f6d51af44b4da885b62294b0c0495b,,,
2026-03-23,SH603019,-0.06804977357387543,EXP_XGBModel_Alpha158_csi300_custom_step0_s_20260323_13,54f6d51af44b4da885b62294b0c0495b,,,
2026-03-23,SH603195,-0.07612523436546326,EXP_XGBModel_Alpha158_csi300_custom_step0_s_20260323_13,54f6d51af44b4da885b62294b0c0495b,,,
2026-03-23,SH600919,-0.04356542229652405,EXP_XGBModel_Alpha158_csi300_custom_step0_s_20260323_13,54f6d51af44b4da885b62294b0c0495b,,,
2026-03-23,SH601919,-0.03734388957735607,EXP_DEnsembleModel_Alpha158_csi300_custom_step0_s_20260323_13,8c489106588149a99e7059fd0cbef995,,,
2026-03-23,SH601916,-0.0906730583004566,EXP_DEnsembleModel_Alpha158_csi300_custom_step0_s_20260323_13,8c489106588149a99e7059fd0cbef995,,,
2026-03-23,SH601901,-0.11798490892258406,EXP_DEnsembleModel_Alpha158_csi300_custom_step0_s_20260323_13,8c489106588149a99e7059fd0cbef995,,,
2026-03-23,SH601877,-8.85054773769164e-10,EXP_LGBModel_Alpha158_csi300_custom_step0_s_20260323_16,207cd13bb6e4435abdf39fa16f333270,,,
2026-03-23,SH601878,-8.85054773769164e-10,EXP_LGBModel_Alpha158_csi300_custom_step0_s_20260323_16,207cd13bb6e4435abdf39fa16f333270,,,
2026-03-23,SH601881,-0.0025321065821482564,EXP_LGBModel_Alpha158_csi300_custom_step0_s_20260323_16,207cd13bb6e4435abdf39fa16f333270,,,
2026-03-23,SH601888,-8.85054773769164e-10,EXP_LGBModel_Alpha158_csi300_custom_step0_s_20260323_16,207cd13bb6e4435abdf39fa16f333270,,,
2026-03-23,SH601898,0.004984679160272016,EXP_LGBModel_Alpha158_csi300_custom_step0_s_20260323_16,207cd13bb6e4435abdf39fa16f333270,,,
2026-03-23,SH601899,0.004984679160272016,EXP_LGBModel_Alpha158_csi300_custom_step0_s_20260323_16,207cd13bb6e4435abdf39fa16f333270,,,
2026-03-23,SH601901,-8.85054773769164e-10,EXP_LGBModel_Alpha158_csi300_custom_step0_s_20260323_16,207cd13bb6e4435abdf39fa16f333270,,,
2026-03-23,SH601916,-0.000671869944949579,EXP_LGBModel_Alpha158_csi300_custom_step0_s_20260323_16,207cd13bb6e4435abdf39fa16f333270,,,
2026-03-23,SH601919,-8.85054773769164e-10,EXP_LGBModel_Alpha158_csi300_custom_step0_s_20260323_16,207cd13bb6e4435abdf39fa16f333270,,,
2026-03-23,SH601939,0.0006800797681002413,EXP_LGBModel_Alpha158_csi300_custom_step0_s_20260323_16,207cd13bb6e4435abdf39fa16f333270,,,
2026-03-23,SH601985,0.0006800797681002413,EXP_LGBModel_Alpha158_csi300_custom_step0_s_20260323_16,207cd13bb6e4435abdf39fa16f333270,,,
2026-03-23,SH601872,0.004984679160272016,EXP_LGBModel_Alpha158_csi300_custom_step0_s_20260323_16,207cd13bb6e4435abdf39fa16f333270,,,
2026-03-23,SH601988,-8.85054773769164e-10,EXP_LGBModel_Alpha158_csi300_custom_step0_s_20260323_16,207cd13bb6e4435abdf39fa16f333270,,,
2026-03-23,SH601998,0.001436469085610694,EXP_LGBModel_Alpha158_csi300_custom_step0_s_20260323_16,207cd13bb6e4435abdf39fa16f333270,,,
2026-03-23,SH603019,-0.0025321065821482564,EXP_LGBModel_Alpha158_csi300_custom_step0_s_20260323_16,207cd13bb6e4435abdf39fa16f333270,,,
2026-03-23,SH603195,-8.85054773769164e-10,EXP_LGBModel_Alpha158_csi300_custom_step0_s_20260323_16,207cd13bb6e4435abdf39fa16f333270,,,
2026-03-23,SH603259,-8.85054773769164e-10,EXP_LGBModel_Alpha158_csi300_custom_step0_s_20260323_16,207cd13bb6e4435abdf39fa16f333270,,,
2026-03-23,SH603260,-0.0025321065821482564,EXP_LGBModel_Alpha158_csi300_custom_step0_s_20260323_16,207cd13bb6e4435abdf39fa16f333270,,,
2026-03-23,SH603288,-8.85054773769164e-10,EXP_LGBModel_Alpha158_csi300_custom_step0_s_20260323_16,207cd13bb6e4435abdf39fa16f333270,,,
2026-03-23,SH603296,-0.0025321065821482564,EXP_LGBModel_Alpha158_csi300_custom_step0_s_20260323_16,207cd13bb6e4435abdf39fa16f333270,,,
2026-03-23,SH603369,-0.0025321065821482564,EXP_LGBModel_Alpha158_csi300_custom_step0_s_20260323_16,207cd13bb6e4435abdf39fa16f333270,,,
2026-03-23,SH603392,-0.000671869944949579,EXP_LGBModel_Alpha158_csi300_custom_step0_s_20260323_16,207cd13bb6e4435abdf39fa16f333270,,,
2026-03-23,SH603501,-0.0025321065821482564,EXP_LGBModel_Alpha158_csi300_custom_step0_s_20260323_16,207cd13bb6e4435abdf39fa16f333270,,,
2026-03-23,SH603799,-8.85054773769164e-10,EXP_LGBModel_Alpha158_csi300_custom_step0_s_20260323_16,207cd13bb6e4435abdf39fa16f333270,,,
2026-03-23,SH601995,-8.85054773769164e-10,EXP_LGBModel_Alpha158_csi300_custom_step0_s_20260323_16,207cd13bb6e4435abdf39fa16f333270,,,
2026-03-23,SH603893,-0.0025321065821482564,EXP_LGBModel_Alpha158_csi300_custom_step0_s_20260323_16,207cd13bb6e4435abdf39fa16f333270,,,
2026-03-23,SH601868,-8.85054773769164e-10,EXP_LGBModel_Alpha158_csi300_custom_step0_s_20260323_16,207cd13bb6e4435abdf39fa16f333270,,,
2026-03-23,SH601838,-0.000671869944949579,EXP_LGBModel_Alpha158_csi300_custom_step0_s_20260323_16,207cd13bb6e4435abdf39fa16f333270,,,
2026-03-23,SH601377,-0.0025321065821482564,EXP_LGBModel_Alpha158_csi300_custom_step0_s_20260323_16,207cd13bb6e4435abdf39fa16f333270,,,
2026-03-23,SH601390,-0.0025321065821482564,EXP_LGBModel_Alpha158_csi300_custom_step0_s_20260323_16,207cd13bb6e4435abdf39fa16f333270,,,
2026-03-23,SH601398,-8.85054773769164e-10,EXP_LGBModel_Alpha158_csi300_custom_step0_s_20260323_16,207cd13bb6e4435abdf39fa16f333270,,,
2026-03-23,SH601456,-0.0025321065821482564,EXP_LGBModel_Alpha158_csi300_custom_step0_s_20260323_16,207cd13bb6e4435abdf39fa16f333270,,,
2026-03-23,SH601600,0.004984679160272016,EXP_LGBModel_Alpha158_csi300_custom_step0_s_20260323_16,207cd13bb6e4435abdf39fa16f333270,,,
2026-03-23,SH601601,-8.85054773769164e-10,EXP_LGBModel_Alpha158_csi300_custom_step0_s_20260323_16,207cd13bb6e4435abdf39fa16f333270,,,
2026-03-23,SH601607,-8.85054773769164e-10,EXP_LGBModel_Alpha158_csi300_custom_step0_s_20260323_16,207cd13bb6e4435abdf39fa16f333270,,,
2026-03-23,SH601618,-0.0025321065821482564,EXP_LGBModel_Alpha158_csi300_custom_step0_s_20260323_16,207cd13bb6e4435abdf39fa16f333270,,,
2026-03-23,SH601628,-0.0025321065821482564,EXP_LGBModel_Alpha158_csi300_custom_step0_s_20260323_16,207cd13bb6e4435abdf39fa16f333270,,,
2026-03-23,SH601633,-8.85054773769164e-10,EXP_LGBModel_Alpha158_csi300_custom_step0_s_20260323_16,207cd13bb6e4435abdf39fa16f333270,,,
2026-03-23,SH601658,-8.85054773769164e-10,EXP_LGBModel_Alpha158_csi300_custom_step0_s_20260323_16,207cd13bb6e4435abdf39fa16f333270,,,
2026-03-23,SH601857,-8.85054773769164e-10,EXP_LGBModel_Alpha158_csi300_custom_step0_s_20260323_16,207cd13bb6e4435abdf39fa16f333270,,,
2026-03-23,SH601668,-8.85054773769164e-10,EXP_LGBModel_Alpha158_csi300_custom_step0_s_20260323_16,207cd13bb6e4435abdf39fa16f333270,,,
2026-03-23,SH601688,-0.0025321065821482564,EXP_LGBModel_Alpha158_csi300_custom_step0_s_20260323_16,207cd13bb6e4435abdf39fa16f333270,,,
2026-03-23,SH601689,-8.85054773769164e-10,EXP_LGBModel_Alpha158_csi300_custom_step0_s_20260323_16,207cd13bb6e4435abdf39fa16f333270,,,
2026-03-23,SH601698,-0.0025321065821482564,EXP_LGBModel_Alpha158_csi300_custom_step0_s_20260323_16,207cd13bb6e4435abdf39fa16f333270,,,
2026-03-23,SH601728,-0.0025321065821482564,EXP_LGBModel_Alpha158_csi300_custom_step0_s_20260323_16,207cd13bb6e4435abdf39fa16f333270,,,
2026-03-23,SH601766,-0.0025321065821482564,EXP_LGBModel_Alpha158_csi300_custom_step0_s_20260323_16,207cd13bb6e4435abdf39fa16f333270,,,
2026-03-23,SH601788,-0.0025321065821482564,EXP_LGBModel_Alpha158_csi300_custom_step0_s_20260323_16,207cd13bb6e4435abdf39fa16f333270,,,
2026-03-23,SH601800,-0.0025321065821482564,EXP_LGBModel_Alpha158_csi300_custom_step0_s_20260323_16,207cd13bb6e4435abdf39fa16f333270,,,
2026-03-23,SH601808,-8.85054773769164e-10,EXP_LGBModel_Alpha158_csi300_custom_step0_s_20260323_16,207cd13bb6e4435abdf39fa16f333270,,,
2026-03-23,SH601816,-0.000671869944949579,EXP_LGBModel_Alpha158_csi300_custom_step0_s_20260323_16,207cd13bb6e4435abdf39fa16f333270,,,
2026-03-23,SH601818,-0.000671869944949579,EXP_LGBModel_Alpha158_csi300_custom_step0_s_20260323_16,207cd13bb6e4435abdf39fa16f333270,,,
2026-03-23,SH601825,-8.85054773769164e-10,EXP_LGBModel_Alpha158_csi300_custom_step0_s_20260323_16,207cd13bb6e4435abdf39fa16f333270,,,
2026-03-23,SH601669,-0.0025321065821482564,EXP_LGBModel_Alpha158_csi300_custom_step0_s_20260323_16,207cd13bb6e4435abdf39fa16f333270,,,
2026-03-23,SH601360,-0.0025321065821482564,EXP_LGBModel_Alpha158_csi300_custom_step0_s_20260323_16,207cd13bb6e4435abdf39fa16f333270,,,
2026-03-23,SH603986,-0.0025321065821482564,EXP_LGBModel_Alpha158_csi300_custom_step0_s_20260323_16,207cd13bb6e4435abdf39fa16f333270,,,
2026-03-23,SH605117,-0.0016598989018752712,EXP_LGBModel_Alpha158_csi300_custom_step0_s_20260323_16,207cd13bb6e4435abdf39fa16f333270,,,
2026-03-23,SZ000338,0.004984679160272016,EXP_LGBModel_Alpha158_csi300_custom_step0_s_20260323_16,207cd13bb6e4435abdf39fa16f333270,,,
2026-03-23,SZ000408,-8.85054773769164e-10,EXP_LGBModel_Alpha158_csi300_custom_step0_s_20260323_16,207cd13bb6e4435abdf39fa16f333270,,,
2026-03-23,SZ000425,-8.85054773769164e-10,EXP_LGBModel_Alpha158_csi300_custom_step0_s_20260323_16,207cd13bb6e4435abdf39fa16f333270,,,
2026-03-23,SZ000538,-0.000671869944949579,EXP_LGBModel_Alpha158_csi300_custom_step0_s_20260323_16,207cd13bb6e4435abdf39fa16f333270,,,
2026-03-23,SZ000568,-8.85054773769164e-10,EXP_LGBModel_Alpha158_csi300_custom_step0_s_20260323_16,207cd13bb6e4435abdf39fa16f333270,,,
2026-03-23,SZ000596,-8.85054773769164e-10,EXP_LGBModel_Alpha158_csi300_custom_step0_s_20260323_16,207cd13bb6e4435abdf39fa16f333270,,,
2026-03-23,SZ000617,-0.0025321065821482564,EXP_LGBModel_Alpha158_csi300_custom_step0_s_20260323_16,207cd13bb6e4435abdf39fa16f333270,,,
2026-03-23,SZ000625,-8.85054773769164e-10,EXP_LGBModel_Alpha158_csi300_custom_step0_s_20260323_16,207cd13bb6e4435abdf39fa16f333270,,,
2026-03-23,SZ000630,-8.85054773769164e-10,EXP_LGBModel_Alpha158_csi300_custom_step0_s_20260323_16,207cd13bb6e4435abdf39fa16f333270,,,
2026-03-23,SZ000651,-8.85054773769164e-10,EXP_LGBModel_Alpha158_csi300_custom_step0_s_20260323_16,207cd13bb6e4435abdf39fa16f333270,,,
2026-03-23,SZ000661,-0.0025321065821482564,EXP_LGBModel_Alpha158_csi300_custom_step0_s_20260323_16,207cd13bb6e4435abdf39fa16f333270,,,
2026-03-23,SZ000333,-0.000671869944949579,EXP_LGBModel_Alpha158_csi300_custom_step0_s_20260323_16,207cd13bb6e4435abdf39fa16f333270,,,
2026-03-23,SZ000708,-0.0025321065821482564,EXP_LGBModel_Alpha158_csi300_custom_step0_s_20260323_16,207cd13bb6e4435abdf39fa16f333270,,,
2026-03-23,SZ000768,-0.0025321065821482564,EXP_LGBModel_Alpha158_csi300_custom_step0_s_20260323_16,207cd13bb6e4435abdf39fa16f333270,,,
2026-03-23,SZ000776,-0.0025321065821482564,EXP_LGBModel_Alpha158_csi300_custom_step0_s_20260323_16,207cd13bb6e4435abdf39fa16f333270,,,
2026-03-23,SZ000786,-0.0025321065821482564,EXP_LGBModel_Alpha158_csi300_custom_step0_s_20260323_16,207cd13bb6e4435abdf39fa16f333270,,,
2026-03-23,SZ000792,-0.0025321065821482564,EXP_LGBModel_Alpha158_csi300_custom_step0_s_20260323_16,207cd13bb6e4435abdf39fa16f333270,,,
2026-03-23,SZ000807,-0.0025321065821482564,EXP_LGBModel_Alpha158_csi300_custom_step0_s_20260323_16,207cd13bb6e4435abdf39fa16f333270,,,
2026-03-23,SZ000858,-8.85054773769164e-10,EXP_LGBModel_Alpha158_csi300_custom_step0_s_20260323_16,207cd13bb6e4435abdf39fa16f333270,,,
2026-03-23,SZ000876,-0.0025321065821482564,EXP_LGBModel_Alpha158_csi300_custom_step0_s_20260323_16,207cd13bb6e4435abdf39fa16f333270,,,
2026-03-23,SZ000895,-8.85054773769164e-10,EXP_LGBModel_Alpha158_csi300_custom_step0_s_20260323_16,207cd13bb6e4435abdf39fa16f333270,,,
2026-03-23,SZ000938,-8.85054773769164e-10,EXP_LGBModel_Alpha158_csi300_custom_step0_s_20260323_16,207cd13bb6e4435abdf39fa16f333270,,,
2026-03-23,SZ000963,-8.85054773769164e-10,EXP_LGBModel_Alpha158_csi300_custom_step0_s_20260323_16,207cd13bb6e4435abdf39fa16f333270,,,
2026-03-23,SZ000975,-8.85054773769164e-10,EXP_LGBModel_Alpha158_csi300_custom_step0_s_20260323_16,207cd13bb6e4435abdf39fa16f333270,,,
2026-03-23,SZ000725,-0.0025321065821482564,EXP_LGBModel_Alpha158_csi300_custom_step0_s_20260323_16,207cd13bb6e4435abdf39fa16f333270,,,
2026-03-23,SH603993,-8.85054773769164e-10,EXP_LGBModel_Alpha158_csi300_custom_step0_s_20260323_16,207cd13bb6e4435abdf39fa16f333270,,,
2026-03-23,SZ000301,0.004984679160272016,EXP_LGBModel_Alpha158_csi300_custom_step0_s_20260323_16,207cd13bb6e4435abdf39fa16f333270,,,
2026-03-23,SZ000157,-0.0025321065821482564,EXP_LGBModel_Alpha158_csi300_custom_step0_s_20260323_16,207cd13bb6e4435abdf39fa16f333270,,,
2026-03-23,SH605499,0.004984679160272016,EXP_LGBModel_Alpha158_csi300_custom_step0_s_20260323_16,207cd13bb6e4435abdf39fa16f333270,,,
2026-03-23,SH688008,0.004984679160272016,EXP_LGBModel_Alpha158_csi300_custom_step0_s_20260323_16,207cd13bb6e4435abdf39fa16f333270,,,
2026-03-23,SH688009,-0.0025321065821482564,EXP_LGBModel_Alpha158_csi300_custom_step0_s_20260323_16,207cd13bb6e4435abdf39fa16f333270,,,
2026-03-23,SH688012,-0.0025321065821482564,EXP_LGBModel_Alpha158_csi300_custom_step0_s_20260323_16,207cd13bb6e4435abdf39fa16f333270,,,
2026-03-23,SH688036,-0.0025321065821482564,EXP_LGBModel_Alpha158_csi300_custom_step0_s_20260323_16,207cd13bb6e4435abdf39fa16f333270,,,
2026-03-23,SH688041,-0.0025321065821482564,EXP_LGBModel_Alpha158_csi300_custom_step0_s_20260323_16,207cd13bb6e4435abdf39fa16f333270,,,
2026-03-23,SH688047,-0.0025321065821482564,EXP_LGBModel_Alpha158_csi300_custom_step0_s_20260323_16,207cd13bb6e4435abdf39fa16f333270,,,
2026-03-23,SH688082,0.004984679160272016,EXP_LGBModel_Alpha158_csi300_custom_step0_s_20260323_16,207cd13bb6e4435abdf39fa16f333270,,,
2026-03-23,SH688111,0.004984679160272016,EXP_LGBModel_Alpha158_csi300_custom_step0_s_20260323_16,207cd13bb6e4435abdf39fa16f333270,,,
2026-03-23,SH688126,-0.0025321065821482564,EXP_LGBModel_Alpha158_csi300_custom_step0_s_20260323_16,207cd13bb6e4435abdf39fa16f333270,,,
2026-03-23,SH688169,0.004984679160272016,EXP_LGBModel_Alpha158_csi300_custom_step0_s_20260323_16,207cd13bb6e4435abdf39fa16f333270,,,
2026-03-23,SZ000166,-8.85054773769164e-10,EXP_LGBModel_Alpha158_csi300_custom_step0_s_20260323_16,207cd13bb6e4435abdf39fa16f333270,,,
2026-03-23,SH688187,-0.0025321065821482564,EXP_LGBModel_Alpha158_csi300_custom_step0_s_20260323_16,207cd13bb6e4435abdf39fa16f333270,,,
2026-03-23,SH688256,-0.0025321065821482564,EXP_LGBModel_Alpha158_csi300_custom_step0_s_20260323_16,207cd13bb6e4435abdf39fa16f333270,,,
2026-03-23,SH688271,-0.0025321065821482564,EXP_LGBModel_Alpha158_csi300_custom_step0_s_20260323_16,207cd13bb6e4435abdf39fa16f333270,,,
2026-03-23,SH688303,-0.0025321065821482564,EXP_LGBModel_Alpha158_csi300_custom_step0_s_20260323_16,207cd13bb6e4435abdf39fa16f333270,,,
2026-03-23,SH688396,0.004984679160272016,EXP_LGBModel_Alpha158_csi300_custom_step0_s_20260323_16,207cd13bb6e4435abdf39fa16f333270,,,
2026-03-23,SH688472,-0.0025321065821482564,EXP_LGBModel_Alpha158_csi300_custom_step0_s_20260323_16,207cd13bb6e4435abdf39fa16f333270,,,
2026-03-23,SH688506,-8.85054773769164e-10,EXP_LGBModel_Alpha158_csi300_custom_step0_s_20260323_16,207cd13bb6e4435abdf39fa16f333270,,,
2026-03-23,SH688981,-8.85054773769164e-10,EXP_LGBModel_Alpha158_csi300_custom_step0_s_20260323_16,207cd13bb6e4435abdf39fa16f333270,,,
2026-03-23,SZ000001,-0.000671869944949579,EXP_LGBModel_Alpha158_csi300_custom_step0_s_20260323_16,207cd13bb6e4435abdf39fa16f333270,,,
2026-03-23,SZ000002,-0.0025321065821482564,EXP_LGBModel_Alpha158_csi300_custom_step0_s_20260323_16,207cd13bb6e4435abdf39fa16f333270,,,
2026-03-23,SZ000063,-0.0025321065821482564,EXP_LGBModel_Alpha158_csi300_custom_step0_s_20260323_16,207cd13bb6e4435abdf39fa16f333270,,,
2026-03-23,SZ000100,-0.0025321065821482564,EXP_LGBModel_Alpha158_csi300_custom_step0_s_20260323_16,207cd13bb6e4435abdf39fa16f333270,,,
2026-03-23,SH688223,-0.0025321065821482564,EXP_LGBModel_Alpha158_csi300_custom_step0_s_20260323_16,207cd13bb6e4435abdf39fa16f333270,,,
2026-03-23,SH601336,-0.0025321065821482564,EXP_LGBModel_Alpha158_csi300_custom_step0_s_20260323_16,207cd13bb6e4435abdf39fa16f333270,,,
2026-03-23,SH601328,-8.85054773769164e-10,EXP_LGBModel_Alpha158_csi300_custom_step0_s_20260323_16,207cd13bb6e4435abdf39fa16f333270,,,
2026-03-23,SH601319,-8.85054773769164e-10,EXP_LGBModel_Alpha158_csi300_custom_step0_s_20260323_16,207cd13bb6e4435abdf39fa16f333270,,,
2026-03-23,SH600161,-8.85054773769164e-10,EXP_LGBModel_Alpha158_csi300_custom_step0_s_20260323_16,207cd13bb6e4435abdf39fa16f333270,,,
2026-03-23,SH600176,-8.85054773769164e-10,EXP_LGBModel_Alpha158_csi300_custom_step0_s_20260323_16,207cd13bb6e4435abdf39fa16f333270,,,
2026-03-23,SH600183,-0.0025321065821482564,EXP_LGBModel_Alpha158_csi300_custom_step0_s_20260323_16,207cd13bb6e4435abdf39fa16f333270,,,
2026-03-23,SH600188,0.004984679160272016,EXP_LGBModel_Alpha158_csi300_custom_step0_s_20260323_16,207cd13bb6e4435abdf39fa16f333270,,,
2026-03-23,SH600196,-0.0025321065821482564,EXP_LGBModel_Alpha158_csi300_custom_step0_s_20260323_16,207cd13bb6e4435abdf39fa16f333270,,,
2026-03-23,SH600219,-8.85054773769164e-10,EXP_LGBModel_Alpha158_csi300_custom_step0_s_20260323_16,207cd13bb6e4435abdf39fa16f333270,,,
2026-03-23,SH600233,-0.0025321065821482564,EXP_LGBModel_Alpha158_csi300_custom_step0_s_20260323_16,207cd13bb6e4435abdf39fa16f333270,,,
2026-03-23,SH600276,-8.85054773769164e-10,EXP_LGBModel_Alpha158_csi300_custom_step0_s_20260323_16,207cd13bb6e4435abdf39fa16f333270,,,
2026-03-23,SH600309,-0.0025321065821482564,EXP_LGBModel_Alpha158_csi300_custom_step0_s_20260323_16,207cd13bb6e4435abdf39fa16f333270,,,
2026-03-23,SH600346,0.004984679160272016,EXP_LGBModel_Alpha158_csi300_custom_step0_s_20260323_16,207cd13bb6e4435abdf39fa16f333270,,,
2026-03-23,SH600362,-8.85054773769164e-10,EXP_LGBModel_Alpha158_csi300_custom_step0_s_20260323_16,207cd13bb6e4435abdf39fa16f333270,,,
2026-03-23,SH600160,-0.0025321065821482564,EXP_LGBModel_Alpha158_csi300_custom_step0_s_20260323_16,207cd13bb6e4435abdf39fa16f333270,,,
2026-03-23,SH600372,-0.0025321065821482564,EXP_LGBModel_Alpha158_csi300_custom_step0_s_20260323_16,207cd13bb6e4435abdf39fa16f333270,,,
2026-03-23,SH600406,-0.0025321065821482564,EXP_LGBModel_Alpha158_csi300_custom_step0_s_20260323_16,207cd13bb6e4435abdf39fa16f333270,,,
2026-03-23,SH600415,-0.0025321065821482564,EXP_LGBModel_Alpha158_csi300_custom_step0_s_20260323_16,207cd13bb6e4435abdf39fa16f333270,,,
2026-03-23,SH600426,-0.0025321065821482564,EXP_LGBModel_Alpha158_csi300_custom_step0_s_20260323_16,207cd13bb6e4435abdf39fa16f333270,,,
2026-03-23,SH600436,-8.85054773769164e-10,EXP_LGBModel_Alpha158_csi300_custom_step0_s_20260323_16,207cd13bb6e4435abdf39fa16f333270,,,
2026-03-23,SH600438,-8.85054773769164e-10,EXP_LGBModel_Alpha158_csi300_custom_step0_s_20260323_16,207cd13bb6e4435abdf39fa16f333270,,,
2026-03-23,SH600460,-0.0025321065821482564,EXP_LGBModel_Alpha158_csi300_custom_step0_s_20260323_16,207cd13bb6e4435abdf39fa16f333270,,,
2026-03-23,SH600482,0.004984679160272016,EXP_LGBModel_Alpha158_csi300_custom_step0_s_20260323_16,207cd13bb6e4435abdf39fa16f333270,,,
2026-03-23,SH600489,0.004984679160272016,EXP_LGBModel_Alpha158_csi300_custom_step0_s_20260323_16,207cd13bb6e4435abdf39fa16f333270,,,
2026-03-23,SH600515,-8.85054773769164e-10,EXP_LGBModel_Alpha158_csi300_custom_step0_s_20260323_16,207cd13bb6e4435abdf39fa16f333270,,,
2026-03-23,SH600519,-0.0025321065821482564,EXP_LGBModel_Alpha158_csi300_custom_step0_s_20260323_16,207cd13bb6e4435abdf39fa16f333270,,,
2026-03-23,SH600522,0.004984679160272016,EXP_LGBModel_Alpha158_csi300_custom_step0_s_20260323_16,207cd13bb6e4435abdf39fa16f333270,,,
2026-03-23,SH600377,-0.000671869944949579,EXP_LGBModel_Alpha158_csi300_custom_step0_s_20260323_16,207cd13bb6e4435abdf39fa16f333270,,,
2026-03-23,SH600547,0.004984679160272016,EXP_LGBModel_Alpha158_csi300_custom_step0_s_20260323_16,207cd13bb6e4435abdf39fa16f333270,,,
2026-03-23,SH600150,-0.0025321065821482564,EXP_LGBModel_Alpha158_csi300_custom_step0_s_20260323_16,207cd13bb6e4435abdf39fa16f333270,,,
2026-03-23,SH600111,-8.85054773769164e-10,EXP_LGBModel_Alpha158_csi300_custom_step0_s_20260323_16,207cd13bb6e4435abdf39fa16f333270,,,
2026-03-23,SH600009,-8.85054773769164e-10,EXP_LGBModel_Alpha158_csi300_custom_step0_s_20260323_16,207cd13bb6e4435abdf39fa16f333270,,,
2026-03-23,SH600010,-8.85054773769164e-10,EXP_LGBModel_Alpha158_csi300_custom_step0_s_20260323_16,207cd13bb6e4435abdf39fa16f333270,,,
2026-03-23,SH600011,-0.0025321065821482564,EXP_LGBModel_Alpha158_csi300_custom_step0_s_20260323_16,207cd13bb6e4435abdf39fa16f333270,,,
2026-03-23,SH600015,-8.85054773769164e-10,EXP_LGBModel_Alpha158_csi300_custom_step0_s_20260323_16,207cd13bb6e4435abdf39fa16f333270,,,
2026-03-23,SH600016,-0.0025321065821482564,EXP_LGBModel_Alpha158_csi300_custom_step0_s_20260323_16,207cd13bb6e4435abdf39fa16f333270,,,
2026-03-23,SH600018,-0.000671869944949579,EXP_LGBModel_Alpha158_csi300_custom_step0_s_20260323_16,207cd13bb6e4435abdf39fa16f333270,,,
2026-03-23,SH600019,-0.0025321065821482564,EXP_LGBModel_Alpha158_csi300_custom_step0_s_20260323_16,207cd13bb6e4435abdf39fa16f333270,,,
2026-03-23,SH600023,-0.0025321065821482564,EXP_LGBModel_Alpha158_csi300_custom_step0_s_20260323_16,207cd13bb6e4435abdf39fa16f333270,,,
2026-03-23,SH600025,-0.000671869944949579,EXP_LGBModel_Alpha158_csi300_custom_step0_s_20260323_16,207cd13bb6e4435abdf39fa16f333270,,,
2026-03-23,SH600026,0.004984679160272016,EXP_LGBModel_Alpha158_csi300_custom_step0_s_20260323_16,207cd13bb6e4435abdf39fa16f333270,,,
2026-03-23,SH600027,-0.000671869944949579,EXP_LGBModel_Alpha158_csi300_custom_step0_s_20260323_16,207cd13bb6e4435abdf39fa16f333270,,,
2026-03-23,SH600115,0.004984679160272016,EXP_LGBModel_Alpha158_csi300_custom_step0_s_20260323_16,207cd13bb6e4435abdf39fa16f333270,,,
2026-03-23,SH600028,-0.0025321065821482564,EXP_LGBModel_Alpha158_csi300_custom_step0_s_20260323_16,207cd13bb6e4435abdf39fa16f333270,,,
2026-03-23,SH600030,-8.85054773769164e-10,EXP_LGBModel_Alpha158_csi300_custom_step0_s_20260323_16,207cd13bb6e4435abdf39fa16f333270,,,
2026-03-23,SH600031,-8.85054773769164e-10,EXP_LGBModel_Alpha158_csi300_custom_step0_s_20260323_16,207cd13bb6e4435abdf39fa16f333270,,,
2026-03-23,SH600036,-8.85054773769164e-10,EXP_LGBModel_Alpha158_csi300_custom_step0_s_20260323_16,207cd13bb6e4435abdf39fa16f333270,,,
2026-03-23,SH600039,-0.0025321065821482564,EXP_LGBModel_Alpha158_csi300_custom_step0_s_20260323_16,207cd13bb6e4435abdf39fa16f333270,,,
2026-03-23,SH600048,-0.0025321065821482564,EXP_LGBModel_Alpha158_csi300_custom_step0_s_20260323_16,207cd13bb6e4435abdf39fa16f333270,,,
2026-03-23,SH600050,-8.85054773769164e-10,EXP_LGBModel_Alpha158_csi300_custom_step0_s_20260323_16,207cd13bb6e4435abdf39fa16f333270,,,
2026-03-23,SH600061,-0.0025321065821482564,EXP_LGBModel_Alpha158_csi300_custom_step0_s_20260323_16,207cd13bb6e4435abdf39fa16f333270,,,
2026-03-23,SH600066,-8.85054773769164e-10,EXP_LGBModel_Alpha158_csi300_custom_step0_s_20260323_16,207cd13bb6e4435abdf39fa16f333270,,,
2026-03-23,SH600085,-0.000671869944949579,EXP_LGBModel_Alpha158_csi300_custom_step0_s_20260323_16,207cd13bb6e4435abdf39fa16f333270,,,
2026-03-23,SH600089,-0.0025321065821482564,EXP_LGBModel_Alpha158_csi300_custom_step0_s_20260323_16,207cd13bb6e4435abdf39fa16f333270,,,
2026-03-23,SH600104,-8.85054773769164e-10,EXP_LGBModel_Alpha158_csi300_custom_step0_s_20260323_16,207cd13bb6e4435abdf39fa16f333270,,,
2026-03-23,SH600029,0.004984679160272016,EXP_LGBModel_Alpha158_csi300_custom_step0_s_20260323_16,207cd13bb6e4435abdf39fa16f333270,,,
2026-03-23,SH600570,-8.85054773769164e-10,EXP_LGBModel_Alpha158_csi300_custom_step0_s_20260323_16,207cd13bb6e4435abdf39fa16f333270,,,
2026-03-23,SH600584,-0.0025321065821482564,EXP_LGBModel_Alpha158_csi300_custom_step0_s_20260323_16,207cd13bb6e4435abdf39fa16f333270,,,
2026-03-23,SH600585,-0.0025321065821482564,EXP_LGBModel_Alpha158_csi300_custom_step0_s_20260323_16,207cd13bb6e4435abdf39fa16f333270,,,
2026-03-23,SH601018,-0.0025321065821482564,EXP_LGBModel_Alpha158_csi300_custom_step0_s_20260323_16,207cd13bb6e4435abdf39fa16f333270,,,
2026-03-23,SH601021,0.004984679160272016,EXP_LGBModel_Alpha158_csi300_custom_step0_s_20260323_16,207cd13bb6e4435abdf39fa16f333270,,,
2026-03-23,SH601058,0.004984679160272016,EXP_LGBModel_Alpha158_csi300_custom_step0_s_20260323_16,207cd13bb6e4435abdf39fa16f333270,,,
2026-03-23,SH601059,-8.85054773769164e-10,EXP_LGBModel_Alpha158_csi300_custom_step0_s_20260323_16,207cd13bb6e4435abdf39fa16f333270,,,
2026-03-23,SH601066,-0.0025321065821482564,EXP_LGBModel_Alpha158_csi300_custom_step0_s_20260323_16,207cd13bb6e4435abdf39fa16f333270,,,
2026-03-23,SH601077,-8.85054773769164e-10,EXP_LGBModel_Alpha158_csi300_custom_step0_s_20260323_16,207cd13bb6e4435abdf39fa16f333270,,,
2026-03-23,SH601088,-0.0025321065821482564,EXP_LGBModel_Alpha158_csi300_custom_step0_s_20260323_16,207cd13bb6e4435abdf39fa16f333270,,,
2026-03-23,SH601100,-8.85054773769164e-10,EXP_LGBModel_Alpha158_csi300_custom_step0_s_20260323_16,207cd13bb6e4435abdf39fa16f333270,,,
2026-03-23,SH601111,0.004984679160272016,EXP_LGBModel_Alpha158_csi300_custom_step0_s_20260323_16,207cd13bb6e4435abdf39fa16f333270,,,
2026-03-23,SH601117,-0.0025321065821482564,EXP_LGBModel_Alpha158_csi300_custom_step0_s_20260323_16,207cd13bb6e4435abdf39fa16f333270,,,
2026-03-23,SH601127,-8.85054773769164e-10,EXP_LGBModel_Alpha158_csi300_custom_step0_s_20260323_16,207cd13bb6e4435abdf39fa16f333270,,,
2026-03-23,SH601012,0.0006800797681002413,EXP_LGBModel_Alpha158_csi300_custom_step0_s_20260323_16,207cd13bb6e4435abdf39fa16f333270,,,
2026-03-23,SH601136,-0.0025321065821482564,EXP_LGBModel_Alpha158_csi300_custom_step0_s_20260323_16,207cd13bb6e4435abdf39fa16f333270,,,
2026-03-23,SH601166,-8.85054773769164e-10,EXP_LGBModel_Alpha158_csi300_custom_step0_s_20260323_16,207cd13bb6e4435abdf39fa16f333270,,,
2026-03-23,SH601169,-0.000671869944949579,EXP_LGBModel_Alpha158_csi300_custom_step0_s_20260323_16,207cd13bb6e4435abdf39fa16f333270,,,
2026-03-23,SH601186,-0.0025321065821482564,EXP_LGBModel_Alpha158_csi300_custom_step0_s_20260323_16,207cd13bb6e4435abdf39fa16f333270,,,
2026-03-23,SH601211,-0.0025321065821482564,EXP_LGBModel_Alpha158_csi300_custom_step0_s_20260323_16,207cd13bb6e4435abdf39fa16f333270,,,
2026-03-23,SH601225,0.001436469085610694,EXP_LGBModel_Alpha158_csi300_custom_step0_s_20260323_16,207cd13bb6e4435abdf39fa16f333270,,,
2026-03-23,SH601229,-8.85054773769164e-10,EXP_LGBModel_Alpha158_csi300_custom_step0_s_20260323_16,207cd13bb6e4435abdf39fa16f333270,,,
2026-03-23,SH601236,-0.000671869944949579,EXP_LGBModel_Alpha158_csi300_custom_step0_s_20260323_16,207cd13bb6e4435abdf39fa16f333270,,,
2026-03-23,SH601238,-8.85054773769164e-10,EXP_LGBModel_Alpha158_csi300_custom_step0_s_20260323_16,207cd13bb6e4435abdf39fa16f333270,,,
2026-03-23,SH601288,-0.000671869944949579,EXP_LGBModel_Alpha158_csi300_custom_step0_s_20260323_16,207cd13bb6e4435abdf39fa16f333270,,,
2026-03-23,SH601298,-0.0025321065821482564,EXP_LGBModel_Alpha158_csi300_custom_step0_s_20260323_16,207cd13bb6e4435abdf39fa16f333270,,,
2026-03-23,SH601318,-8.85054773769164e-10,EXP_LGBModel_Alpha158_csi300_custom_step0_s_20260323_16,207cd13bb6e4435abdf39fa16f333270,,,
2026-03-23,SH601138,-0.0025321065821482564,EXP_LGBModel_Alpha158_csi300_custom_step0_s_20260323_16,207cd13bb6e4435abdf39fa16f333270,,,
2026-03-23,SH601009,-0.0025321065821482564,EXP_LGBModel_Alpha158_csi300_custom_step0_s_20260323_16,207cd13bb6e4435abdf39fa16f333270,,,
2026-03-23,SH601006,0.0006800797681002413,EXP_LGBModel_Alpha158_csi300_custom_step0_s_20260323_16,207cd13bb6e4435abdf39fa16f333270,,,
2026-03-23,SH600999,-0.0025321065821482564,EXP_LGBModel_Alpha158_csi300_custom_step0_s_20260323_16,207cd13bb6e4435abdf39fa16f333270,,,
2026-03-23,SH600588,-0.0025321065821482564,EXP_LGBModel_Alpha158_csi300_custom_step0_s_20260323_16,207cd13bb6e4435abdf39fa16f333270,,,
2026-03-23,SH600600,-0.000671869944949579,EXP_LGBModel_Alpha158_csi300_custom_step0_s_20260323_16,207cd13bb6e4435abdf39fa16f333270,,,
2026-03-23,SH600660,-8.85054773769164e-10,EXP_LGBModel_Alpha158_csi300_custom_step0_s_20260323_16,207cd13bb6e4435abdf39fa16f333270,,,
2026-03-23,SH600674,-0.0025321065821482564,EXP_LGBModel_Alpha158_csi300_custom_step0_s_20260323_16,207cd13bb6e4435abdf39fa16f333270,,,
2026-03-23,SH600690,-8.85054773769164e-10,EXP_LGBModel_Alpha158_csi300_custom_step0_s_20260323_16,207cd13bb6e4435abdf39fa16f333270,,,
2026-03-23,SH600741,-8.85054773769164e-10,EXP_LGBModel_Alpha158_csi300_custom_step0_s_20260323_16,207cd13bb6e4435abdf39fa16f333270,,,
2026-03-23,SH600760,-0.0025321065821482564,EXP_LGBModel_Alpha158_csi300_custom_step0_s_20260323_16,207cd13bb6e4435abdf39fa16f333270,,,
2026-03-23,SH600795,-0.0025321065821482564,EXP_LGBModel_Alpha158_csi300_custom_step0_s_20260323_16,207cd13bb6e4435abdf39fa16f333270,,,
2026-03-23,SH600803,-0.0025321065821482564,EXP_LGBModel_Alpha158_csi300_custom_step0_s_20260323_16,207cd13bb6e4435abdf39fa16f333270,,,
2026-03-23,SH600809,-0.0025321065821482564,EXP_LGBModel_Alpha158_csi300_custom_step0_s_20260323_16,207cd13bb6e4435abdf39fa16f333270,,,
2026-03-23,SH600845,-0.0025321065821482564,EXP_LGBModel_Alpha158_csi300_custom_step0_s_20260323_16,207cd13bb6e4435abdf39fa16f333270,,,
2026-03-23,SH600875,0.004984679160272016,EXP_LGBModel_Alpha158_csi300_custom_step0_s_20260323_16,207cd13bb6e4435abdf39fa16f333270,,,
2026-03-23,SH600886,-0.000671869944949579,EXP_LGBModel_Alpha158_csi300_custom_step0_s_20260323_16,207cd13bb6e4435abdf39fa16f333270,,,
2026-03-23,SH600887,-0.000671869944949579,EXP_LGBModel_Alpha158_csi300_custom_step0_s_20260323_16,207cd13bb6e4435abdf39fa16f333270,,,
2026-03-23,SH600893,0.004984679160272016,EXP_LGBModel_Alpha158_csi300_custom_step0_s_20260323_16,207cd13bb6e4435abdf39fa16f333270,,,
2026-03-23,SH600900,-8.85054773769164e-10,EXP_LGBModel_Alpha158_csi300_custom_step0_s_20260323_16,207cd13bb6e4435abdf39fa16f333270,,,
2026-03-23,SH600905,0.0006800797681002413,EXP_LGBModel_Alpha158_csi300_custom_step0_s_20260323_16,207cd13bb6e4435abdf39fa16f333270,,,
2026-03-23,SH600918,-0.000671869944949579,EXP_LGBModel_Alpha158_csi300_custom_step0_s_20260323_16,207cd13bb6e4435abdf39fa16f333270,,,
2026-03-23,SH600919,-0.0025321065821482564,EXP_LGBModel_Alpha158_csi300_custom_step0_s_20260323_16,207cd13bb6e4435abdf39fa16f333270,,,
2026-03-23,SH600926,-8.85054773769164e-10,EXP_LGBModel_Alpha158_csi300_custom_step0_s_20260323_16,207cd13bb6e4435abdf39fa16f333270,,,
2026-03-23,SH600930,-8.85054773769164e-10,EXP_LGBModel_Alpha158_csi300_custom_step0_s_20260323_16,207cd13bb6e4435abdf39fa16f333270,,,
2026-03-23,SH600938,-8.85054773769164e-10,EXP_LGBModel_Alpha158_csi300_custom_step0_s_20260323_16,207cd13bb6e4435abdf39fa16f333270,,,
2026-03-23,SH600941,-0.000671869944949579,EXP_LGBModel_Alpha158_csi300_custom_step0_s_20260323_16,207cd13bb6e4435abdf39fa16f333270,,,
2026-03-23,SH600958,-0.0025321065821482564,EXP_LGBModel_Alpha158_csi300_custom_step0_s_20260323_16,207cd13bb6e4435abdf39fa16f333270,,,
2026-03-23,SH600989,-0.0016598989018752712,EXP_LGBModel_Alpha158_csi300_custom_step0_s_20260323_16,207cd13bb6e4435abdf39fa16f333270,,,
2026-03-23,SZ000977,-0.0025321065821482564,EXP_LGBModel_Alpha158_csi300_custom_step0_s_20260323_16,207cd13bb6e4435abdf39fa16f333270,,,
2026-03-23,SZ000983,-8.85054773769164e-10,EXP_LGBModel_Alpha158_csi300_custom_step0_s_20260323_16,207cd13bb6e4435abdf39fa16f333270,,,
2026-03-23,SZ000999,-0.000671869944949579,EXP_LGBModel_Alpha158_csi300_custom_step0_s_20260323_16,207cd13bb6e4435abdf39fa16f333270,,,
2026-03-23,SZ001391,-8.85054773769164e-10,EXP_LGBModel_Alpha158_csi300_custom_step0_s_20260323_16,207cd13bb6e4435abdf39fa16f333270,,,
2026-03-23,SH600845,-0.09421235622400832,EXP_DEnsembleModel_Alpha158_csi300_custom_step0_s_20260323_13,8c489106588149a99e7059fd0cbef995,,,
2026-03-23,SH600875,0.3126361231827339,EXP_DEnsembleModel_Alpha158_csi300_custom_step0_s_20260323_13,8c489106588149a99e7059fd0cbef995,,,
2026-03-23,SH600886,0.10300905977321403,EXP_DEnsembleModel_Alpha158_csi300_custom_step0_s_20260323_13,8c489106588149a99e7059fd0cbef995,,,
2026-03-23,SH600887,-0.08119760371714262,EXP_DEnsembleModel_Alpha158_csi300_custom_step0_s_20260323_13,8c489106588149a99e7059fd0cbef995,,,
2026-03-23,SH600893,0.19672390210343127,EXP_DEnsembleModel_Alpha158_csi300_custom_step0_s_20260323_13,8c489106588149a99e7059fd0cbef995,,,
2026-03-23,SH600900,-0.006364548741820173,EXP_DEnsembleModel_Alpha158_csi300_custom_step0_s_20260323_13,8c489106588149a99e7059fd0cbef995,,,
2026-03-23,SH600905,0.0039371590679749035,EXP_DEnsembleModel_Alpha158_csi300_custom_step0_s_20260323_13,8c489106588149a99e7059fd0cbef995,,,
2026-03-23,SH600918,-0.050270425801460177,EXP_DEnsembleModel_Alpha158_csi300_custom_step0_s_20260323_13,8c489106588149a99e7059fd0cbef995,,,
2026-03-23,SH600919,-0.08638927445621411,EXP_DEnsembleModel_Alpha158_csi300_custom_step0_s_20260323_13,8c489106588149a99e7059fd0cbef995,,,
2026-03-23,SH600926,-0.11779156450181875,EXP_DEnsembleModel_Alpha158_csi300_custom_step0_s_20260323_13,8c489106588149a99e7059fd0cbef995,,,
2026-03-23,SH600930,-0.036641695981183116,EXP_DEnsembleModel_Alpha158_csi300_custom_step0_s_20260323_13,8c489106588149a99e7059fd0cbef995,,,
2026-03-23,SH600809,-0.12224031166296834,EXP_DEnsembleModel_Alpha158_csi300_custom_step0_s_20260323_13,8c489106588149a99e7059fd0cbef995,,,
2026-03-23,SH600938,0.056620936551282704,EXP_DEnsembleModel_Alpha158_csi300_custom_step0_s_20260323_13,8c489106588149a99e7059fd0cbef995,,,
2026-03-23,SH600958,-0.13076390175216995,EXP_DEnsembleModel_Alpha158_csi300_custom_step0_s_20260323_13,8c489106588149a99e7059fd0cbef995,,,
2026-03-23,SH600989,0.256332321942733,EXP_DEnsembleModel_Alpha158_csi300_custom_step0_s_20260323_13,8c489106588149a99e7059fd0cbef995,,,
2026-03-23,SH600999,-0.13472529757956575,EXP_DEnsembleModel_Alpha158_csi300_custom_step0_s_20260323_13,8c489106588149a99e7059fd0cbef995,,,
2026-03-23,SH601006,0.12004803165107303,EXP_DEnsembleModel_Alpha158_csi300_custom_step0_s_20260323_13,8c489106588149a99e7059fd0cbef995,,,
2026-03-23,SH601009,-0.13567018076719134,EXP_DEnsembleModel_Alpha158_csi300_custom_step0_s_20260323_13,8c489106588149a99e7059fd0cbef995,,,
2026-03-23,SH601012,0.10081865147434815,EXP_DEnsembleModel_Alpha158_csi300_custom_step0_s_20260323_13,8c489106588149a99e7059fd0cbef995,,,
2026-03-23,SH601018,-0.11299987411079924,EXP_DEnsembleModel_Alpha158_csi300_custom_step0_s_20260323_13,8c489106588149a99e7059fd0cbef995,,,
2026-03-23,SH601021,0.2563866708240172,EXP_DEnsembleModel_Alpha158_csi300_custom_step0_s_20260323_13,8c489106588149a99e7059fd0cbef995,,,
2026-03-23,SH601058,0.11676631467524252,EXP_DEnsembleModel_Alpha158_csi300_custom_step0_s_20260323_13,8c489106588149a99e7059fd0cbef995,,,
2026-03-23,SH601059,-0.03261169849279151,EXP_DEnsembleModel_Alpha158_csi300_custom_step0_s_20260323_13,8c489106588149a99e7059fd0cbef995,,,
2026-03-23,SH601066,-0.07772174667494537,EXP_DEnsembleModel_Alpha158_csi300_custom_step0_s_20260323_13,8c489106588149a99e7059fd0cbef995,,,
2026-03-23,SH600941,-0.08726242503494515,EXP_DEnsembleModel_Alpha158_csi300_custom_step0_s_20260323_13,8c489106588149a99e7059fd0cbef995,,,
2026-03-23,SH601077,-0.020414600220000002,EXP_DEnsembleModel_Alpha158_csi300_custom_step0_s_20260323_13,8c489106588149a99e7059fd0cbef995,,,
2026-03-23,SH600803,-0.1610019903938516,EXP_DEnsembleModel_Alpha158_csi300_custom_step0_s_20260323_13,8c489106588149a99e7059fd0cbef995,,,
2026-03-23,SH600760,0.15059941766916513,EXP_DEnsembleModel_Alpha158_csi300_custom_step0_s_20260323_13,8c489106588149a99e7059fd0cbef995,,,
2026-03-23,SH600362,0.1324170839354191,EXP_DEnsembleModel_Alpha158_csi300_custom_step0_s_20260323_13,8c489106588149a99e7059fd0cbef995,,,
2026-03-23,SH600372,-0.0657394535730482,EXP_DEnsembleModel_Alpha158_csi300_custom_step0_s_20260323_13,8c489106588149a99e7059fd0cbef995,,,
2026-03-23,SH600377,-0.07380256363414214,EXP_DEnsembleModel_Alpha158_csi300_custom_step0_s_20260323_13,8c489106588149a99e7059fd0cbef995,,,
2026-03-23,SH600406,-0.015533690238764358,EXP_DEnsembleModel_Alpha158_csi300_custom_step0_s_20260323_13,8c489106588149a99e7059fd0cbef995,,,
2026-03-23,SH600415,-0.087678618119968,EXP_DEnsembleModel_Alpha158_csi300_custom_step0_s_20260323_13,8c489106588149a99e7059fd0cbef995,,,
2026-03-23,SH600426,0.09945935667298528,EXP_DEnsembleModel_Alpha158_csi300_custom_step0_s_20260323_13,8c489106588149a99e7059fd0cbef995,,,
2026-03-23,SH600436,-0.05931985668998426,EXP_DEnsembleModel_Alpha158_csi300_custom_step0_s_20260323_13,8c489106588149a99e7059fd0cbef995,,,
2026-03-23,SH600438,-0.1069052109479442,EXP_DEnsembleModel_Alpha158_csi300_custom_step0_s_20260323_13,8c489106588149a99e7059fd0cbef995,,,
2026-03-23,SH600460,-0.007601758632597201,EXP_DEnsembleModel_Alpha158_csi300_custom_step0_s_20260323_13,8c489106588149a99e7059fd0cbef995,,,
2026-03-23,SH600482,0.2989285533858882,EXP_DEnsembleModel_Alpha158_csi300_custom_step0_s_20260323_13,8c489106588149a99e7059fd0cbef995,,,
2026-03-23,SH600489,0.19544098116247482,EXP_DEnsembleModel_Alpha158_csi300_custom_step0_s_20260323_13,8c489106588149a99e7059fd0cbef995,,,
2026-03-23,SH600795,-0.04587995289903469,EXP_DEnsembleModel_Alpha158_csi300_custom_step0_s_20260323_13,8c489106588149a99e7059fd0cbef995,,,
2026-03-23,SH600515,0.08982207874562569,EXP_DEnsembleModel_Alpha158_csi300_custom_step0_s_20260323_13,8c489106588149a99e7059fd0cbef995,,,
2026-03-23,SH600522,0.12260305429228029,EXP_DEnsembleModel_Alpha158_csi300_custom_step0_s_20260323_13,8c489106588149a99e7059fd0cbef995,,,
2026-03-23,SH600547,0.2670891971675543,EXP_DEnsembleModel_Alpha158_csi300_custom_step0_s_20260323_13,8c489106588149a99e7059fd0cbef995,,,
2026-03-23,SH600570,-0.02898159667254808,EXP_DEnsembleModel_Alpha158_csi300_custom_step0_s_20260323_13,8c489106588149a99e7059fd0cbef995,,,
2026-03-23,SH600584,0.07893834503718669,EXP_DEnsembleModel_Alpha158_csi300_custom_step0_s_20260323_13,8c489106588149a99e7059fd0cbef995,,,
2026-03-23,SH600585,-0.08416484964355872,EXP_DEnsembleModel_Alpha158_csi300_custom_step0_s_20260323_13,8c489106588149a99e7059fd0cbef995,,,
2026-03-23,SH600588,-0.0038277430805137903,EXP_DEnsembleModel_Alpha158_csi300_custom_step0_s_20260323_13,8c489106588149a99e7059fd0cbef995,,,
2026-03-23,SH600600,-0.0929336048341377,EXP_DEnsembleModel_Alpha158_csi300_custom_step0_s_20260323_13,8c489106588149a99e7059fd0cbef995,,,
2026-03-23,SH600660,-0.11091742567021141,EXP_DEnsembleModel_Alpha158_csi300_custom_step0_s_20260323_13,8c489106588149a99e7059fd0cbef995,,,
2026-03-23,SH600674,0.07950729772066491,EXP_DEnsembleModel_Alpha158_csi300_custom_step0_s_20260323_13,8c489106588149a99e7059fd0cbef995,,,
2026-03-23,SH600690,-0.0657473131986397,EXP_DEnsembleModel_Alpha158_csi300_custom_step0_s_20260323_13,8c489106588149a99e7059fd0cbef995,,,
2026-03-23,SH600741,-0.07750817076032601,EXP_DEnsembleModel_Alpha158_csi300_custom_step0_s_20260323_13,8c489106588149a99e7059fd0cbef995,,,
2026-03-23,SH600519,-0.07029014435284626,EXP_DEnsembleModel_Alpha158_csi300_custom_step0_s_20260323_13,8c489106588149a99e7059fd0cbef995,,,
2026-03-23,SH601088,-0.0373909622815668,EXP_DEnsembleModel_Alpha158_csi300_custom_step0_s_20260323_13,8c489106588149a99e7059fd0cbef995,,,
2026-03-23,SH601100,0.15491372361866532,EXP_DEnsembleModel_Alpha158_csi300_custom_step0_s_20260323_13,8c489106588149a99e7059fd0cbef995,,,
2026-03-23,SH601111,0.18144625888958527,EXP_DEnsembleModel_Alpha158_csi300_custom_step0_s_20260323_13,8c489106588149a99e7059fd0cbef995,,,
2026-03-23,SH601658,-0.0315604515065853,EXP_DEnsembleModel_Alpha158_csi300_custom_step0_s_20260323_13,8c489106588149a99e7059fd0cbef995,,,
2026-03-23,SH601668,-0.07885391681707438,EXP_DEnsembleModel_Alpha158_csi300_custom_step0_s_20260323_13,8c489106588149a99e7059fd0cbef995,,,
2026-03-23,SH601669,-0.01421050297415408,EXP_DEnsembleModel_Alpha158_csi300_custom_step0_s_20260323_13,8c489106588149a99e7059fd0cbef995,,,
2026-03-23,SH601688,-0.02785155607603168,EXP_DEnsembleModel_Alpha158_csi300_custom_step0_s_20260323_13,8c489106588149a99e7059fd0cbef995,,,
2026-03-23,SH601689,0.19428511234706244,EXP_DEnsembleModel_Alpha158_csi300_custom_step0_s_20260323_13,8c489106588149a99e7059fd0cbef995,,,
2026-03-23,SH601698,-0.06961092521116,EXP_DEnsembleModel_Alpha158_csi300_custom_step0_s_20260323_13,8c489106588149a99e7059fd0cbef995,,,
2026-03-23,SH601728,-0.1128967466744225,EXP_DEnsembleModel_Alpha158_csi300_custom_step0_s_20260323_13,8c489106588149a99e7059fd0cbef995,,,
2026-03-23,SH601766,-0.03134327589199805,EXP_DEnsembleModel_Alpha158_csi300_custom_step0_s_20260323_13,8c489106588149a99e7059fd0cbef995,,,
2026-03-23,SH601788,-0.13265856103389298,EXP_DEnsembleModel_Alpha158_csi300_custom_step0_s_20260323_13,8c489106588149a99e7059fd0cbef995,,,
2026-03-23,SH601800,-0.12503603631845148,EXP_DEnsembleModel_Alpha158_csi300_custom_step0_s_20260323_13,8c489106588149a99e7059fd0cbef995,,,
2026-03-23,SH601808,-0.025655240962626866,EXP_DEnsembleModel_Alpha158_csi300_custom_step0_s_20260323_13,8c489106588149a99e7059fd0cbef995,,,
2026-03-23,SH601633,-0.0028120218940900854,EXP_DEnsembleModel_Alpha158_csi300_custom_step0_s_20260323_13,8c489106588149a99e7059fd0cbef995,,,
2026-03-23,SH601816,-0.10901391811878192,EXP_DEnsembleModel_Alpha158_csi300_custom_step0_s_20260323_13,8c489106588149a99e7059fd0cbef995,,,
2026-03-23,SH601825,-0.0765532337103676,EXP_DEnsembleModel_Alpha158_csi300_custom_step0_s_20260323_13,8c489106588149a99e7059fd0cbef995,,,
2026-03-23,SH601838,-0.027746459551185692,EXP_DEnsembleModel_Alpha158_csi300_custom_step0_s_20260323_13,8c489106588149a99e7059fd0cbef995,,,
2026-03-23,SH601857,-0.029835981064641064,EXP_DEnsembleModel_Alpha158_csi300_custom_step0_s_20260323_13,8c489106588149a99e7059fd0cbef995,,,
2026-03-23,SH601868,0.1607407853541625,EXP_DEnsembleModel_Alpha158_csi300_custom_step0_s_20260323_13,8c489106588149a99e7059fd0cbef995,,,
2026-03-23,SH601872,0.14236396434436466,EXP_DEnsembleModel_Alpha158_csi300_custom_step0_s_20260323_13,8c489106588149a99e7059fd0cbef995,,,
2026-03-23,SH601877,0.18459947973989435,EXP_DEnsembleModel_Alpha158_csi300_custom_step0_s_20260323_13,8c489106588149a99e7059fd0cbef995,,,
2026-03-23,SH601878,-0.06528464165224486,EXP_DEnsembleModel_Alpha158_csi300_custom_step0_s_20260323_13,8c489106588149a99e7059fd0cbef995,,,
2026-03-23,SH601881,-0.1447677806473347,EXP_DEnsembleModel_Alpha158_csi300_custom_step0_s_20260323_13,8c489106588149a99e7059fd0cbef995,,,
2026-03-23,SH601888,0.03557843913055966,EXP_DEnsembleModel_Alpha158_csi300_custom_step0_s_20260323_13,8c489106588149a99e7059fd0cbef995,,,
2026-03-23,SH601898,0.24800603982743158,EXP_DEnsembleModel_Alpha158_csi300_custom_step0_s_20260323_13,8c489106588149a99e7059fd0cbef995,,,
2026-03-23,SH601899,0.2976556292966657,EXP_DEnsembleModel_Alpha158_csi300_custom_step0_s_20260323_13,8c489106588149a99e7059fd0cbef995,,,
2026-03-23,SH601818,-0.07420980764624407,EXP_DEnsembleModel_Alpha158_csi300_custom_step0_s_20260323_13,8c489106588149a99e7059fd0cbef995,,,
2026-03-23,SH601628,-0.11085120409595016,EXP_DEnsembleModel_Alpha158_csi300_custom_step0_s_20260323_13,8c489106588149a99e7059fd0cbef995,,,
2026-03-23,SH601618,-0.08899482959111225,EXP_DEnsembleModel_Alpha158_csi300_custom_step0_s_20260323_13,8c489106588149a99e7059fd0cbef995,,,
2026-03-23,SH601607,-0.06945742149842934,EXP_DEnsembleModel_Alpha158_csi300_custom_step0_s_20260323_13,8c489106588149a99e7059fd0cbef995,,,
2026-03-23,SH601117,0.018262196257703645,EXP_DEnsembleModel_Alpha158_csi300_custom_step0_s_20260323_13,8c489106588149a99e7059fd0cbef995,,,
2026-03-23,SH601127,0.04678236518864427,EXP_DEnsembleModel_Alpha158_csi300_custom_step0_s_20260323_13,8c489106588149a99e7059fd0cbef995,,,
2026-03-23,SH601136,-0.1298019320348988,EXP_DEnsembleModel_Alpha158_csi300_custom_step0_s_20260323_13,8c489106588149a99e7059fd0cbef995,,,
2026-03-23,SH601138,-0.06416044425185521,EXP_DEnsembleModel_Alpha158_csi300_custom_step0_s_20260323_13,8c489106588149a99e7059fd0cbef995,,,
2026-03-23,SH601166,-0.03941270341626326,EXP_DEnsembleModel_Alpha158_csi300_custom_step0_s_20260323_13,8c489106588149a99e7059fd0cbef995,,,
2026-03-23,SH601169,-0.06355367151936865,EXP_DEnsembleModel_Alpha158_csi300_custom_step0_s_20260323_13,8c489106588149a99e7059fd0cbef995,,,
2026-03-23,SH601186,-0.17963211407786608,EXP_DEnsembleModel_Alpha158_csi300_custom_step0_s_20260323_13,8c489106588149a99e7059fd0cbef995,,,
2026-03-23,SH601211,-0.10523884710343885,EXP_DEnsembleModel_Alpha158_csi300_custom_step0_s_20260323_13,8c489106588149a99e7059fd0cbef995,,,
2026-03-23,SH601225,0.0011490300261641497,EXP_DEnsembleModel_Alpha158_csi300_custom_step0_s_20260323_13,8c489106588149a99e7059fd0cbef995,,,
2026-03-23,SH601229,-0.021049915310670922,EXP_DEnsembleModel_Alpha158_csi300_custom_step0_s_20260323_13,8c489106588149a99e7059fd0cbef995,,,
2026-03-23,SH601236,-0.035274769028306605,EXP_DEnsembleModel_Alpha158_csi300_custom_step0_s_20260323_13,8c489106588149a99e7059fd0cbef995,,,
2026-03-23,SH601238,-0.09041700285544135,EXP_DEnsembleModel_Alpha158_csi300_custom_step0_s_20260323_13,8c489106588149a99e7059fd0cbef995,,,
2026-03-23,SH601288,-0.01604746650814027,EXP_DEnsembleModel_Alpha158_csi300_custom_step0_s_20260323_13,8c489106588149a99e7059fd0cbef995,,,
2026-03-23,SH601298,-0.1271511698980273,EXP_DEnsembleModel_Alpha158_csi300_custom_step0_s_20260323_13,8c489106588149a99e7059fd0cbef995,,,
2026-03-23,SH601318,-0.15261264564222823,EXP_DEnsembleModel_Alpha158_csi300_custom_step0_s_20260323_13,8c489106588149a99e7059fd0cbef995,,,
2026-03-23,SH601319,-0.11267690479943762,EXP_DEnsembleModel_Alpha158_csi300_custom_step0_s_20260323_13,8c489106588149a99e7059fd0cbef995,,,
2026-03-23,SH601328,-0.01847385256667179,EXP_DEnsembleModel_Alpha158_csi300_custom_step0_s_20260323_13,8c489106588149a99e7059fd0cbef995,,,
2026-03-23,SH601336,-0.09008698795935523,EXP_DEnsembleModel_Alpha158_csi300_custom_step0_s_20260323_13,8c489106588149a99e7059fd0cbef995,,,
2026-03-23,SH601360,0.045023764923554636,EXP_DEnsembleModel_Alpha158_csi300_custom_step0_s_20260323_13,8c489106588149a99e7059fd0cbef995,,,
2026-03-23,SH601377,-0.10378052433523519,EXP_DEnsembleModel_Alpha158_csi300_custom_step0_s_20260323_13,8c489106588149a99e7059fd0cbef995,,,
2026-03-23,SH601390,-0.05719081774118829,EXP_DEnsembleModel_Alpha158_csi300_custom_step0_s_20260323_13,8c489106588149a99e7059fd0cbef995,,,
2026-03-23,SH601398,-0.0933616916026507,EXP_DEnsembleModel_Alpha158_csi300_custom_step0_s_20260323_13,8c489106588149a99e7059fd0cbef995,,,
2026-03-23,SH601456,-0.14700730680695176,EXP_DEnsembleModel_Alpha158_csi300_custom_step0_s_20260323_13,8c489106588149a99e7059fd0cbef995,,,
2026-03-23,SH601600,0.19872796812215376,EXP_DEnsembleModel_Alpha158_csi300_custom_step0_s_20260323_13,8c489106588149a99e7059fd0cbef995,,,
2026-03-23,SH601601,-0.09310351400350987,EXP_DEnsembleModel_Alpha158_csi300_custom_step0_s_20260323_13,8c489106588149a99e7059fd0cbef995,,,
2026-03-23,SH600346,0.341854584816143,EXP_DEnsembleModel_Alpha158_csi300_custom_step0_s_20260323_13,8c489106588149a99e7059fd0cbef995,,,
2026-03-23,SZ301269,-0.0388888344168663,EXP_XGBModel_Alpha158_csi300_custom_step0_s_20260323_13,54f6d51af44b4da885b62294b0c0495b,,,
2026-03-23,SH600309,0.21969258573697104,EXP_DEnsembleModel_Alpha158_csi300_custom_step0_s_20260323_13,8c489106588149a99e7059fd0cbef995,,,
2026-03-23,SH600233,-0.011906395143047019,EXP_DEnsembleModel_Alpha158_csi300_custom_step0_s_20260323_13,8c489106588149a99e7059fd0cbef995,,,
2026-03-23,SZ002600,-0.0025321065821482564,EXP_LGBModel_Alpha158_csi300_custom_step0_s_20260323_16,207cd13bb6e4435abdf39fa16f333270,,,
2026-03-23,SZ002601,0.004984679160272016,EXP_LGBModel_Alpha158_csi300_custom_step0_s_20260323_16,207cd13bb6e4435abdf39fa16f333270,,,
2026-03-23,SZ002625,-0.0025321065821482564,EXP_LGBModel_Alpha158_csi300_custom_step0_s_20260323_16,207cd13bb6e4435abdf39fa16f333270,,,
2026-03-23,SZ002648,-8.85054773769164e-10,EXP_LGBModel_Alpha158_csi300_custom_step0_s_20260323_16,207cd13bb6e4435abdf39fa16f333270,,,
2026-03-23,SZ002709,-0.0025321065821482564,EXP_LGBModel_Alpha158_csi300_custom_step0_s_20260323_16,207cd13bb6e4435abdf39fa16f333270,,,
2026-03-23,SZ002714,-0.0025321065821482564,EXP_LGBModel_Alpha158_csi300_custom_step0_s_20260323_16,207cd13bb6e4435abdf39fa16f333270,,,
2026-03-23,SZ002736,-0.0025321065821482564,EXP_LGBModel_Alpha158_csi300_custom_step0_s_20260323_16,207cd13bb6e4435abdf39fa16f333270,,,
2026-03-23,SZ002916,-0.0025321065821482564,EXP_LGBModel_Alpha158_csi300_custom_step0_s_20260323_16,207cd13bb6e4435abdf39fa16f333270,,,
2026-03-23,SZ002920,-0.0025321065821482564,EXP_LGBModel_Alpha158_csi300_custom_step0_s_20260323_16,207cd13bb6e4435abdf39fa16f333270,,,
2026-03-23,SZ002938,-0.0025321065821482564,EXP_LGBModel_Alpha158_csi300_custom_step0_s_20260323_16,207cd13bb6e4435abdf39fa16f333270,,,
2026-03-23,SZ003816,-0.0025321065821482564,EXP_LGBModel_Alpha158_csi300_custom_step0_s_20260323_16,207cd13bb6e4435abdf39fa16f333270,,,
2026-03-23,SZ002594,-0.0025321065821482564,EXP_LGBModel_Alpha158_csi300_custom_step0_s_20260323_16,207cd13bb6e4435abdf39fa16f333270,,,
2026-03-23,SZ300014,0.001436469085610694,EXP_LGBModel_Alpha158_csi300_custom_step0_s_20260323_16,207cd13bb6e4435abdf39fa16f333270,,,
2026-03-23,SZ300033,-0.0025321065821482564,EXP_LGBModel_Alpha158_csi300_custom_step0_s_20260323_16,207cd13bb6e4435abdf39fa16f333270,,,
2026-03-23,SZ300059,-8.85054773769164e-10,EXP_LGBModel_Alpha158_csi300_custom_step0_s_20260323_16,207cd13bb6e4435abdf39fa16f333270,,,
2026-03-23,SZ300122,-8.85054773769164e-10,EXP_LGBModel_Alpha158_csi300_custom_step0_s_20260323_16,207cd13bb6e4435abdf39fa16f333270,,,
2026-03-23,SZ300124,-0.0025321065821482564,EXP_LGBModel_Alpha158_csi300_custom_step0_s_20260323_16,207cd13bb6e4435abdf39fa16f333270,,,
2026-03-23,SZ300251,-8.85054773769164e-10,EXP_LGBModel_Alpha158_csi300_custom_step0_s_20260323_16,207cd13bb6e4435abdf39fa16f333270,,,
2026-03-23,SZ300274,0.001436469085610694,EXP_LGBModel_Alpha158_csi300_custom_step0_s_20260323_16,207cd13bb6e4435abdf39fa16f333270,,,
2026-03-23,SZ300308,-0.0025321065821482564,EXP_LGBModel_Alpha158_csi300_custom_step0_s_20260323_16,207cd13bb6e4435abdf39fa16f333270,,,
2026-03-23,SZ300316,-8.85054773769164e-10,EXP_LGBModel_Alpha158_csi300_custom_step0_s_20260323_16,207cd13bb6e4435abdf39fa16f333270,,,
2026-03-23,SZ300347,-8.85054773769164e-10,EXP_LGBModel_Alpha158_csi300_custom_step0_s_20260323_16,207cd13bb6e4435abdf39fa16f333270,,,
2026-03-23,SZ300394,0.004984679160272016,EXP_LGBModel_Alpha158_csi300_custom_step0_s_20260323_16,207cd13bb6e4435abdf39fa16f333270,,,
2026-03-23,SZ300408,-8.85054773769164e-10,EXP_LGBModel_Alpha158_csi300_custom_step0_s_20260323_16,207cd13bb6e4435abdf39fa16f333270,,,
2026-03-23,SZ300015,-0.0025321065821482564,EXP_LGBModel_Alpha158_csi300_custom_step0_s_20260323_16,207cd13bb6e4435abdf39fa16f333270,,,
2026-03-23,SZ300413,-8.85054773769164e-10,EXP_LGBModel_Alpha158_csi300_custom_step0_s_20260323_16,207cd13bb6e4435abdf39fa16f333270,,,
2026-03-23,SZ002493,0.004984679160272016,EXP_LGBModel_Alpha158_csi300_custom_step0_s_20260323_16,207cd13bb6e4435abdf39fa16f333270,,,
2026-03-23,SZ002466,-0.0025321065821482564,EXP_LGBModel_Alpha158_csi300_custom_step0_s_20260323_16,207cd13bb6e4435abdf39fa16f333270,,,
2026-03-23,SZ001965,-0.000671869944949579,EXP_LGBModel_Alpha158_csi300_custom_step0_s_20260323_16,207cd13bb6e4435abdf39fa16f333270,,,
2026-03-23,SZ001979,-0.0025321065821482564,EXP_LGBModel_Alpha158_csi300_custom_step0_s_20260323_16,207cd13bb6e4435abdf39fa16f333270,,,
2026-03-23,SZ002001,0.004984679160272016,EXP_LGBModel_Alpha158_csi300_custom_step0_s_20260323_16,207cd13bb6e4435abdf39fa16f333270,,,
2026-03-23,SZ002027,-0.0025321065821482564,EXP_LGBModel_Alpha158_csi300_custom_step0_s_20260323_16,207cd13bb6e4435abdf39fa16f333270,,,
2026-03-23,SZ002028,-8.85054773769164e-10,EXP_LGBModel_Alpha158_csi300_custom_step0_s_20260323_16,207cd13bb6e4435abdf39fa16f333270,,,
2026-03-23,SZ002049,-0.0025321065821482564,EXP_LGBModel_Alpha158_csi300_custom_step0_s_20260323_16,207cd13bb6e4435abdf39fa16f333270,,,
2026-03-23,SZ002050,-0.0025321065821482564,EXP_LGBModel_Alpha158_csi300_custom_step0_s_20260323_16,207cd13bb6e4435abdf39fa16f333270,,,
2026-03-23,SZ002074,-0.0025321065821482564,EXP_LGBModel_Alpha158_csi300_custom_step0_s_20260323_16,207cd13bb6e4435abdf39fa16f333270,,,
2026-03-23,SZ002142,-8.85054773769164e-10,EXP_LGBModel_Alpha158_csi300_custom_step0_s_20260323_16,207cd13bb6e4435abdf39fa16f333270,,,
2026-03-23,SZ002179,-0.0025321065821482564,EXP_LGBModel_Alpha158_csi300_custom_step0_s_20260323_16,207cd13bb6e4435abdf39fa16f333270,,,
2026-03-23,SZ002230,-0.0025321065821482564,EXP_LGBModel_Alpha158_csi300_custom_step0_s_20260323_16,207cd13bb6e4435abdf39fa16f333270,,,
2026-03-23,SZ002475,-0.0025321065821482564,EXP_LGBModel_Alpha158_csi300_custom_step0_s_20260323_16,207cd13bb6e4435abdf39fa16f333270,,,
2026-03-23,SZ002236,-0.0025321065821482564,EXP_LGBModel_Alpha158_csi300_custom_step0_s_20260323_16,207cd13bb6e4435abdf39fa16f333270,,,
2026-03-23,SZ002252,-8.85054773769164e-10,EXP_LGBModel_Alpha158_csi300_custom_step0_s_20260323_16,207cd13bb6e4435abdf39fa16f333270,,,
2026-03-23,SZ002304,-0.0025321065821482564,EXP_LGBModel_Alpha158_csi300_custom_step0_s_20260323_16,207cd13bb6e4435abdf39fa16f333270,,,
2026-03-23,SZ002311,-0.0025321065821482564,EXP_LGBModel_Alpha158_csi300_custom_step0_s_20260323_16,207cd13bb6e4435abdf39fa16f333270,,,
2026-03-23,SZ002352,-8.85054773769164e-10,EXP_LGBModel_Alpha158_csi300_custom_step0_s_20260323_16,207cd13bb6e4435abdf39fa16f333270,,,
2026-03-23,SZ002371,-8.85054773769164e-10,EXP_LGBModel_Alpha158_csi300_custom_step0_s_20260323_16,207cd13bb6e4435abdf39fa16f333270,,,
2026-03-23,SZ002384,0.004984679160272016,EXP_LGBModel_Alpha158_csi300_custom_step0_s_20260323_16,207cd13bb6e4435abdf39fa16f333270,,,
2026-03-23,SZ002415,-8.85054773769164e-10,EXP_LGBModel_Alpha158_csi300_custom_step0_s_20260323_16,207cd13bb6e4435abdf39fa16f333270,,,
2026-03-23,SZ002422,-0.000671869944949579,EXP_LGBModel_Alpha158_csi300_custom_step0_s_20260323_16,207cd13bb6e4435abdf39fa16f333270,,,
2026-03-23,SZ002459,-8.85054773769164e-10,EXP_LGBModel_Alpha158_csi300_custom_step0_s_20260323_16,207cd13bb6e4435abdf39fa16f333270,,,
2026-03-23,SZ002460,-0.0025321065821482564,EXP_LGBModel_Alpha158_csi300_custom_step0_s_20260323_16,207cd13bb6e4435abdf39fa16f333270,,,
2026-03-23,SZ002463,-8.85054773769164e-10,EXP_LGBModel_Alpha158_csi300_custom_step0_s_20260323_16,207cd13bb6e4435abdf39fa16f333270,,,
2026-03-23,SZ002241,-0.0025321065821482564,EXP_LGBModel_Alpha158_csi300_custom_step0_s_20260323_16,207cd13bb6e4435abdf39fa16f333270,,,
2026-03-23,SZ300418,-8.85054773769164e-10,EXP_LGBModel_Alpha158_csi300_custom_step0_s_20260323_16,207cd13bb6e4435abdf39fa16f333270,,,
2026-03-23,SZ300433,-8.85054773769164e-10,EXP_LGBModel_Alpha158_csi300_custom_step0_s_20260323_16,207cd13bb6e4435abdf39fa16f333270,,,
2026-03-23,SZ300442,-8.85054773769164e-10,EXP_LGBModel_Alpha158_csi300_custom_step0_s_20260323_16,207cd13bb6e4435abdf39fa16f333270,,,
2026-03-23,SH600027,0.029274524515059016,EXP_DEnsembleModel_Alpha158_csi300_custom_step0_s_20260323_13,8c489106588149a99e7059fd0cbef995,,,
2026-03-23,SH600028,0.03198914944984315,EXP_DEnsembleModel_Alpha158_csi300_custom_step0_s_20260323_13,8c489106588149a99e7059fd0cbef995,,,
2026-03-23,SH600029,0.19945703501605513,EXP_DEnsembleModel_Alpha158_csi300_custom_step0_s_20260323_13,8c489106588149a99e7059fd0cbef995,,,
2026-03-23,SH600030,-0.07492464580926013,EXP_DEnsembleModel_Alpha158_csi300_custom_step0_s_20260323_13,8c489106588149a99e7059fd0cbef995,,,
2026-03-23,SH600031,0.12476752873842555,EXP_DEnsembleModel_Alpha158_csi300_custom_step0_s_20260323_13,8c489106588149a99e7059fd0cbef995,,,
2026-03-23,SH600036,-0.03411154640693509,EXP_DEnsembleModel_Alpha158_csi300_custom_step0_s_20260323_13,8c489106588149a99e7059fd0cbef995,,,
2026-03-23,SH600039,-0.11368728935805603,EXP_DEnsembleModel_Alpha158_csi300_custom_step0_s_20260323_13,8c489106588149a99e7059fd0cbef995,,,
2026-03-23,SH600048,-0.15472271107894842,EXP_DEnsembleModel_Alpha158_csi300_custom_step0_s_20260323_13,8c489106588149a99e7059fd0cbef995,,,
2026-03-23,SH600050,-0.11634429237231865,EXP_DEnsembleModel_Alpha158_csi300_custom_step0_s_20260323_13,8c489106588149a99e7059fd0cbef995,,,
2026-03-23,SH600061,-0.1745565265789204,EXP_DEnsembleModel_Alpha158_csi300_custom_step0_s_20260323_13,8c489106588149a99e7059fd0cbef995,,,
2026-03-23,SH600066,-0.10395466170224528,EXP_DEnsembleModel_Alpha158_csi300_custom_step0_s_20260323_13,8c489106588149a99e7059fd0cbef995,,,
2026-03-23,SH600026,0.28988418412045763,EXP_DEnsembleModel_Alpha158_csi300_custom_step0_s_20260323_13,8c489106588149a99e7059fd0cbef995,,,
2026-03-23,SH600085,-0.1118766746610343,EXP_DEnsembleModel_Alpha158_csi300_custom_step0_s_20260323_13,8c489106588149a99e7059fd0cbef995,,,
2026-03-23,SH600104,0.029897392772193603,EXP_DEnsembleModel_Alpha158_csi300_custom_step0_s_20260323_13,8c489106588149a99e7059fd0cbef995,,,
2026-03-23,SH600111,0.1566354455587832,EXP_DEnsembleModel_Alpha158_csi300_custom_step0_s_20260323_13,8c489106588149a99e7059fd0cbef995,,,
2026-03-23,SH600115,0.17193275586751294,EXP_DEnsembleModel_Alpha158_csi300_custom_step0_s_20260323_13,8c489106588149a99e7059fd0cbef995,,,
2026-03-23,SH600150,0.02288870807630874,EXP_DEnsembleModel_Alpha158_csi300_custom_step0_s_20260323_13,8c489106588149a99e7059fd0cbef995,,,
2026-03-23,SH600160,0.014175888865404536,EXP_DEnsembleModel_Alpha158_csi300_custom_step0_s_20260323_13,8c489106588149a99e7059fd0cbef995,,,
2026-03-23,SH600161,-0.09440213509547062,EXP_DEnsembleModel_Alpha158_csi300_custom_step0_s_20260323_13,8c489106588149a99e7059fd0cbef995,,,
2026-03-23,SH600176,0.11490578755510207,EXP_DEnsembleModel_Alpha158_csi300_custom_step0_s_20260323_13,8c489106588149a99e7059fd0cbef995,,,
2026-03-23,SH600183,-0.04222504881183652,EXP_DEnsembleModel_Alpha158_csi300_custom_step0_s_20260323_13,8c489106588149a99e7059fd0cbef995,,,
2026-03-23,SH600188,0.15422727366913377,EXP_DEnsembleModel_Alpha158_csi300_custom_step0_s_20260323_13,8c489106588149a99e7059fd0cbef995,,,
2026-03-23,SH600196,-0.12419374560879635,EXP_DEnsembleModel_Alpha158_csi300_custom_step0_s_20260323_13,8c489106588149a99e7059fd0cbef995,,,
2026-03-23,SH600219,0.19232474385629197,EXP_DEnsembleModel_Alpha158_csi300_custom_step0_s_20260323_13,8c489106588149a99e7059fd0cbef995,,,
2026-03-23,SH600089,0.0167501432382102,EXP_DEnsembleModel_Alpha158_csi300_custom_step0_s_20260323_13,8c489106588149a99e7059fd0cbef995,,,
2026-03-23,SH600025,0.09493638573444342,EXP_DEnsembleModel_Alpha158_csi300_custom_step0_s_20260323_13,8c489106588149a99e7059fd0cbef995,,,
2026-03-23,SH600023,-0.10262068340757395,EXP_DEnsembleModel_Alpha158_csi300_custom_step0_s_20260323_13,8c489106588149a99e7059fd0cbef995,,,
2026-03-23,SH600019,-0.13575148765362977,EXP_DEnsembleModel_Alpha158_csi300_custom_step0_s_20260323_13,8c489106588149a99e7059fd0cbef995,,,
2026-03-23,SZ300476,-0.0025321065821482564,EXP_LGBModel_Alpha158_csi300_custom_step0_s_20260323_16,207cd13bb6e4435abdf39fa16f333270,,,
2026-03-23,SZ300498,-0.000671869944949579,EXP_LGBModel_Alpha158_csi300_custom_step0_s_20260323_16,207cd13bb6e4435abdf39fa16f333270,,,
2026-03-23,SZ300502,-0.0025321065821482564,EXP_LGBModel_Alpha158_csi300_custom_step0_s_20260323_16,207cd13bb6e4435abdf39fa16f333270,,,
2026-03-23,SZ300628,-0.0025321065821482564,EXP_LGBModel_Alpha158_csi300_custom_step0_s_20260323_16,207cd13bb6e4435abdf39fa16f333270,,,
2026-03-23,SZ300661,-8.85054773769164e-10,EXP_LGBModel_Alpha158_csi300_custom_step0_s_20260323_16,207cd13bb6e4435abdf39fa16f333270,,,
2026-03-23,SZ300750,0.001436469085610694,EXP_LGBModel_Alpha158_csi300_custom_step0_s_20260323_16,207cd13bb6e4435abdf39fa16f333270,,,
2026-03-23,SZ300759,-0.0025321065821482564,EXP_LGBModel_Alpha158_csi300_custom_step0_s_20260323_16,207cd13bb6e4435abdf39fa16f333270,,,
2026-03-23,SZ300760,-8.85054773769164e-10,EXP_LGBModel_Alpha158_csi300_custom_step0_s_20260323_16,207cd13bb6e4435abdf39fa16f333270,,,
2026-03-23,SZ300782,-8.85054773769164e-10,EXP_LGBModel_Alpha158_csi300_custom_step0_s_20260323_16,207cd13bb6e4435abdf39fa16f333270,,,
2026-03-23,SZ300803,-8.85054773769164e-10,EXP_LGBModel_Alpha158_csi300_custom_step0_s_20260323_16,207cd13bb6e4435abdf39fa16f333270,,,
2026-03-23,SZ300832,-0.0025321065821482564,EXP_LGBModel_Alpha158_csi300_custom_step0_s_20260323_16,207cd13bb6e4435abdf39fa16f333270,,,
2026-03-23,SZ300866,0.001436469085610694,EXP_LGBModel_Alpha158_csi300_custom_step0_s_20260323_16,207cd13bb6e4435abdf39fa16f333270,,,
2026-03-23,SZ300896,-8.85054773769164e-10,EXP_LGBModel_Alpha158_csi300_custom_step0_s_20260323_16,207cd13bb6e4435abdf39fa16f333270,,,
2026-03-23,SZ300979,-8.85054773769164e-10,EXP_LGBModel_Alpha158_csi300_custom_step0_s_20260323_16,207cd13bb6e4435abdf39fa16f333270,,,
2026-03-23,SZ300999,-0.0025321065821482564,EXP_LGBModel_Alpha158_csi300_custom_step0_s_20260323_16,207cd13bb6e4435abdf39fa16f333270,,,
2026-03-23,SZ301236,-0.0025321065821482564,EXP_LGBModel_Alpha158_csi300_custom_step0_s_20260323_16,207cd13bb6e4435abdf39fa16f333270,,,
2026-03-23,SZ301269,-8.85054773769164e-10,EXP_LGBModel_Alpha158_csi300_custom_step0_s_20260323_16,207cd13bb6e4435abdf39fa16f333270,,,
2026-03-23,SZ302132,-0.0025321065821482564,EXP_LGBModel_Alpha158_csi300_custom_step0_s_20260323_16,207cd13bb6e4435abdf39fa16f333270,,,
2026-03-23,SH600000,0.014953869211341633,EXP_DEnsembleModel_Alpha158_csi300_custom_step0_s_20260323_13,8c489106588149a99e7059fd0cbef995,,,
2026-03-23,SH600009,-0.09383830402933822,EXP_DEnsembleModel_Alpha158_csi300_custom_step0_s_20260323_13,8c489106588149a99e7059fd0cbef995,,,
2026-03-23,SH600010,0.09479424827289688,EXP_DEnsembleModel_Alpha158_csi300_custom_step0_s_20260323_13,8c489106588149a99e7059fd0cbef995,,,
2026-03-23,SH600011,-0.04969421493245652,EXP_DEnsembleModel_Alpha158_csi300_custom_step0_s_20260323_13,8c489106588149a99e7059fd0cbef995,,,
2026-03-23,SH600015,-0.011768803724899775,EXP_DEnsembleModel_Alpha158_csi300_custom_step0_s_20260323_13,8c489106588149a99e7059fd0cbef995,,,
2026-03-23,SH600016,-0.14691023863637734,EXP_DEnsembleModel_Alpha158_csi300_custom_step0_s_20260323_13,8c489106588149a99e7059fd0cbef995,,,
2026-03-23,SH600018,-0.0746930713892885,EXP_DEnsembleModel_Alpha158_csi300_custom_step0_s_20260323_13,8c489106588149a99e7059fd0cbef995,,,
2026-03-23,SH600276,-0.1225822881046521,EXP_DEnsembleModel_Alpha158_csi300_custom_step0_s_20260323_13,8c489106588149a99e7059fd0cbef995,,,
2026-03-23,SZ302132,0.026984721422195435,EXP_XGBModel_Alpha158_csi300_custom_step0_s_20260323_13,54f6d51af44b4da885b62294b0c0495b,,,
