datetime,instrument,score,exp_name,rid,real_label,error,abs_error
2026-03-18,SH600000,0.017969802846640036,EXP_LGBModel_Alpha158_csi300_custom_step0_s_20260318_16,09adc2ffc018477c81e0a86d655e9255,,,
2026-03-18,SZ300866,0.02933260910809251,EXP_DEnsembleModel_Alpha158_csi300_custom_step0_s_20260318_14,9ed83e345dd34945b28693b70360d5e4,,,
2026-03-18,SZ300896,0.0482080972963762,EXP_DEnsembleModel_Alpha158_csi300_custom_step0_s_20260318_14,9ed83e345dd34945b28693b70360d5e4,,,
2026-03-18,SZ300979,0.06251689909604491,EXP_DEnsembleModel_Alpha158_csi300_custom_step0_s_20260318_14,9ed83e345dd34945b28693b70360d5e4,,,
2026-03-18,SZ300999,-0.04657500983520553,EXP_DEnsembleModel_Alpha158_csi300_custom_step0_s_20260318_14,9ed83e345dd34945b28693b70360d5e4,,,
2026-03-18,SZ301236,-0.061340242012632586,EXP_DEnsembleModel_Alpha158_csi300_custom_step0_s_20260318_14,9ed83e345dd34945b28693b70360d5e4,,,
2026-03-18,SZ301269,-0.012929748532323414,EXP_DEnsembleModel_Alpha158_csi300_custom_step0_s_20260318_14,9ed83e345dd34945b28693b70360d5e4,,,
2026-03-18,SZ302132,-0.09388163505959389,EXP_DEnsembleModel_Alpha158_csi300_custom_step0_s_20260318_14,9ed83e345dd34945b28693b70360d5e4,,,
2026-03-18,SH600000,0.004170516971498728,EXP_XGBModel_Alpha158_csi300_custom_step0_s_20260318_13,9a2d8cf143214b13a3ea3426e5ccd771,,,
2026-03-18,SH600009,-0.03462967649102211,EXP_XGBModel_Alpha158_csi300_custom_step0_s_20260318_13,9a2d8cf143214b13a3ea3426e5ccd771,,,
2026-03-18,SH600010,-0.12008348107337952,EXP_XGBModel_Alpha158_csi300_custom_step0_s_20260318_13,9a2d8cf143214b13a3ea3426e5ccd771,,,
2026-03-18,SH600011,0.011696171015501022,EXP_XGBModel_Alpha158_csi300_custom_step0_s_20260318_13,9a2d8cf143214b13a3ea3426e5ccd771,,,
2026-03-18,SZ300832,-0.06702712754147702,EXP_DEnsembleModel_Alpha158_csi300_custom_step0_s_20260318_14,9ed83e345dd34945b28693b70360d5e4,,,
2026-03-18,SH600015,0.0022383402101695538,EXP_XGBModel_Alpha158_csi300_custom_step0_s_20260318_13,9a2d8cf143214b13a3ea3426e5ccd771,,,
2026-03-18,SH600018,0.02697949856519699,EXP_XGBModel_Alpha158_csi300_custom_step0_s_20260318_13,9a2d8cf143214b13a3ea3426e5ccd771,,,
2026-03-18,SH600019,-0.0354604572057724,EXP_XGBModel_Alpha158_csi300_custom_step0_s_20260318_13,9a2d8cf143214b13a3ea3426e5ccd771,,,
2026-03-18,SH600023,0.020265858620405197,EXP_XGBModel_Alpha158_csi300_custom_step0_s_20260318_13,9a2d8cf143214b13a3ea3426e5ccd771,,,
2026-03-18,SH600025,0.023787343874573708,EXP_XGBModel_Alpha158_csi300_custom_step0_s_20260318_13,9a2d8cf143214b13a3ea3426e5ccd771,,,
2026-03-18,SH600026,-0.32437649369239807,EXP_XGBModel_Alpha158_csi300_custom_step0_s_20260318_13,9a2d8cf143214b13a3ea3426e5ccd771,,,
2026-03-18,SH600027,0.025509662926197052,EXP_XGBModel_Alpha158_csi300_custom_step0_s_20260318_13,9a2d8cf143214b13a3ea3426e5ccd771,,,
2026-03-18,SH600028,-0.08236128836870193,EXP_XGBModel_Alpha158_csi300_custom_step0_s_20260318_13,9a2d8cf143214b13a3ea3426e5ccd771,,,
2026-03-18,SH600029,0.12098008394241333,EXP_XGBModel_Alpha158_csi300_custom_step0_s_20260318_13,9a2d8cf143214b13a3ea3426e5ccd771,,,
2026-03-18,SH600030,-0.004842551425099373,EXP_XGBModel_Alpha158_csi300_custom_step0_s_20260318_13,9a2d8cf143214b13a3ea3426e5ccd771,,,
2026-03-18,SH600031,-0.0335189588367939,EXP_XGBModel_Alpha158_csi300_custom_step0_s_20260318_13,9a2d8cf143214b13a3ea3426e5ccd771,,,
2026-03-18,SH600036,0.01444866694509983,EXP_XGBModel_Alpha158_csi300_custom_step0_s_20260318_13,9a2d8cf143214b13a3ea3426e5ccd771,,,
2026-03-18,SH600016,0.018248440697789192,EXP_XGBModel_Alpha158_csi300_custom_step0_s_20260318_13,9a2d8cf143214b13a3ea3426e5ccd771,,,
2026-03-18,SH600039,-0.007209176197648048,EXP_XGBModel_Alpha158_csi300_custom_step0_s_20260318_13,9a2d8cf143214b13a3ea3426e5ccd771,,,
2026-03-18,SZ300803,0.04116134890916128,EXP_DEnsembleModel_Alpha158_csi300_custom_step0_s_20260318_14,9ed83e345dd34945b28693b70360d5e4,,,
2026-03-18,SZ300760,-0.04690372390808927,EXP_DEnsembleModel_Alpha158_csi300_custom_step0_s_20260318_14,9ed83e345dd34945b28693b70360d5e4,,,
2026-03-18,SZ300014,-0.08963508830122986,EXP_DEnsembleModel_Alpha158_csi300_custom_step0_s_20260318_14,9ed83e345dd34945b28693b70360d5e4,,,
2026-03-18,SZ300015,0.10279188329666503,EXP_DEnsembleModel_Alpha158_csi300_custom_step0_s_20260318_14,9ed83e345dd34945b28693b70360d5e4,,,
2026-03-18,SZ300033,-0.04056704506167402,EXP_DEnsembleModel_Alpha158_csi300_custom_step0_s_20260318_14,9ed83e345dd34945b28693b70360d5e4,,,
2026-03-18,SZ300059,-0.019859937189332842,EXP_DEnsembleModel_Alpha158_csi300_custom_step0_s_20260318_14,9ed83e345dd34945b28693b70360d5e4,,,
2026-03-18,SZ300122,0.026150177589173217,EXP_DEnsembleModel_Alpha158_csi300_custom_step0_s_20260318_14,9ed83e345dd34945b28693b70360d5e4,,,
2026-03-18,SZ300124,0.08285234639542875,EXP_DEnsembleModel_Alpha158_csi300_custom_step0_s_20260318_14,9ed83e345dd34945b28693b70360d5e4,,,
2026-03-18,SZ300251,0.00677698843746763,EXP_DEnsembleModel_Alpha158_csi300_custom_step0_s_20260318_14,9ed83e345dd34945b28693b70360d5e4,,,
2026-03-18,SZ300274,-0.0944599603447285,EXP_DEnsembleModel_Alpha158_csi300_custom_step0_s_20260318_14,9ed83e345dd34945b28693b70360d5e4,,,
2026-03-18,SZ300308,-0.03492594578248593,EXP_DEnsembleModel_Alpha158_csi300_custom_step0_s_20260318_14,9ed83e345dd34945b28693b70360d5e4,,,
2026-03-18,SZ300316,0.030940207826730418,EXP_DEnsembleModel_Alpha158_csi300_custom_step0_s_20260318_14,9ed83e345dd34945b28693b70360d5e4,,,
2026-03-18,SZ300347,0.10020061396773895,EXP_DEnsembleModel_Alpha158_csi300_custom_step0_s_20260318_14,9ed83e345dd34945b28693b70360d5e4,,,
2026-03-18,SZ300782,-0.07017112326764993,EXP_DEnsembleModel_Alpha158_csi300_custom_step0_s_20260318_14,9ed83e345dd34945b28693b70360d5e4,,,
2026-03-18,SZ300394,0.21403497527187593,EXP_DEnsembleModel_Alpha158_csi300_custom_step0_s_20260318_14,9ed83e345dd34945b28693b70360d5e4,,,
2026-03-18,SZ300413,-0.018055414483907337,EXP_DEnsembleModel_Alpha158_csi300_custom_step0_s_20260318_14,9ed83e345dd34945b28693b70360d5e4,,,
2026-03-18,SZ300418,0.0033526862315539662,EXP_DEnsembleModel_Alpha158_csi300_custom_step0_s_20260318_14,9ed83e345dd34945b28693b70360d5e4,,,
2026-03-18,SZ300433,-0.049887670278875286,EXP_DEnsembleModel_Alpha158_csi300_custom_step0_s_20260318_14,9ed83e345dd34945b28693b70360d5e4,,,
2026-03-18,SZ300442,0.010959322570980949,EXP_DEnsembleModel_Alpha158_csi300_custom_step0_s_20260318_14,9ed83e345dd34945b28693b70360d5e4,,,
2026-03-18,SZ300476,-0.11534420805927638,EXP_DEnsembleModel_Alpha158_csi300_custom_step0_s_20260318_14,9ed83e345dd34945b28693b70360d5e4,,,
2026-03-18,SZ300498,0.0060860295018609145,EXP_DEnsembleModel_Alpha158_csi300_custom_step0_s_20260318_14,9ed83e345dd34945b28693b70360d5e4,,,
2026-03-18,SZ300502,0.05916286903400015,EXP_DEnsembleModel_Alpha158_csi300_custom_step0_s_20260318_14,9ed83e345dd34945b28693b70360d5e4,,,
2026-03-18,SZ300628,-0.04530233189169063,EXP_DEnsembleModel_Alpha158_csi300_custom_step0_s_20260318_14,9ed83e345dd34945b28693b70360d5e4,,,
2026-03-18,SZ300661,-0.05769810087235818,EXP_DEnsembleModel_Alpha158_csi300_custom_step0_s_20260318_14,9ed83e345dd34945b28693b70360d5e4,,,
2026-03-18,SZ300750,-0.07187916481376659,EXP_DEnsembleModel_Alpha158_csi300_custom_step0_s_20260318_14,9ed83e345dd34945b28693b70360d5e4,,,
2026-03-18,SZ300759,-0.015615910133255575,EXP_DEnsembleModel_Alpha158_csi300_custom_step0_s_20260318_14,9ed83e345dd34945b28693b70360d5e4,,,
2026-03-18,SZ300408,-0.03702358687203337,EXP_DEnsembleModel_Alpha158_csi300_custom_step0_s_20260318_14,9ed83e345dd34945b28693b70360d5e4,,,
2026-03-18,SZ003816,0.08930212071162764,EXP_DEnsembleModel_Alpha158_csi300_custom_step0_s_20260318_14,9ed83e345dd34945b28693b70360d5e4,,,
2026-03-18,SH600048,-0.05866245925426483,EXP_XGBModel_Alpha158_csi300_custom_step0_s_20260318_13,9a2d8cf143214b13a3ea3426e5ccd771,,,
2026-03-18,SH600061,-0.008603028021752834,EXP_XGBModel_Alpha158_csi300_custom_step0_s_20260318_13,9a2d8cf143214b13a3ea3426e5ccd771,,,
2026-03-18,SH600489,-0.034555595368146896,EXP_XGBModel_Alpha158_csi300_custom_step0_s_20260318_13,9a2d8cf143214b13a3ea3426e5ccd771,,,
2026-03-18,SH600515,0.023983100429177284,EXP_XGBModel_Alpha158_csi300_custom_step0_s_20260318_13,9a2d8cf143214b13a3ea3426e5ccd771,,,
2026-03-18,SH600519,-0.04668327420949936,EXP_XGBModel_Alpha158_csi300_custom_step0_s_20260318_13,9a2d8cf143214b13a3ea3426e5ccd771,,,
2026-03-18,SH600522,0.32379093766212463,EXP_XGBModel_Alpha158_csi300_custom_step0_s_20260318_13,9a2d8cf143214b13a3ea3426e5ccd771,,,
2026-03-18,SH600547,-0.06371547281742096,EXP_XGBModel_Alpha158_csi300_custom_step0_s_20260318_13,9a2d8cf143214b13a3ea3426e5ccd771,,,
2026-03-18,SH600570,-0.028341468423604965,EXP_XGBModel_Alpha158_csi300_custom_step0_s_20260318_13,9a2d8cf143214b13a3ea3426e5ccd771,,,
2026-03-18,SH600584,-0.040339160710573196,EXP_XGBModel_Alpha158_csi300_custom_step0_s_20260318_13,9a2d8cf143214b13a3ea3426e5ccd771,,,
2026-03-18,SH600585,0.02381381019949913,EXP_XGBModel_Alpha158_csi300_custom_step0_s_20260318_13,9a2d8cf143214b13a3ea3426e5ccd771,,,
2026-03-18,SH600588,-0.0008340345229953527,EXP_XGBModel_Alpha158_csi300_custom_step0_s_20260318_13,9a2d8cf143214b13a3ea3426e5ccd771,,,
2026-03-18,SH600600,0.011674782261252403,EXP_XGBModel_Alpha158_csi300_custom_step0_s_20260318_13,9a2d8cf143214b13a3ea3426e5ccd771,,,
2026-03-18,SH600660,0.011151772923767567,EXP_XGBModel_Alpha158_csi300_custom_step0_s_20260318_13,9a2d8cf143214b13a3ea3426e5ccd771,,,
2026-03-18,SH600482,0.3145204484462738,EXP_XGBModel_Alpha158_csi300_custom_step0_s_20260318_13,9a2d8cf143214b13a3ea3426e5ccd771,,,
2026-03-18,SH600674,0.030060220509767532,EXP_XGBModel_Alpha158_csi300_custom_step0_s_20260318_13,9a2d8cf143214b13a3ea3426e5ccd771,,,
2026-03-18,SH600741,0.0046358187682926655,EXP_XGBModel_Alpha158_csi300_custom_step0_s_20260318_13,9a2d8cf143214b13a3ea3426e5ccd771,,,
2026-03-18,SH600760,-0.05018191784620285,EXP_XGBModel_Alpha158_csi300_custom_step0_s_20260318_13,9a2d8cf143214b13a3ea3426e5ccd771,,,
2026-03-18,SH600795,0.014601300470530987,EXP_XGBModel_Alpha158_csi300_custom_step0_s_20260318_13,9a2d8cf143214b13a3ea3426e5ccd771,,,
2026-03-18,SH600803,-0.045980751514434814,EXP_XGBModel_Alpha158_csi300_custom_step0_s_20260318_13,9a2d8cf143214b13a3ea3426e5ccd771,,,
2026-03-18,SH600809,-0.039439015090465546,EXP_XGBModel_Alpha158_csi300_custom_step0_s_20260318_13,9a2d8cf143214b13a3ea3426e5ccd771,,,
2026-03-18,SH600845,-0.07762041687965393,EXP_XGBModel_Alpha158_csi300_custom_step0_s_20260318_13,9a2d8cf143214b13a3ea3426e5ccd771,,,
2026-03-18,SH600875,0.1702675074338913,EXP_XGBModel_Alpha158_csi300_custom_step0_s_20260318_13,9a2d8cf143214b13a3ea3426e5ccd771,,,
2026-03-18,SH600886,-0.047556713223457336,EXP_XGBModel_Alpha158_csi300_custom_step0_s_20260318_13,9a2d8cf143214b13a3ea3426e5ccd771,,,
2026-03-18,SH600887,-0.0026312328409403563,EXP_XGBModel_Alpha158_csi300_custom_step0_s_20260318_13,9a2d8cf143214b13a3ea3426e5ccd771,,,
2026-03-18,SH600893,0.13782097399234772,EXP_XGBModel_Alpha158_csi300_custom_step0_s_20260318_13,9a2d8cf143214b13a3ea3426e5ccd771,,,
2026-03-18,SH600900,0.014524726197123528,EXP_XGBModel_Alpha158_csi300_custom_step0_s_20260318_13,9a2d8cf143214b13a3ea3426e5ccd771,,,
2026-03-18,SH600690,-0.0017433416796848178,EXP_XGBModel_Alpha158_csi300_custom_step0_s_20260318_13,9a2d8cf143214b13a3ea3426e5ccd771,,,
2026-03-18,SH600050,0.009242385625839233,EXP_XGBModel_Alpha158_csi300_custom_step0_s_20260318_13,9a2d8cf143214b13a3ea3426e5ccd771,,,
2026-03-18,SH600460,-0.008568551391363144,EXP_XGBModel_Alpha158_csi300_custom_step0_s_20260318_13,9a2d8cf143214b13a3ea3426e5ccd771,,,
2026-03-18,SH600436,-0.011291942559182644,EXP_XGBModel_Alpha158_csi300_custom_step0_s_20260318_13,9a2d8cf143214b13a3ea3426e5ccd771,,,
2026-03-18,SH600066,-0.002305647125467658,EXP_XGBModel_Alpha158_csi300_custom_step0_s_20260318_13,9a2d8cf143214b13a3ea3426e5ccd771,,,
2026-03-18,SH600085,-0.009208593517541885,EXP_XGBModel_Alpha158_csi300_custom_step0_s_20260318_13,9a2d8cf143214b13a3ea3426e5ccd771,,,
2026-03-18,SH600089,-0.04954337701201439,EXP_XGBModel_Alpha158_csi300_custom_step0_s_20260318_13,9a2d8cf143214b13a3ea3426e5ccd771,,,
2026-03-18,SH600104,-0.022056344896554947,EXP_XGBModel_Alpha158_csi300_custom_step0_s_20260318_13,9a2d8cf143214b13a3ea3426e5ccd771,,,
2026-03-18,SH600111,-0.077663853764534,EXP_XGBModel_Alpha158_csi300_custom_step0_s_20260318_13,9a2d8cf143214b13a3ea3426e5ccd771,,,
2026-03-18,SH600115,-0.008438777178525925,EXP_XGBModel_Alpha158_csi300_custom_step0_s_20260318_13,9a2d8cf143214b13a3ea3426e5ccd771,,,
2026-03-18,SH600150,0.019840355962514877,EXP_XGBModel_Alpha158_csi300_custom_step0_s_20260318_13,9a2d8cf143214b13a3ea3426e5ccd771,,,
2026-03-18,SH600160,-0.0363033264875412,EXP_XGBModel_Alpha158_csi300_custom_step0_s_20260318_13,9a2d8cf143214b13a3ea3426e5ccd771,,,
2026-03-18,SH600161,-0.0012857223628088832,EXP_XGBModel_Alpha158_csi300_custom_step0_s_20260318_13,9a2d8cf143214b13a3ea3426e5ccd771,,,
2026-03-18,SH600176,0.10978560149669647,EXP_XGBModel_Alpha158_csi300_custom_step0_s_20260318_13,9a2d8cf143214b13a3ea3426e5ccd771,,,
2026-03-18,SH600183,-0.0048454804345965385,EXP_XGBModel_Alpha158_csi300_custom_step0_s_20260318_13,9a2d8cf143214b13a3ea3426e5ccd771,,,
2026-03-18,SH600438,-0.007702043280005455,EXP_XGBModel_Alpha158_csi300_custom_step0_s_20260318_13,9a2d8cf143214b13a3ea3426e5ccd771,,,
2026-03-18,SH600188,0.5389947891235352,EXP_XGBModel_Alpha158_csi300_custom_step0_s_20260318_13,9a2d8cf143214b13a3ea3426e5ccd771,,,
2026-03-18,SH600219,-5.0020404160022736e-05,EXP_XGBModel_Alpha158_csi300_custom_step0_s_20260318_13,9a2d8cf143214b13a3ea3426e5ccd771,,,
2026-03-18,SH600233,0.0032164573203772306,EXP_XGBModel_Alpha158_csi300_custom_step0_s_20260318_13,9a2d8cf143214b13a3ea3426e5ccd771,,,
2026-03-18,SH600276,0.00012020816211588681,EXP_XGBModel_Alpha158_csi300_custom_step0_s_20260318_13,9a2d8cf143214b13a3ea3426e5ccd771,,,
2026-03-18,SH600309,-0.02337176725268364,EXP_XGBModel_Alpha158_csi300_custom_step0_s_20260318_13,9a2d8cf143214b13a3ea3426e5ccd771,,,
2026-03-18,SH600346,-0.060648709535598755,EXP_XGBModel_Alpha158_csi300_custom_step0_s_20260318_13,9a2d8cf143214b13a3ea3426e5ccd771,,,
2026-03-18,SH600362,0.22688427567481995,EXP_XGBModel_Alpha158_csi300_custom_step0_s_20260318_13,9a2d8cf143214b13a3ea3426e5ccd771,,,
2026-03-18,SH600372,-0.008172072470188141,EXP_XGBModel_Alpha158_csi300_custom_step0_s_20260318_13,9a2d8cf143214b13a3ea3426e5ccd771,,,
2026-03-18,SH600377,0.02110442705452442,EXP_XGBModel_Alpha158_csi300_custom_step0_s_20260318_13,9a2d8cf143214b13a3ea3426e5ccd771,,,
2026-03-18,SH600406,-0.04375291243195534,EXP_XGBModel_Alpha158_csi300_custom_step0_s_20260318_13,9a2d8cf143214b13a3ea3426e5ccd771,,,
2026-03-18,SH600415,0.06448763608932495,EXP_XGBModel_Alpha158_csi300_custom_step0_s_20260318_13,9a2d8cf143214b13a3ea3426e5ccd771,,,
2026-03-18,SH600426,-0.10381950438022614,EXP_XGBModel_Alpha158_csi300_custom_step0_s_20260318_13,9a2d8cf143214b13a3ea3426e5ccd771,,,
2026-03-18,SH600196,0.004128592554479837,EXP_XGBModel_Alpha158_csi300_custom_step0_s_20260318_13,9a2d8cf143214b13a3ea3426e5ccd771,,,
2026-03-18,SZ002938,-0.012899187987610307,EXP_DEnsembleModel_Alpha158_csi300_custom_step0_s_20260318_14,9ed83e345dd34945b28693b70360d5e4,,,
2026-03-18,SZ002920,0.0483923696491606,EXP_DEnsembleModel_Alpha158_csi300_custom_step0_s_20260318_14,9ed83e345dd34945b28693b70360d5e4,,,
2026-03-18,SZ002916,-0.06047805038650444,EXP_DEnsembleModel_Alpha158_csi300_custom_step0_s_20260318_14,9ed83e345dd34945b28693b70360d5e4,,,
2026-03-18,SH688169,-0.08242056344781269,EXP_DEnsembleModel_Alpha158_csi300_custom_step0_s_20260318_14,9ed83e345dd34945b28693b70360d5e4,,,
2026-03-18,SH688187,-0.028604101164028124,EXP_DEnsembleModel_Alpha158_csi300_custom_step0_s_20260318_14,9ed83e345dd34945b28693b70360d5e4,,,
2026-03-18,SH688223,0.19825906861573736,EXP_DEnsembleModel_Alpha158_csi300_custom_step0_s_20260318_14,9ed83e345dd34945b28693b70360d5e4,,,
2026-03-18,SH688256,-0.014733547388139001,EXP_DEnsembleModel_Alpha158_csi300_custom_step0_s_20260318_14,9ed83e345dd34945b28693b70360d5e4,,,
2026-03-18,SH688271,-0.08075943484693061,EXP_DEnsembleModel_Alpha158_csi300_custom_step0_s_20260318_14,9ed83e345dd34945b28693b70360d5e4,,,
2026-03-18,SH688303,-0.01558018860894006,EXP_DEnsembleModel_Alpha158_csi300_custom_step0_s_20260318_14,9ed83e345dd34945b28693b70360d5e4,,,
2026-03-18,SH688396,0.11757436780016858,EXP_DEnsembleModel_Alpha158_csi300_custom_step0_s_20260318_14,9ed83e345dd34945b28693b70360d5e4,,,
2026-03-18,SH688472,-0.05376608147018299,EXP_DEnsembleModel_Alpha158_csi300_custom_step0_s_20260318_14,9ed83e345dd34945b28693b70360d5e4,,,
2026-03-18,SH688506,-0.0679697405205628,EXP_DEnsembleModel_Alpha158_csi300_custom_step0_s_20260318_14,9ed83e345dd34945b28693b70360d5e4,,,
2026-03-18,SH688981,0.05593884056144457,EXP_DEnsembleModel_Alpha158_csi300_custom_step0_s_20260318_14,9ed83e345dd34945b28693b70360d5e4,,,
2026-03-18,SZ000001,0.025709430251677302,EXP_DEnsembleModel_Alpha158_csi300_custom_step0_s_20260318_14,9ed83e345dd34945b28693b70360d5e4,,,
2026-03-18,SH688126,-0.03710483727794277,EXP_DEnsembleModel_Alpha158_csi300_custom_step0_s_20260318_14,9ed83e345dd34945b28693b70360d5e4,,,
2026-03-18,SZ000002,-0.021799514218834474,EXP_DEnsembleModel_Alpha158_csi300_custom_step0_s_20260318_14,9ed83e345dd34945b28693b70360d5e4,,,
2026-03-18,SZ000100,-0.05118708284901824,EXP_DEnsembleModel_Alpha158_csi300_custom_step0_s_20260318_14,9ed83e345dd34945b28693b70360d5e4,,,
2026-03-18,SZ000157,0.009445188059452018,EXP_DEnsembleModel_Alpha158_csi300_custom_step0_s_20260318_14,9ed83e345dd34945b28693b70360d5e4,,,
2026-03-18,SZ000166,0.043562699291961084,EXP_DEnsembleModel_Alpha158_csi300_custom_step0_s_20260318_14,9ed83e345dd34945b28693b70360d5e4,,,
2026-03-18,SZ000301,-0.07531730081586761,EXP_DEnsembleModel_Alpha158_csi300_custom_step0_s_20260318_14,9ed83e345dd34945b28693b70360d5e4,,,
2026-03-18,SZ000333,0.06338555894660351,EXP_DEnsembleModel_Alpha158_csi300_custom_step0_s_20260318_14,9ed83e345dd34945b28693b70360d5e4,,,
2026-03-18,SZ000338,-0.17630998251634913,EXP_DEnsembleModel_Alpha158_csi300_custom_step0_s_20260318_14,9ed83e345dd34945b28693b70360d5e4,,,
2026-03-18,SZ000408,-0.07941881274067601,EXP_DEnsembleModel_Alpha158_csi300_custom_step0_s_20260318_14,9ed83e345dd34945b28693b70360d5e4,,,
2026-03-18,SZ000425,0.006576356116667146,EXP_DEnsembleModel_Alpha158_csi300_custom_step0_s_20260318_14,9ed83e345dd34945b28693b70360d5e4,,,
2026-03-18,SZ000538,0.12114266416598624,EXP_DEnsembleModel_Alpha158_csi300_custom_step0_s_20260318_14,9ed83e345dd34945b28693b70360d5e4,,,
2026-03-18,SZ000568,0.05591902317148525,EXP_DEnsembleModel_Alpha158_csi300_custom_step0_s_20260318_14,9ed83e345dd34945b28693b70360d5e4,,,
2026-03-18,SZ000596,0.08027357896848826,EXP_DEnsembleModel_Alpha158_csi300_custom_step0_s_20260318_14,9ed83e345dd34945b28693b70360d5e4,,,
2026-03-18,SZ000063,-0.04765226745047612,EXP_DEnsembleModel_Alpha158_csi300_custom_step0_s_20260318_14,9ed83e345dd34945b28693b70360d5e4,,,
2026-03-18,SZ000617,-0.16112258193249307,EXP_DEnsembleModel_Alpha158_csi300_custom_step0_s_20260318_14,9ed83e345dd34945b28693b70360d5e4,,,
2026-03-18,SH688111,0.045676618238290514,EXP_DEnsembleModel_Alpha158_csi300_custom_step0_s_20260318_14,9ed83e345dd34945b28693b70360d5e4,,,
2026-03-18,SH688047,-0.012984253046095967,EXP_DEnsembleModel_Alpha158_csi300_custom_step0_s_20260318_14,9ed83e345dd34945b28693b70360d5e4,,,
2026-03-18,SH601985,0.053623930527138555,EXP_DEnsembleModel_Alpha158_csi300_custom_step0_s_20260318_14,9ed83e345dd34945b28693b70360d5e4,,,
2026-03-18,SH601988,0.05748330046954642,EXP_DEnsembleModel_Alpha158_csi300_custom_step0_s_20260318_14,9ed83e345dd34945b28693b70360d5e4,,,
2026-03-18,SH601995,0.023782214314781433,EXP_DEnsembleModel_Alpha158_csi300_custom_step0_s_20260318_14,9ed83e345dd34945b28693b70360d5e4,,,
2026-03-18,SH601998,-0.09891737927504941,EXP_DEnsembleModel_Alpha158_csi300_custom_step0_s_20260318_14,9ed83e345dd34945b28693b70360d5e4,,,
2026-03-18,SH603019,-0.06805026728002536,EXP_DEnsembleModel_Alpha158_csi300_custom_step0_s_20260318_14,9ed83e345dd34945b28693b70360d5e4,,,
2026-03-18,SH603195,0.04747597248102175,EXP_DEnsembleModel_Alpha158_csi300_custom_step0_s_20260318_14,9ed83e345dd34945b28693b70360d5e4,,,
2026-03-18,SH603259,0.04448214639218541,EXP_DEnsembleModel_Alpha158_csi300_custom_step0_s_20260318_14,9ed83e345dd34945b28693b70360d5e4,,,
2026-03-18,SH603260,-0.037096849451692886,EXP_DEnsembleModel_Alpha158_csi300_custom_step0_s_20260318_14,9ed83e345dd34945b28693b70360d5e4,,,
2026-03-18,SH603288,-0.0012226761059202158,EXP_DEnsembleModel_Alpha158_csi300_custom_step0_s_20260318_14,9ed83e345dd34945b28693b70360d5e4,,,
2026-03-18,SH603296,-0.07876300535410495,EXP_DEnsembleModel_Alpha158_csi300_custom_step0_s_20260318_14,9ed83e345dd34945b28693b70360d5e4,,,
2026-03-18,SH603369,0.004306277664877741,EXP_DEnsembleModel_Alpha158_csi300_custom_step0_s_20260318_14,9ed83e345dd34945b28693b70360d5e4,,,
2026-03-18,SH688082,-0.00456429335197774,EXP_DEnsembleModel_Alpha158_csi300_custom_step0_s_20260318_14,9ed83e345dd34945b28693b70360d5e4,,,
2026-03-18,SH603392,-0.005226041382650175,EXP_DEnsembleModel_Alpha158_csi300_custom_step0_s_20260318_14,9ed83e345dd34945b28693b70360d5e4,,,
2026-03-18,SH603799,0.22098733106535198,EXP_DEnsembleModel_Alpha158_csi300_custom_step0_s_20260318_14,9ed83e345dd34945b28693b70360d5e4,,,
2026-03-18,SH603893,-0.08261295783158555,EXP_DEnsembleModel_Alpha158_csi300_custom_step0_s_20260318_14,9ed83e345dd34945b28693b70360d5e4,,,
2026-03-18,SH603986,-0.14312907015104642,EXP_DEnsembleModel_Alpha158_csi300_custom_step0_s_20260318_14,9ed83e345dd34945b28693b70360d5e4,,,
2026-03-18,SH603993,0.22825652630512142,EXP_DEnsembleModel_Alpha158_csi300_custom_step0_s_20260318_14,9ed83e345dd34945b28693b70360d5e4,,,
2026-03-18,SH605117,-0.016076412411864673,EXP_DEnsembleModel_Alpha158_csi300_custom_step0_s_20260318_14,9ed83e345dd34945b28693b70360d5e4,,,
2026-03-18,SH605499,0.057120781284908155,EXP_DEnsembleModel_Alpha158_csi300_custom_step0_s_20260318_14,9ed83e345dd34945b28693b70360d5e4,,,
2026-03-18,SH688008,-0.08422935759109493,EXP_DEnsembleModel_Alpha158_csi300_custom_step0_s_20260318_14,9ed83e345dd34945b28693b70360d5e4,,,
2026-03-18,SH688009,-0.0060399713628798216,EXP_DEnsembleModel_Alpha158_csi300_custom_step0_s_20260318_14,9ed83e345dd34945b28693b70360d5e4,,,
2026-03-18,SH688012,-0.14829291947149947,EXP_DEnsembleModel_Alpha158_csi300_custom_step0_s_20260318_14,9ed83e345dd34945b28693b70360d5e4,,,
2026-03-18,SH688036,-0.028183440429716065,EXP_DEnsembleModel_Alpha158_csi300_custom_step0_s_20260318_14,9ed83e345dd34945b28693b70360d5e4,,,
2026-03-18,SH688041,-0.029838850109923484,EXP_DEnsembleModel_Alpha158_csi300_custom_step0_s_20260318_14,9ed83e345dd34945b28693b70360d5e4,,,
2026-03-18,SH603501,-0.028241360157367387,EXP_DEnsembleModel_Alpha158_csi300_custom_step0_s_20260318_14,9ed83e345dd34945b28693b70360d5e4,,,
2026-03-18,SZ000625,-0.025549695620399444,EXP_DEnsembleModel_Alpha158_csi300_custom_step0_s_20260318_14,9ed83e345dd34945b28693b70360d5e4,,,
2026-03-18,SZ000630,0.07096586089014036,EXP_DEnsembleModel_Alpha158_csi300_custom_step0_s_20260318_14,9ed83e345dd34945b28693b70360d5e4,,,
2026-03-18,SZ000651,0.048807406806716684,EXP_DEnsembleModel_Alpha158_csi300_custom_step0_s_20260318_14,9ed83e345dd34945b28693b70360d5e4,,,
2026-03-18,SZ002236,0.004947667642084792,EXP_DEnsembleModel_Alpha158_csi300_custom_step0_s_20260318_14,9ed83e345dd34945b28693b70360d5e4,,,
2026-03-18,SZ002241,0.07077485777611732,EXP_DEnsembleModel_Alpha158_csi300_custom_step0_s_20260318_14,9ed83e345dd34945b28693b70360d5e4,,,
2026-03-18,SZ002252,-0.05089997022920568,EXP_DEnsembleModel_Alpha158_csi300_custom_step0_s_20260318_14,9ed83e345dd34945b28693b70360d5e4,,,
2026-03-18,SZ002304,0.062337544378679305,EXP_DEnsembleModel_Alpha158_csi300_custom_step0_s_20260318_14,9ed83e345dd34945b28693b70360d5e4,,,
2026-03-18,SZ002311,-0.040525576496025104,EXP_DEnsembleModel_Alpha158_csi300_custom_step0_s_20260318_14,9ed83e345dd34945b28693b70360d5e4,,,
2026-03-18,SZ002352,0.009750132240149529,EXP_DEnsembleModel_Alpha158_csi300_custom_step0_s_20260318_14,9ed83e345dd34945b28693b70360d5e4,,,
2026-03-18,SZ002371,-0.11375943484823833,EXP_DEnsembleModel_Alpha158_csi300_custom_step0_s_20260318_14,9ed83e345dd34945b28693b70360d5e4,,,
2026-03-18,SZ002384,-0.007716472808211861,EXP_DEnsembleModel_Alpha158_csi300_custom_step0_s_20260318_14,9ed83e345dd34945b28693b70360d5e4,,,
2026-03-18,SZ002415,0.028593436641186944,EXP_DEnsembleModel_Alpha158_csi300_custom_step0_s_20260318_14,9ed83e345dd34945b28693b70360d5e4,,,
2026-03-18,SZ002422,-0.005413900790595098,EXP_DEnsembleModel_Alpha158_csi300_custom_step0_s_20260318_14,9ed83e345dd34945b28693b70360d5e4,,,
2026-03-18,SZ002459,-0.021524890297001303,EXP_DEnsembleModel_Alpha158_csi300_custom_step0_s_20260318_14,9ed83e345dd34945b28693b70360d5e4,,,
2026-03-18,SZ002230,0.011779957542879993,EXP_DEnsembleModel_Alpha158_csi300_custom_step0_s_20260318_14,9ed83e345dd34945b28693b70360d5e4,,,
2026-03-18,SZ002460,-0.1208618223327297,EXP_DEnsembleModel_Alpha158_csi300_custom_step0_s_20260318_14,9ed83e345dd34945b28693b70360d5e4,,,
2026-03-18,SZ002466,-0.06615373673837406,EXP_DEnsembleModel_Alpha158_csi300_custom_step0_s_20260318_14,9ed83e345dd34945b28693b70360d5e4,,,
2026-03-18,SZ002475,-0.061091806869945725,EXP_DEnsembleModel_Alpha158_csi300_custom_step0_s_20260318_14,9ed83e345dd34945b28693b70360d5e4,,,
2026-03-18,SZ002493,0.19285657041767434,EXP_DEnsembleModel_Alpha158_csi300_custom_step0_s_20260318_14,9ed83e345dd34945b28693b70360d5e4,,,
2026-03-18,SZ002594,-0.11277003620943096,EXP_DEnsembleModel_Alpha158_csi300_custom_step0_s_20260318_14,9ed83e345dd34945b28693b70360d5e4,,,
2026-03-18,SZ002600,0.024833076387583353,EXP_DEnsembleModel_Alpha158_csi300_custom_step0_s_20260318_14,9ed83e345dd34945b28693b70360d5e4,,,
2026-03-18,SZ002601,-0.014939516672164166,EXP_DEnsembleModel_Alpha158_csi300_custom_step0_s_20260318_14,9ed83e345dd34945b28693b70360d5e4,,,
2026-03-18,SZ002625,-0.13854250059974219,EXP_DEnsembleModel_Alpha158_csi300_custom_step0_s_20260318_14,9ed83e345dd34945b28693b70360d5e4,,,
2026-03-18,SZ002648,0.05527683056613648,EXP_DEnsembleModel_Alpha158_csi300_custom_step0_s_20260318_14,9ed83e345dd34945b28693b70360d5e4,,,
2026-03-18,SZ002709,0.021674234613210778,EXP_DEnsembleModel_Alpha158_csi300_custom_step0_s_20260318_14,9ed83e345dd34945b28693b70360d5e4,,,
2026-03-18,SZ002714,-0.045838739266619986,EXP_DEnsembleModel_Alpha158_csi300_custom_step0_s_20260318_14,9ed83e345dd34945b28693b70360d5e4,,,
2026-03-18,SZ002736,-0.04324051444117114,EXP_DEnsembleModel_Alpha158_csi300_custom_step0_s_20260318_14,9ed83e345dd34945b28693b70360d5e4,,,
2026-03-18,SZ002463,0.02163970830986858,EXP_DEnsembleModel_Alpha158_csi300_custom_step0_s_20260318_14,9ed83e345dd34945b28693b70360d5e4,,,
2026-03-18,SZ002179,-0.03849389514443728,EXP_DEnsembleModel_Alpha158_csi300_custom_step0_s_20260318_14,9ed83e345dd34945b28693b70360d5e4,,,
2026-03-18,SZ002142,0.02756786397470905,EXP_DEnsembleModel_Alpha158_csi300_custom_step0_s_20260318_14,9ed83e345dd34945b28693b70360d5e4,,,
2026-03-18,SZ002074,-0.02376616625644731,EXP_DEnsembleModel_Alpha158_csi300_custom_step0_s_20260318_14,9ed83e345dd34945b28693b70360d5e4,,,
2026-03-18,SZ000661,-0.04322222551988191,EXP_DEnsembleModel_Alpha158_csi300_custom_step0_s_20260318_14,9ed83e345dd34945b28693b70360d5e4,,,
2026-03-18,SZ000708,-0.0041830491780598346,EXP_DEnsembleModel_Alpha158_csi300_custom_step0_s_20260318_14,9ed83e345dd34945b28693b70360d5e4,,,
2026-03-18,SZ000725,-0.07100365835179229,EXP_DEnsembleModel_Alpha158_csi300_custom_step0_s_20260318_14,9ed83e345dd34945b28693b70360d5e4,,,
2026-03-18,SZ000768,-0.04283413997986072,EXP_DEnsembleModel_Alpha158_csi300_custom_step0_s_20260318_14,9ed83e345dd34945b28693b70360d5e4,,,
2026-03-18,SZ000776,-0.007947908799395156,EXP_DEnsembleModel_Alpha158_csi300_custom_step0_s_20260318_14,9ed83e345dd34945b28693b70360d5e4,,,
2026-03-18,SZ000786,0.01851422701886925,EXP_DEnsembleModel_Alpha158_csi300_custom_step0_s_20260318_14,9ed83e345dd34945b28693b70360d5e4,,,
2026-03-18,SZ000792,0.0217799275696826,EXP_DEnsembleModel_Alpha158_csi300_custom_step0_s_20260318_14,9ed83e345dd34945b28693b70360d5e4,,,
2026-03-18,SZ000807,0.061722017114785595,EXP_DEnsembleModel_Alpha158_csi300_custom_step0_s_20260318_14,9ed83e345dd34945b28693b70360d5e4,,,
2026-03-18,SZ000858,0.016260617429706307,EXP_DEnsembleModel_Alpha158_csi300_custom_step0_s_20260318_14,9ed83e345dd34945b28693b70360d5e4,,,
2026-03-18,SZ000876,0.01981526931903303,EXP_DEnsembleModel_Alpha158_csi300_custom_step0_s_20260318_14,9ed83e345dd34945b28693b70360d5e4,,,
2026-03-18,SZ000895,0.08190736310365776,EXP_DEnsembleModel_Alpha158_csi300_custom_step0_s_20260318_14,9ed83e345dd34945b28693b70360d5e4,,,
2026-03-18,SZ000938,-0.019698727036557617,EXP_DEnsembleModel_Alpha158_csi300_custom_step0_s_20260318_14,9ed83e345dd34945b28693b70360d5e4,,,
2026-03-18,SZ000963,0.031687656550721637,EXP_DEnsembleModel_Alpha158_csi300_custom_step0_s_20260318_14,9ed83e345dd34945b28693b70360d5e4,,,
2026-03-18,SZ000975,-0.026555730420595686,EXP_DEnsembleModel_Alpha158_csi300_custom_step0_s_20260318_14,9ed83e345dd34945b28693b70360d5e4,,,
2026-03-18,SZ000977,-0.010905444555752415,EXP_DEnsembleModel_Alpha158_csi300_custom_step0_s_20260318_14,9ed83e345dd34945b28693b70360d5e4,,,
2026-03-18,SZ000983,-0.004003433124873322,EXP_DEnsembleModel_Alpha158_csi300_custom_step0_s_20260318_14,9ed83e345dd34945b28693b70360d5e4,,,
2026-03-18,SZ000999,0.05800433263669141,EXP_DEnsembleModel_Alpha158_csi300_custom_step0_s_20260318_14,9ed83e345dd34945b28693b70360d5e4,,,
2026-03-18,SZ001391,-0.03842935995994475,EXP_DEnsembleModel_Alpha158_csi300_custom_step0_s_20260318_14,9ed83e345dd34945b28693b70360d5e4,,,
2026-03-18,SZ001965,0.05492610279957817,EXP_DEnsembleModel_Alpha158_csi300_custom_step0_s_20260318_14,9ed83e345dd34945b28693b70360d5e4,,,
2026-03-18,SZ001979,0.0833429370301926,EXP_DEnsembleModel_Alpha158_csi300_custom_step0_s_20260318_14,9ed83e345dd34945b28693b70360d5e4,,,
2026-03-18,SZ002001,0.3463652179153198,EXP_DEnsembleModel_Alpha158_csi300_custom_step0_s_20260318_14,9ed83e345dd34945b28693b70360d5e4,,,
2026-03-18,SZ002027,0.011430844026435284,EXP_DEnsembleModel_Alpha158_csi300_custom_step0_s_20260318_14,9ed83e345dd34945b28693b70360d5e4,,,
2026-03-18,SZ002028,-0.15940661801066125,EXP_DEnsembleModel_Alpha158_csi300_custom_step0_s_20260318_14,9ed83e345dd34945b28693b70360d5e4,,,
2026-03-18,SZ002049,-0.0706783753683052,EXP_DEnsembleModel_Alpha158_csi300_custom_step0_s_20260318_14,9ed83e345dd34945b28693b70360d5e4,,,
2026-03-18,SZ002050,-0.024829913625889925,EXP_DEnsembleModel_Alpha158_csi300_custom_step0_s_20260318_14,9ed83e345dd34945b28693b70360d5e4,,,
2026-03-18,SH600905,-0.017756003886461258,EXP_XGBModel_Alpha158_csi300_custom_step0_s_20260318_13,9a2d8cf143214b13a3ea3426e5ccd771,,,
2026-03-18,SH601939,0.12208178234068173,EXP_DEnsembleModel_Alpha158_csi300_custom_step0_s_20260318_14,9ed83e345dd34945b28693b70360d5e4,,,
2026-03-18,SH600918,0.010572819039225578,EXP_XGBModel_Alpha158_csi300_custom_step0_s_20260318_13,9a2d8cf143214b13a3ea3426e5ccd771,,,
2026-03-18,SH600926,0.01844046078622341,EXP_XGBModel_Alpha158_csi300_custom_step0_s_20260318_13,9a2d8cf143214b13a3ea3426e5ccd771,,,
2026-03-18,SZ000895,0.007400101516395807,EXP_XGBModel_Alpha158_csi300_custom_step0_s_20260318_13,9a2d8cf143214b13a3ea3426e5ccd771,,,
2026-03-18,SZ000938,-0.11947629600763321,EXP_XGBModel_Alpha158_csi300_custom_step0_s_20260318_13,9a2d8cf143214b13a3ea3426e5ccd771,,,
2026-03-18,SZ000963,-0.01031863410025835,EXP_XGBModel_Alpha158_csi300_custom_step0_s_20260318_13,9a2d8cf143214b13a3ea3426e5ccd771,,,
2026-03-18,SZ000975,-0.0033309494610875845,EXP_XGBModel_Alpha158_csi300_custom_step0_s_20260318_13,9a2d8cf143214b13a3ea3426e5ccd771,,,
2026-03-18,SZ000977,-0.06881074607372284,EXP_XGBModel_Alpha158_csi300_custom_step0_s_20260318_13,9a2d8cf143214b13a3ea3426e5ccd771,,,
2026-03-18,SZ000983,0.005728314630687237,EXP_XGBModel_Alpha158_csi300_custom_step0_s_20260318_13,9a2d8cf143214b13a3ea3426e5ccd771,,,
2026-03-18,SZ000999,0.006913867313414812,EXP_XGBModel_Alpha158_csi300_custom_step0_s_20260318_13,9a2d8cf143214b13a3ea3426e5ccd771,,,
2026-03-18,SZ001391,-0.028709642589092255,EXP_XGBModel_Alpha158_csi300_custom_step0_s_20260318_13,9a2d8cf143214b13a3ea3426e5ccd771,,,
2026-03-18,SZ001965,-0.0026003075763583183,EXP_XGBModel_Alpha158_csi300_custom_step0_s_20260318_13,9a2d8cf143214b13a3ea3426e5ccd771,,,
2026-03-18,SZ001979,-0.06560143083333969,EXP_XGBModel_Alpha158_csi300_custom_step0_s_20260318_13,9a2d8cf143214b13a3ea3426e5ccd771,,,
2026-03-18,SZ002001,0.21662360429763794,EXP_XGBModel_Alpha158_csi300_custom_step0_s_20260318_13,9a2d8cf143214b13a3ea3426e5ccd771,,,
2026-03-18,SZ000876,-0.011881936341524124,EXP_XGBModel_Alpha158_csi300_custom_step0_s_20260318_13,9a2d8cf143214b13a3ea3426e5ccd771,,,
2026-03-18,SZ002027,0.02034572884440422,EXP_XGBModel_Alpha158_csi300_custom_step0_s_20260318_13,9a2d8cf143214b13a3ea3426e5ccd771,,,
2026-03-18,SZ002049,0.0018421716522425413,EXP_XGBModel_Alpha158_csi300_custom_step0_s_20260318_13,9a2d8cf143214b13a3ea3426e5ccd771,,,
2026-03-18,SZ002050,-0.003397059626877308,EXP_XGBModel_Alpha158_csi300_custom_step0_s_20260318_13,9a2d8cf143214b13a3ea3426e5ccd771,,,
2026-03-18,SZ002074,-0.018051451072096825,EXP_XGBModel_Alpha158_csi300_custom_step0_s_20260318_13,9a2d8cf143214b13a3ea3426e5ccd771,,,
2026-03-18,SZ002142,-0.003780857427045703,EXP_XGBModel_Alpha158_csi300_custom_step0_s_20260318_13,9a2d8cf143214b13a3ea3426e5ccd771,,,
2026-03-18,SZ002179,-0.008918375708162785,EXP_XGBModel_Alpha158_csi300_custom_step0_s_20260318_13,9a2d8cf143214b13a3ea3426e5ccd771,,,
2026-03-18,SZ002230,-0.02738090232014656,EXP_XGBModel_Alpha158_csi300_custom_step0_s_20260318_13,9a2d8cf143214b13a3ea3426e5ccd771,,,
2026-03-18,SZ002236,-0.015072687529027462,EXP_XGBModel_Alpha158_csi300_custom_step0_s_20260318_13,9a2d8cf143214b13a3ea3426e5ccd771,,,
2026-03-18,SZ002241,0.0041118161752820015,EXP_XGBModel_Alpha158_csi300_custom_step0_s_20260318_13,9a2d8cf143214b13a3ea3426e5ccd771,,,
2026-03-18,SZ002252,0.0027312706224620342,EXP_XGBModel_Alpha158_csi300_custom_step0_s_20260318_13,9a2d8cf143214b13a3ea3426e5ccd771,,,
2026-03-18,SZ002304,-0.011334501206874847,EXP_XGBModel_Alpha158_csi300_custom_step0_s_20260318_13,9a2d8cf143214b13a3ea3426e5ccd771,,,
2026-03-18,SZ002311,0.012508410029113293,EXP_XGBModel_Alpha158_csi300_custom_step0_s_20260318_13,9a2d8cf143214b13a3ea3426e5ccd771,,,
2026-03-18,SZ002028,0.04075971990823746,EXP_XGBModel_Alpha158_csi300_custom_step0_s_20260318_13,9a2d8cf143214b13a3ea3426e5ccd771,,,
2026-03-18,SZ002352,-0.004834082908928394,EXP_XGBModel_Alpha158_csi300_custom_step0_s_20260318_13,9a2d8cf143214b13a3ea3426e5ccd771,,,
2026-03-18,SZ000858,-0.0007374676060862839,EXP_XGBModel_Alpha158_csi300_custom_step0_s_20260318_13,9a2d8cf143214b13a3ea3426e5ccd771,,,
2026-03-18,SZ000792,-0.032790299504995346,EXP_XGBModel_Alpha158_csi300_custom_step0_s_20260318_13,9a2d8cf143214b13a3ea3426e5ccd771,,,
2026-03-18,SZ000001,-0.015153104439377785,EXP_XGBModel_Alpha158_csi300_custom_step0_s_20260318_13,9a2d8cf143214b13a3ea3426e5ccd771,,,
2026-03-18,SZ000002,-0.054838746786117554,EXP_XGBModel_Alpha158_csi300_custom_step0_s_20260318_13,9a2d8cf143214b13a3ea3426e5ccd771,,,
2026-03-18,SZ000063,0.0010764015605673194,EXP_XGBModel_Alpha158_csi300_custom_step0_s_20260318_13,9a2d8cf143214b13a3ea3426e5ccd771,,,
2026-03-18,SZ000100,-0.029403340071439743,EXP_XGBModel_Alpha158_csi300_custom_step0_s_20260318_13,9a2d8cf143214b13a3ea3426e5ccd771,,,
2026-03-18,SZ000157,-0.0011903094127774239,EXP_XGBModel_Alpha158_csi300_custom_step0_s_20260318_13,9a2d8cf143214b13a3ea3426e5ccd771,,,
2026-03-18,SZ000166,0.006258530076593161,EXP_XGBModel_Alpha158_csi300_custom_step0_s_20260318_13,9a2d8cf143214b13a3ea3426e5ccd771,,,
2026-03-18,SZ000301,-0.08051323890686035,EXP_XGBModel_Alpha158_csi300_custom_step0_s_20260318_13,9a2d8cf143214b13a3ea3426e5ccd771,,,
2026-03-18,SZ000333,0.013262628577649593,EXP_XGBModel_Alpha158_csi300_custom_step0_s_20260318_13,9a2d8cf143214b13a3ea3426e5ccd771,,,
2026-03-18,SZ000338,0.21904973685741425,EXP_XGBModel_Alpha158_csi300_custom_step0_s_20260318_13,9a2d8cf143214b13a3ea3426e5ccd771,,,
2026-03-18,SZ000408,-0.0766092985868454,EXP_XGBModel_Alpha158_csi300_custom_step0_s_20260318_13,9a2d8cf143214b13a3ea3426e5ccd771,,,
2026-03-18,SZ000425,-0.020122170448303223,EXP_XGBModel_Alpha158_csi300_custom_step0_s_20260318_13,9a2d8cf143214b13a3ea3426e5ccd771,,,
2026-03-18,SZ000807,-0.04681617394089699,EXP_XGBModel_Alpha158_csi300_custom_step0_s_20260318_13,9a2d8cf143214b13a3ea3426e5ccd771,,,
2026-03-18,SZ000538,0.008255387656390667,EXP_XGBModel_Alpha158_csi300_custom_step0_s_20260318_13,9a2d8cf143214b13a3ea3426e5ccd771,,,
2026-03-18,SZ000596,0.014126347377896309,EXP_XGBModel_Alpha158_csi300_custom_step0_s_20260318_13,9a2d8cf143214b13a3ea3426e5ccd771,,,
2026-03-18,SZ000617,-0.076370470225811,EXP_XGBModel_Alpha158_csi300_custom_step0_s_20260318_13,9a2d8cf143214b13a3ea3426e5ccd771,,,
2026-03-18,SZ000625,-0.027257680892944336,EXP_XGBModel_Alpha158_csi300_custom_step0_s_20260318_13,9a2d8cf143214b13a3ea3426e5ccd771,,,
2026-03-18,SZ000630,0.017616838216781616,EXP_XGBModel_Alpha158_csi300_custom_step0_s_20260318_13,9a2d8cf143214b13a3ea3426e5ccd771,,,
2026-03-18,SZ000651,-0.0092189135029912,EXP_XGBModel_Alpha158_csi300_custom_step0_s_20260318_13,9a2d8cf143214b13a3ea3426e5ccd771,,,
2026-03-18,SZ000661,-0.01820925436913967,EXP_XGBModel_Alpha158_csi300_custom_step0_s_20260318_13,9a2d8cf143214b13a3ea3426e5ccd771,,,
2026-03-18,SZ000708,0.0014879080699756742,EXP_XGBModel_Alpha158_csi300_custom_step0_s_20260318_13,9a2d8cf143214b13a3ea3426e5ccd771,,,
2026-03-18,SZ000725,-0.016721077263355255,EXP_XGBModel_Alpha158_csi300_custom_step0_s_20260318_13,9a2d8cf143214b13a3ea3426e5ccd771,,,
2026-03-18,SZ000768,-0.001967603573575616,EXP_XGBModel_Alpha158_csi300_custom_step0_s_20260318_13,9a2d8cf143214b13a3ea3426e5ccd771,,,
2026-03-18,SZ000776,-0.025043070316314697,EXP_XGBModel_Alpha158_csi300_custom_step0_s_20260318_13,9a2d8cf143214b13a3ea3426e5ccd771,,,
2026-03-18,SZ000786,0.0019546907860785723,EXP_XGBModel_Alpha158_csi300_custom_step0_s_20260318_13,9a2d8cf143214b13a3ea3426e5ccd771,,,
2026-03-18,SZ000568,-0.020276498049497604,EXP_XGBModel_Alpha158_csi300_custom_step0_s_20260318_13,9a2d8cf143214b13a3ea3426e5ccd771,,,
2026-03-18,SH688981,0.006663710810244083,EXP_XGBModel_Alpha158_csi300_custom_step0_s_20260318_13,9a2d8cf143214b13a3ea3426e5ccd771,,,
2026-03-18,SZ002371,0.007348364684730768,EXP_XGBModel_Alpha158_csi300_custom_step0_s_20260318_13,9a2d8cf143214b13a3ea3426e5ccd771,,,
2026-03-18,SZ002415,0.0023303513880819082,EXP_XGBModel_Alpha158_csi300_custom_step0_s_20260318_13,9a2d8cf143214b13a3ea3426e5ccd771,,,
2026-03-18,SZ300316,0.09180936962366104,EXP_XGBModel_Alpha158_csi300_custom_step0_s_20260318_13,9a2d8cf143214b13a3ea3426e5ccd771,,,
2026-03-18,SZ300347,-0.042504217475652695,EXP_XGBModel_Alpha158_csi300_custom_step0_s_20260318_13,9a2d8cf143214b13a3ea3426e5ccd771,,,
2026-03-18,SZ300394,0.8504956364631653,EXP_XGBModel_Alpha158_csi300_custom_step0_s_20260318_13,9a2d8cf143214b13a3ea3426e5ccd771,,,
2026-03-18,SZ300408,0.0023780122864991426,EXP_XGBModel_Alpha158_csi300_custom_step0_s_20260318_13,9a2d8cf143214b13a3ea3426e5ccd771,,,
2026-03-18,SZ300413,-0.042207952588796616,EXP_XGBModel_Alpha158_csi300_custom_step0_s_20260318_13,9a2d8cf143214b13a3ea3426e5ccd771,,,
2026-03-18,SZ300418,-0.0457509383559227,EXP_XGBModel_Alpha158_csi300_custom_step0_s_20260318_13,9a2d8cf143214b13a3ea3426e5ccd771,,,
2026-03-18,SZ300433,0.027874568477272987,EXP_XGBModel_Alpha158_csi300_custom_step0_s_20260318_13,9a2d8cf143214b13a3ea3426e5ccd771,,,
2026-03-18,SZ300442,-0.010723602026700974,EXP_XGBModel_Alpha158_csi300_custom_step0_s_20260318_13,9a2d8cf143214b13a3ea3426e5ccd771,,,
2026-03-18,SZ300476,-0.05997827276587486,EXP_XGBModel_Alpha158_csi300_custom_step0_s_20260318_13,9a2d8cf143214b13a3ea3426e5ccd771,,,
2026-03-18,SZ300498,-0.017247527837753296,EXP_XGBModel_Alpha158_csi300_custom_step0_s_20260318_13,9a2d8cf143214b13a3ea3426e5ccd771,,,
2026-03-18,SZ300502,0.03880804032087326,EXP_XGBModel_Alpha158_csi300_custom_step0_s_20260318_13,9a2d8cf143214b13a3ea3426e5ccd771,,,
2026-03-18,SZ300308,-0.17454837262630463,EXP_XGBModel_Alpha158_csi300_custom_step0_s_20260318_13,9a2d8cf143214b13a3ea3426e5ccd771,,,
2026-03-18,SZ300628,-0.0012700948864221573,EXP_XGBModel_Alpha158_csi300_custom_step0_s_20260318_13,9a2d8cf143214b13a3ea3426e5ccd771,,,
2026-03-18,SZ300750,-0.0764455795288086,EXP_XGBModel_Alpha158_csi300_custom_step0_s_20260318_13,9a2d8cf143214b13a3ea3426e5ccd771,,,
2026-03-18,SZ300759,-0.016814636066555977,EXP_XGBModel_Alpha158_csi300_custom_step0_s_20260318_13,9a2d8cf143214b13a3ea3426e5ccd771,,,
2026-03-18,SZ300760,-0.04747065529227257,EXP_XGBModel_Alpha158_csi300_custom_step0_s_20260318_13,9a2d8cf143214b13a3ea3426e5ccd771,,,
2026-03-18,SZ300782,-0.0023956408258527517,EXP_XGBModel_Alpha158_csi300_custom_step0_s_20260318_13,9a2d8cf143214b13a3ea3426e5ccd771,,,
2026-03-18,SZ300803,-0.0121528385207057,EXP_XGBModel_Alpha158_csi300_custom_step0_s_20260318_13,9a2d8cf143214b13a3ea3426e5ccd771,,,
2026-03-18,SZ300832,-0.008464502170681953,EXP_XGBModel_Alpha158_csi300_custom_step0_s_20260318_13,9a2d8cf143214b13a3ea3426e5ccd771,,,
2026-03-18,SZ300866,-0.003921985626220703,EXP_XGBModel_Alpha158_csi300_custom_step0_s_20260318_13,9a2d8cf143214b13a3ea3426e5ccd771,,,
2026-03-18,SZ300896,-0.034228917211294174,EXP_XGBModel_Alpha158_csi300_custom_step0_s_20260318_13,9a2d8cf143214b13a3ea3426e5ccd771,,,
2026-03-18,SZ300979,0.002892063930630684,EXP_XGBModel_Alpha158_csi300_custom_step0_s_20260318_13,9a2d8cf143214b13a3ea3426e5ccd771,,,
2026-03-18,SZ300999,-0.019771618768572807,EXP_XGBModel_Alpha158_csi300_custom_step0_s_20260318_13,9a2d8cf143214b13a3ea3426e5ccd771,,,
2026-03-18,SZ301236,-0.022689534351229668,EXP_XGBModel_Alpha158_csi300_custom_step0_s_20260318_13,9a2d8cf143214b13a3ea3426e5ccd771,,,
2026-03-18,SZ300661,-0.21374307572841644,EXP_XGBModel_Alpha158_csi300_custom_step0_s_20260318_13,9a2d8cf143214b13a3ea3426e5ccd771,,,
2026-03-18,SZ002384,0.051731303334236145,EXP_XGBModel_Alpha158_csi300_custom_step0_s_20260318_13,9a2d8cf143214b13a3ea3426e5ccd771,,,
2026-03-18,SZ300274,-0.04418245702981949,EXP_XGBModel_Alpha158_csi300_custom_step0_s_20260318_13,9a2d8cf143214b13a3ea3426e5ccd771,,,
2026-03-18,SZ300124,-0.010956129059195518,EXP_XGBModel_Alpha158_csi300_custom_step0_s_20260318_13,9a2d8cf143214b13a3ea3426e5ccd771,,,
2026-03-18,SZ002422,-0.001094546285457909,EXP_XGBModel_Alpha158_csi300_custom_step0_s_20260318_13,9a2d8cf143214b13a3ea3426e5ccd771,,,
2026-03-18,SZ002459,-0.051806312054395676,EXP_XGBModel_Alpha158_csi300_custom_step0_s_20260318_13,9a2d8cf143214b13a3ea3426e5ccd771,,,
2026-03-18,SZ002460,0.0550483800470829,EXP_XGBModel_Alpha158_csi300_custom_step0_s_20260318_13,9a2d8cf143214b13a3ea3426e5ccd771,,,
2026-03-18,SZ002463,-0.07048191130161285,EXP_XGBModel_Alpha158_csi300_custom_step0_s_20260318_13,9a2d8cf143214b13a3ea3426e5ccd771,,,
2026-03-18,SZ002466,-0.03710060939192772,EXP_XGBModel_Alpha158_csi300_custom_step0_s_20260318_13,9a2d8cf143214b13a3ea3426e5ccd771,,,
2026-03-18,SZ002475,-0.026151437312364578,EXP_XGBModel_Alpha158_csi300_custom_step0_s_20260318_13,9a2d8cf143214b13a3ea3426e5ccd771,,,
2026-03-18,SZ002493,0.03451715037226677,EXP_XGBModel_Alpha158_csi300_custom_step0_s_20260318_13,9a2d8cf143214b13a3ea3426e5ccd771,,,
2026-03-18,SZ002594,-0.022935356944799423,EXP_XGBModel_Alpha158_csi300_custom_step0_s_20260318_13,9a2d8cf143214b13a3ea3426e5ccd771,,,
2026-03-18,SZ002600,-0.011223073117434978,EXP_XGBModel_Alpha158_csi300_custom_step0_s_20260318_13,9a2d8cf143214b13a3ea3426e5ccd771,,,
2026-03-18,SZ002601,-0.013003284111618996,EXP_XGBModel_Alpha158_csi300_custom_step0_s_20260318_13,9a2d8cf143214b13a3ea3426e5ccd771,,,
2026-03-18,SZ002625,-0.01584392413496971,EXP_XGBModel_Alpha158_csi300_custom_step0_s_20260318_13,9a2d8cf143214b13a3ea3426e5ccd771,,,
2026-03-18,SZ300251,0.10495059937238693,EXP_XGBModel_Alpha158_csi300_custom_step0_s_20260318_13,9a2d8cf143214b13a3ea3426e5ccd771,,,
2026-03-18,SZ002648,-0.22110404074192047,EXP_XGBModel_Alpha158_csi300_custom_step0_s_20260318_13,9a2d8cf143214b13a3ea3426e5ccd771,,,
2026-03-18,SZ002714,-0.006861750967800617,EXP_XGBModel_Alpha158_csi300_custom_step0_s_20260318_13,9a2d8cf143214b13a3ea3426e5ccd771,,,
2026-03-18,SZ002736,-0.07372716069221497,EXP_XGBModel_Alpha158_csi300_custom_step0_s_20260318_13,9a2d8cf143214b13a3ea3426e5ccd771,,,
2026-03-18,SZ002916,-0.0605933703482151,EXP_XGBModel_Alpha158_csi300_custom_step0_s_20260318_13,9a2d8cf143214b13a3ea3426e5ccd771,,,
2026-03-18,SZ002920,-0.0032539924141019583,EXP_XGBModel_Alpha158_csi300_custom_step0_s_20260318_13,9a2d8cf143214b13a3ea3426e5ccd771,,,
2026-03-18,SZ002938,-0.09055261313915253,EXP_XGBModel_Alpha158_csi300_custom_step0_s_20260318_13,9a2d8cf143214b13a3ea3426e5ccd771,,,
2026-03-18,SZ003816,0.004411093890666962,EXP_XGBModel_Alpha158_csi300_custom_step0_s_20260318_13,9a2d8cf143214b13a3ea3426e5ccd771,,,
2026-03-18,SZ300014,-0.05709855630993843,EXP_XGBModel_Alpha158_csi300_custom_step0_s_20260318_13,9a2d8cf143214b13a3ea3426e5ccd771,,,
2026-03-18,SZ300015,-0.02096385695040226,EXP_XGBModel_Alpha158_csi300_custom_step0_s_20260318_13,9a2d8cf143214b13a3ea3426e5ccd771,,,
2026-03-18,SZ300033,0.013181705959141254,EXP_XGBModel_Alpha158_csi300_custom_step0_s_20260318_13,9a2d8cf143214b13a3ea3426e5ccd771,,,
2026-03-18,SZ300059,0.010968800634145737,EXP_XGBModel_Alpha158_csi300_custom_step0_s_20260318_13,9a2d8cf143214b13a3ea3426e5ccd771,,,
2026-03-18,SZ300122,-0.010865786112844944,EXP_XGBModel_Alpha158_csi300_custom_step0_s_20260318_13,9a2d8cf143214b13a3ea3426e5ccd771,,,
2026-03-18,SZ002709,-0.06208372488617897,EXP_XGBModel_Alpha158_csi300_custom_step0_s_20260318_13,9a2d8cf143214b13a3ea3426e5ccd771,,,
2026-03-18,SH688506,0.15735754370689392,EXP_XGBModel_Alpha158_csi300_custom_step0_s_20260318_13,9a2d8cf143214b13a3ea3426e5ccd771,,,
2026-03-18,SH688472,-0.08750487864017487,EXP_XGBModel_Alpha158_csi300_custom_step0_s_20260318_13,9a2d8cf143214b13a3ea3426e5ccd771,,,
2026-03-18,SH688396,0.07747960835695267,EXP_XGBModel_Alpha158_csi300_custom_step0_s_20260318_13,9a2d8cf143214b13a3ea3426e5ccd771,,,
2026-03-18,SH601236,0.0014682627515867352,EXP_XGBModel_Alpha158_csi300_custom_step0_s_20260318_13,9a2d8cf143214b13a3ea3426e5ccd771,,,
2026-03-18,SH601238,-0.031990304589271545,EXP_XGBModel_Alpha158_csi300_custom_step0_s_20260318_13,9a2d8cf143214b13a3ea3426e5ccd771,,,
2026-03-18,SH601288,0.00592345604673028,EXP_XGBModel_Alpha158_csi300_custom_step0_s_20260318_13,9a2d8cf143214b13a3ea3426e5ccd771,,,
2026-03-18,SH601298,0.02198558673262596,EXP_XGBModel_Alpha158_csi300_custom_step0_s_20260318_13,9a2d8cf143214b13a3ea3426e5ccd771,,,
2026-03-18,SH601318,-0.015770865604281425,EXP_XGBModel_Alpha158_csi300_custom_step0_s_20260318_13,9a2d8cf143214b13a3ea3426e5ccd771,,,
2026-03-18,SH601319,0.0031196593772619963,EXP_XGBModel_Alpha158_csi300_custom_step0_s_20260318_13,9a2d8cf143214b13a3ea3426e5ccd771,,,
2026-03-18,SH601328,0.009703154675662518,EXP_XGBModel_Alpha158_csi300_custom_step0_s_20260318_13,9a2d8cf143214b13a3ea3426e5ccd771,,,
2026-03-18,SH601336,0.01579153724014759,EXP_XGBModel_Alpha158_csi300_custom_step0_s_20260318_13,9a2d8cf143214b13a3ea3426e5ccd771,,,
2026-03-18,SH601360,-0.0467655286192894,EXP_XGBModel_Alpha158_csi300_custom_step0_s_20260318_13,9a2d8cf143214b13a3ea3426e5ccd771,,,
2026-03-18,SH601377,-0.012704030610620975,EXP_XGBModel_Alpha158_csi300_custom_step0_s_20260318_13,9a2d8cf143214b13a3ea3426e5ccd771,,,
2026-03-18,SH601390,-0.012257223017513752,EXP_XGBModel_Alpha158_csi300_custom_step0_s_20260318_13,9a2d8cf143214b13a3ea3426e5ccd771,,,
2026-03-18,SH601229,-0.008483058772981167,EXP_XGBModel_Alpha158_csi300_custom_step0_s_20260318_13,9a2d8cf143214b13a3ea3426e5ccd771,,,
2026-03-18,SH601398,0.017589541152119637,EXP_XGBModel_Alpha158_csi300_custom_step0_s_20260318_13,9a2d8cf143214b13a3ea3426e5ccd771,,,
2026-03-18,SH601600,-0.056134581565856934,EXP_XGBModel_Alpha158_csi300_custom_step0_s_20260318_13,9a2d8cf143214b13a3ea3426e5ccd771,,,
2026-03-18,SH601601,-0.024803385138511658,EXP_XGBModel_Alpha158_csi300_custom_step0_s_20260318_13,9a2d8cf143214b13a3ea3426e5ccd771,,,
2026-03-18,SH601607,0.0018368297023698688,EXP_XGBModel_Alpha158_csi300_custom_step0_s_20260318_13,9a2d8cf143214b13a3ea3426e5ccd771,,,
2026-03-18,SH601618,-0.004984172992408276,EXP_XGBModel_Alpha158_csi300_custom_step0_s_20260318_13,9a2d8cf143214b13a3ea3426e5ccd771,,,
2026-03-18,SH601628,0.006601279601454735,EXP_XGBModel_Alpha158_csi300_custom_step0_s_20260318_13,9a2d8cf143214b13a3ea3426e5ccd771,,,
2026-03-18,SH601633,-0.011810063384473324,EXP_XGBModel_Alpha158_csi300_custom_step0_s_20260318_13,9a2d8cf143214b13a3ea3426e5ccd771,,,
2026-03-18,SH601658,-0.000157229631440714,EXP_XGBModel_Alpha158_csi300_custom_step0_s_20260318_13,9a2d8cf143214b13a3ea3426e5ccd771,,,
2026-03-18,SH601668,-0.004223066382110119,EXP_XGBModel_Alpha158_csi300_custom_step0_s_20260318_13,9a2d8cf143214b13a3ea3426e5ccd771,,,
2026-03-18,SH601669,0.027145590633153915,EXP_XGBModel_Alpha158_csi300_custom_step0_s_20260318_13,9a2d8cf143214b13a3ea3426e5ccd771,,,
2026-03-18,SH601688,-0.023809514939785004,EXP_XGBModel_Alpha158_csi300_custom_step0_s_20260318_13,9a2d8cf143214b13a3ea3426e5ccd771,,,
2026-03-18,SH601689,0.045856792479753494,EXP_XGBModel_Alpha158_csi300_custom_step0_s_20260318_13,9a2d8cf143214b13a3ea3426e5ccd771,,,
2026-03-18,SH601456,0.004106387961655855,EXP_XGBModel_Alpha158_csi300_custom_step0_s_20260318_13,9a2d8cf143214b13a3ea3426e5ccd771,,,
2026-03-18,SH601698,0.13018448650836945,EXP_XGBModel_Alpha158_csi300_custom_step0_s_20260318_13,9a2d8cf143214b13a3ea3426e5ccd771,,,
2026-03-18,SH601225,0.013310084119439125,EXP_XGBModel_Alpha158_csi300_custom_step0_s_20260318_13,9a2d8cf143214b13a3ea3426e5ccd771,,,
2026-03-18,SH601186,0.005947092082351446,EXP_XGBModel_Alpha158_csi300_custom_step0_s_20260318_13,9a2d8cf143214b13a3ea3426e5ccd771,,,
2026-03-18,SH600930,-0.17670510709285736,EXP_XGBModel_Alpha158_csi300_custom_step0_s_20260318_13,9a2d8cf143214b13a3ea3426e5ccd771,,,
2026-03-18,SH600938,-0.10775218158960342,EXP_XGBModel_Alpha158_csi300_custom_step0_s_20260318_13,9a2d8cf143214b13a3ea3426e5ccd771,,,
2026-03-18,SH600941,0.014790845103561878,EXP_XGBModel_Alpha158_csi300_custom_step0_s_20260318_13,9a2d8cf143214b13a3ea3426e5ccd771,,,
2026-03-18,SH600958,-0.013535019010305405,EXP_XGBModel_Alpha158_csi300_custom_step0_s_20260318_13,9a2d8cf143214b13a3ea3426e5ccd771,,,
2026-03-18,SH600989,-0.2934803068637848,EXP_XGBModel_Alpha158_csi300_custom_step0_s_20260318_13,9a2d8cf143214b13a3ea3426e5ccd771,,,
2026-03-18,SH600999,-0.00015838714898563921,EXP_XGBModel_Alpha158_csi300_custom_step0_s_20260318_13,9a2d8cf143214b13a3ea3426e5ccd771,,,
2026-03-18,SH601006,-0.002905040979385376,EXP_XGBModel_Alpha158_csi300_custom_step0_s_20260318_13,9a2d8cf143214b13a3ea3426e5ccd771,,,
2026-03-18,SH601009,0.023424098268151283,EXP_XGBModel_Alpha158_csi300_custom_step0_s_20260318_13,9a2d8cf143214b13a3ea3426e5ccd771,,,
2026-03-18,SH601012,-0.0020113296341151,EXP_XGBModel_Alpha158_csi300_custom_step0_s_20260318_13,9a2d8cf143214b13a3ea3426e5ccd771,,,
2026-03-18,SH601018,0.036241378635168076,EXP_XGBModel_Alpha158_csi300_custom_step0_s_20260318_13,9a2d8cf143214b13a3ea3426e5ccd771,,,
2026-03-18,SH601021,0.0017695073038339615,EXP_XGBModel_Alpha158_csi300_custom_step0_s_20260318_13,9a2d8cf143214b13a3ea3426e5ccd771,,,
2026-03-18,SH601211,-0.03253816440701485,EXP_XGBModel_Alpha158_csi300_custom_step0_s_20260318_13,9a2d8cf143214b13a3ea3426e5ccd771,,,
2026-03-18,SH601058,0.009292124770581722,EXP_XGBModel_Alpha158_csi300_custom_step0_s_20260318_13,9a2d8cf143214b13a3ea3426e5ccd771,,,
2026-03-18,SH601066,0.004010496195405722,EXP_XGBModel_Alpha158_csi300_custom_step0_s_20260318_13,9a2d8cf143214b13a3ea3426e5ccd771,,,
2026-03-18,SH601077,0.013433312065899372,EXP_XGBModel_Alpha158_csi300_custom_step0_s_20260318_13,9a2d8cf143214b13a3ea3426e5ccd771,,,
2026-03-18,SH601088,0.01837332360446453,EXP_XGBModel_Alpha158_csi300_custom_step0_s_20260318_13,9a2d8cf143214b13a3ea3426e5ccd771,,,
2026-03-18,SH601100,-0.02547578513622284,EXP_XGBModel_Alpha158_csi300_custom_step0_s_20260318_13,9a2d8cf143214b13a3ea3426e5ccd771,,,
2026-03-18,SH601111,0.006136349868029356,EXP_XGBModel_Alpha158_csi300_custom_step0_s_20260318_13,9a2d8cf143214b13a3ea3426e5ccd771,,,
2026-03-18,SH601117,-0.021445229649543762,EXP_XGBModel_Alpha158_csi300_custom_step0_s_20260318_13,9a2d8cf143214b13a3ea3426e5ccd771,,,
2026-03-18,SH601127,-0.0004874937003478408,EXP_XGBModel_Alpha158_csi300_custom_step0_s_20260318_13,9a2d8cf143214b13a3ea3426e5ccd771,,,
2026-03-18,SH601136,0.0005979666020721197,EXP_XGBModel_Alpha158_csi300_custom_step0_s_20260318_13,9a2d8cf143214b13a3ea3426e5ccd771,,,
2026-03-18,SH601138,0.013257449492812157,EXP_XGBModel_Alpha158_csi300_custom_step0_s_20260318_13,9a2d8cf143214b13a3ea3426e5ccd771,,,
2026-03-18,SH601166,-0.0005073653301224113,EXP_XGBModel_Alpha158_csi300_custom_step0_s_20260318_13,9a2d8cf143214b13a3ea3426e5ccd771,,,
2026-03-18,SH601169,0.008692018687725067,EXP_XGBModel_Alpha158_csi300_custom_step0_s_20260318_13,9a2d8cf143214b13a3ea3426e5ccd771,,,
2026-03-18,SH601059,0.048181671649217606,EXP_XGBModel_Alpha158_csi300_custom_step0_s_20260318_13,9a2d8cf143214b13a3ea3426e5ccd771,,,
2026-03-18,SH601728,0.010528884828090668,EXP_XGBModel_Alpha158_csi300_custom_step0_s_20260318_13,9a2d8cf143214b13a3ea3426e5ccd771,,,
2026-03-18,SH601766,0.017921600490808487,EXP_XGBModel_Alpha158_csi300_custom_step0_s_20260318_13,9a2d8cf143214b13a3ea3426e5ccd771,,,
2026-03-18,SH601788,-0.006482375785708427,EXP_XGBModel_Alpha158_csi300_custom_step0_s_20260318_13,9a2d8cf143214b13a3ea3426e5ccd771,,,
2026-03-18,SH603369,-0.0554337203502655,EXP_XGBModel_Alpha158_csi300_custom_step0_s_20260318_13,9a2d8cf143214b13a3ea3426e5ccd771,,,
2026-03-18,SH603392,-0.008442793041467667,EXP_XGBModel_Alpha158_csi300_custom_step0_s_20260318_13,9a2d8cf143214b13a3ea3426e5ccd771,,,
2026-03-18,SH603501,-0.01170283555984497,EXP_XGBModel_Alpha158_csi300_custom_step0_s_20260318_13,9a2d8cf143214b13a3ea3426e5ccd771,,,
2026-03-18,SH603799,0.007844217121601105,EXP_XGBModel_Alpha158_csi300_custom_step0_s_20260318_13,9a2d8cf143214b13a3ea3426e5ccd771,,,
2026-03-18,SH603893,-0.03274576738476753,EXP_XGBModel_Alpha158_csi300_custom_step0_s_20260318_13,9a2d8cf143214b13a3ea3426e5ccd771,,,
2026-03-18,SH603986,-0.05822942405939102,EXP_XGBModel_Alpha158_csi300_custom_step0_s_20260318_13,9a2d8cf143214b13a3ea3426e5ccd771,,,
2026-03-18,SH603993,0.09339825809001923,EXP_XGBModel_Alpha158_csi300_custom_step0_s_20260318_13,9a2d8cf143214b13a3ea3426e5ccd771,,,
2026-03-18,SH605117,-0.29983144998550415,EXP_XGBModel_Alpha158_csi300_custom_step0_s_20260318_13,9a2d8cf143214b13a3ea3426e5ccd771,,,
2026-03-18,SH605499,-0.006293418817222118,EXP_XGBModel_Alpha158_csi300_custom_step0_s_20260318_13,9a2d8cf143214b13a3ea3426e5ccd771,,,
2026-03-18,SH688008,0.01609286665916443,EXP_XGBModel_Alpha158_csi300_custom_step0_s_20260318_13,9a2d8cf143214b13a3ea3426e5ccd771,,,
2026-03-18,SH688009,-0.003205112647265196,EXP_XGBModel_Alpha158_csi300_custom_step0_s_20260318_13,9a2d8cf143214b13a3ea3426e5ccd771,,,
2026-03-18,SH603296,0.01982440985739231,EXP_XGBModel_Alpha158_csi300_custom_step0_s_20260318_13,9a2d8cf143214b13a3ea3426e5ccd771,,,
2026-03-18,SH688012,-0.009147395379841328,EXP_XGBModel_Alpha158_csi300_custom_step0_s_20260318_13,9a2d8cf143214b13a3ea3426e5ccd771,,,
2026-03-18,SH688041,-0.021786633878946304,EXP_XGBModel_Alpha158_csi300_custom_step0_s_20260318_13,9a2d8cf143214b13a3ea3426e5ccd771,,,
2026-03-18,SH688047,0.03573154658079147,EXP_XGBModel_Alpha158_csi300_custom_step0_s_20260318_13,9a2d8cf143214b13a3ea3426e5ccd771,,,
2026-03-18,SH688082,0.010109872557222843,EXP_XGBModel_Alpha158_csi300_custom_step0_s_20260318_13,9a2d8cf143214b13a3ea3426e5ccd771,,,
2026-03-18,SH688111,-0.0716322809457779,EXP_XGBModel_Alpha158_csi300_custom_step0_s_20260318_13,9a2d8cf143214b13a3ea3426e5ccd771,,,
2026-03-18,SH688126,-0.01041595172137022,EXP_XGBModel_Alpha158_csi300_custom_step0_s_20260318_13,9a2d8cf143214b13a3ea3426e5ccd771,,,
2026-03-18,SH688169,-0.031342800706624985,EXP_XGBModel_Alpha158_csi300_custom_step0_s_20260318_13,9a2d8cf143214b13a3ea3426e5ccd771,,,
2026-03-18,SH688187,-0.012643091380596161,EXP_XGBModel_Alpha158_csi300_custom_step0_s_20260318_13,9a2d8cf143214b13a3ea3426e5ccd771,,,
2026-03-18,SH688223,0.11751480400562286,EXP_XGBModel_Alpha158_csi300_custom_step0_s_20260318_13,9a2d8cf143214b13a3ea3426e5ccd771,,,
2026-03-18,SH688256,0.024691134691238403,EXP_XGBModel_Alpha158_csi300_custom_step0_s_20260318_13,9a2d8cf143214b13a3ea3426e5ccd771,,,
2026-03-18,SH688271,-0.021267689764499664,EXP_XGBModel_Alpha158_csi300_custom_step0_s_20260318_13,9a2d8cf143214b13a3ea3426e5ccd771,,,
2026-03-18,SH688303,-0.04908589646220207,EXP_XGBModel_Alpha158_csi300_custom_step0_s_20260318_13,9a2d8cf143214b13a3ea3426e5ccd771,,,
2026-03-18,SH688036,-0.0243113674223423,EXP_XGBModel_Alpha158_csi300_custom_step0_s_20260318_13,9a2d8cf143214b13a3ea3426e5ccd771,,,
2026-03-18,SH603288,-0.009359040297567844,EXP_XGBModel_Alpha158_csi300_custom_step0_s_20260318_13,9a2d8cf143214b13a3ea3426e5ccd771,,,
2026-03-18,SH603260,-0.0029396198224276304,EXP_XGBModel_Alpha158_csi300_custom_step0_s_20260318_13,9a2d8cf143214b13a3ea3426e5ccd771,,,
2026-03-18,SH603259,0.002322569489479065,EXP_XGBModel_Alpha158_csi300_custom_step0_s_20260318_13,9a2d8cf143214b13a3ea3426e5ccd771,,,
2026-03-18,SH601800,0.0019910524133592844,EXP_XGBModel_Alpha158_csi300_custom_step0_s_20260318_13,9a2d8cf143214b13a3ea3426e5ccd771,,,
2026-03-18,SH601808,-0.08646022528409958,EXP_XGBModel_Alpha158_csi300_custom_step0_s_20260318_13,9a2d8cf143214b13a3ea3426e5ccd771,,,
2026-03-18,SH601816,0.021601006388664246,EXP_XGBModel_Alpha158_csi300_custom_step0_s_20260318_13,9a2d8cf143214b13a3ea3426e5ccd771,,,
2026-03-18,SH601818,0.01992572844028473,EXP_XGBModel_Alpha158_csi300_custom_step0_s_20260318_13,9a2d8cf143214b13a3ea3426e5ccd771,,,
2026-03-18,SH601825,-0.005482673179358244,EXP_XGBModel_Alpha158_csi300_custom_step0_s_20260318_13,9a2d8cf143214b13a3ea3426e5ccd771,,,
2026-03-18,SH601838,0.019624724984169006,EXP_XGBModel_Alpha158_csi300_custom_step0_s_20260318_13,9a2d8cf143214b13a3ea3426e5ccd771,,,
2026-03-18,SH601857,-0.011463703587651253,EXP_XGBModel_Alpha158_csi300_custom_step0_s_20260318_13,9a2d8cf143214b13a3ea3426e5ccd771,,,
2026-03-18,SH601868,0.21445347368717194,EXP_XGBModel_Alpha158_csi300_custom_step0_s_20260318_13,9a2d8cf143214b13a3ea3426e5ccd771,,,
2026-03-18,SH601872,-0.0846652090549469,EXP_XGBModel_Alpha158_csi300_custom_step0_s_20260318_13,9a2d8cf143214b13a3ea3426e5ccd771,,,
2026-03-18,SH601877,0.3264574408531189,EXP_XGBModel_Alpha158_csi300_custom_step0_s_20260318_13,9a2d8cf143214b13a3ea3426e5ccd771,,,
2026-03-18,SH601878,-0.005483309738337994,EXP_XGBModel_Alpha158_csi300_custom_step0_s_20260318_13,9a2d8cf143214b13a3ea3426e5ccd771,,,
2026-03-18,SH601881,-0.013269969262182713,EXP_XGBModel_Alpha158_csi300_custom_step0_s_20260318_13,9a2d8cf143214b13a3ea3426e5ccd771,,,
2026-03-18,SH601888,0.02316184900701046,EXP_XGBModel_Alpha158_csi300_custom_step0_s_20260318_13,9a2d8cf143214b13a3ea3426e5ccd771,,,
2026-03-18,SH601898,0.542704164981842,EXP_XGBModel_Alpha158_csi300_custom_step0_s_20260318_13,9a2d8cf143214b13a3ea3426e5ccd771,,,
2026-03-18,SH601899,-0.00795938540250063,EXP_XGBModel_Alpha158_csi300_custom_step0_s_20260318_13,9a2d8cf143214b13a3ea3426e5ccd771,,,
2026-03-18,SH601901,-0.02328900620341301,EXP_XGBModel_Alpha158_csi300_custom_step0_s_20260318_13,9a2d8cf143214b13a3ea3426e5ccd771,,,
2026-03-18,SH601916,0.005386930424720049,EXP_XGBModel_Alpha158_csi300_custom_step0_s_20260318_13,9a2d8cf143214b13a3ea3426e5ccd771,,,
2026-03-18,SH601919,0.019781799986958504,EXP_XGBModel_Alpha158_csi300_custom_step0_s_20260318_13,9a2d8cf143214b13a3ea3426e5ccd771,,,
2026-03-18,SH601939,0.02017671801149845,EXP_XGBModel_Alpha158_csi300_custom_step0_s_20260318_13,9a2d8cf143214b13a3ea3426e5ccd771,,,
2026-03-18,SH601985,0.011367841623723507,EXP_XGBModel_Alpha158_csi300_custom_step0_s_20260318_13,9a2d8cf143214b13a3ea3426e5ccd771,,,
2026-03-18,SH601988,0.01581932045519352,EXP_XGBModel_Alpha158_csi300_custom_step0_s_20260318_13,9a2d8cf143214b13a3ea3426e5ccd771,,,
2026-03-18,SH601995,0.04529256746172905,EXP_XGBModel_Alpha158_csi300_custom_step0_s_20260318_13,9a2d8cf143214b13a3ea3426e5ccd771,,,
2026-03-18,SH601998,-0.01980857364833355,EXP_XGBModel_Alpha158_csi300_custom_step0_s_20260318_13,9a2d8cf143214b13a3ea3426e5ccd771,,,
2026-03-18,SH603019,-0.009801107458770275,EXP_XGBModel_Alpha158_csi300_custom_step0_s_20260318_13,9a2d8cf143214b13a3ea3426e5ccd771,,,
2026-03-18,SH603195,0.017221789807081223,EXP_XGBModel_Alpha158_csi300_custom_step0_s_20260318_13,9a2d8cf143214b13a3ea3426e5ccd771,,,
2026-03-18,SH600919,0.01778099499642849,EXP_XGBModel_Alpha158_csi300_custom_step0_s_20260318_13,9a2d8cf143214b13a3ea3426e5ccd771,,,
2026-03-18,SH601919,-0.02948461804314583,EXP_DEnsembleModel_Alpha158_csi300_custom_step0_s_20260318_14,9ed83e345dd34945b28693b70360d5e4,,,
2026-03-18,SH601916,0.061676617265454745,EXP_DEnsembleModel_Alpha158_csi300_custom_step0_s_20260318_14,9ed83e345dd34945b28693b70360d5e4,,,
2026-03-18,SH601901,-0.01822789775297809,EXP_DEnsembleModel_Alpha158_csi300_custom_step0_s_20260318_14,9ed83e345dd34945b28693b70360d5e4,,,
2026-03-18,SH601877,0.03964590500888397,EXP_LGBModel_Alpha158_csi300_custom_step0_s_20260318_16,09adc2ffc018477c81e0a86d655e9255,,,
2026-03-18,SH601878,-0.013924216385775777,EXP_LGBModel_Alpha158_csi300_custom_step0_s_20260318_16,09adc2ffc018477c81e0a86d655e9255,,,
2026-03-18,SH601881,-0.011716544123756863,EXP_LGBModel_Alpha158_csi300_custom_step0_s_20260318_16,09adc2ffc018477c81e0a86d655e9255,,,
2026-03-18,SH601888,0.019733318752045738,EXP_LGBModel_Alpha158_csi300_custom_step0_s_20260318_16,09adc2ffc018477c81e0a86d655e9255,,,
2026-03-18,SH601898,0.0710244384139468,EXP_LGBModel_Alpha158_csi300_custom_step0_s_20260318_16,09adc2ffc018477c81e0a86d655e9255,,,
2026-03-18,SH601899,0.009476472047947142,EXP_LGBModel_Alpha158_csi300_custom_step0_s_20260318_16,09adc2ffc018477c81e0a86d655e9255,,,
2026-03-18,SH601901,0.0018878076804541074,EXP_LGBModel_Alpha158_csi300_custom_step0_s_20260318_16,09adc2ffc018477c81e0a86d655e9255,,,
2026-03-18,SH601916,0.003860073076515593,EXP_LGBModel_Alpha158_csi300_custom_step0_s_20260318_16,09adc2ffc018477c81e0a86d655e9255,,,
2026-03-18,SH601919,0.02132791426337151,EXP_LGBModel_Alpha158_csi300_custom_step0_s_20260318_16,09adc2ffc018477c81e0a86d655e9255,,,
2026-03-18,SH601939,0.046061201755713745,EXP_LGBModel_Alpha158_csi300_custom_step0_s_20260318_16,09adc2ffc018477c81e0a86d655e9255,,,
2026-03-18,SH601985,-0.008360838811609619,EXP_LGBModel_Alpha158_csi300_custom_step0_s_20260318_16,09adc2ffc018477c81e0a86d655e9255,,,
2026-03-18,SH601872,-0.014390442315988374,EXP_LGBModel_Alpha158_csi300_custom_step0_s_20260318_16,09adc2ffc018477c81e0a86d655e9255,,,
2026-03-18,SH601988,0.012323607040115495,EXP_LGBModel_Alpha158_csi300_custom_step0_s_20260318_16,09adc2ffc018477c81e0a86d655e9255,,,
2026-03-18,SH601998,-0.010804282510491736,EXP_LGBModel_Alpha158_csi300_custom_step0_s_20260318_16,09adc2ffc018477c81e0a86d655e9255,,,
2026-03-18,SH603019,-0.051881648241824965,EXP_LGBModel_Alpha158_csi300_custom_step0_s_20260318_16,09adc2ffc018477c81e0a86d655e9255,,,
2026-03-18,SH603195,0.008230320255464947,EXP_LGBModel_Alpha158_csi300_custom_step0_s_20260318_16,09adc2ffc018477c81e0a86d655e9255,,,
2026-03-18,SH603259,0.016779819078362162,EXP_LGBModel_Alpha158_csi300_custom_step0_s_20260318_16,09adc2ffc018477c81e0a86d655e9255,,,
2026-03-18,SH603260,-0.001690580725659379,EXP_LGBModel_Alpha158_csi300_custom_step0_s_20260318_16,09adc2ffc018477c81e0a86d655e9255,,,
2026-03-18,SH603288,-0.023758393133964006,EXP_LGBModel_Alpha158_csi300_custom_step0_s_20260318_16,09adc2ffc018477c81e0a86d655e9255,,,
2026-03-18,SH603296,-0.024504540152871318,EXP_LGBModel_Alpha158_csi300_custom_step0_s_20260318_16,09adc2ffc018477c81e0a86d655e9255,,,
2026-03-18,SH603369,0.010580051403693263,EXP_LGBModel_Alpha158_csi300_custom_step0_s_20260318_16,09adc2ffc018477c81e0a86d655e9255,,,
2026-03-18,SH603392,-0.014439197338315862,EXP_LGBModel_Alpha158_csi300_custom_step0_s_20260318_16,09adc2ffc018477c81e0a86d655e9255,,,
2026-03-18,SH603501,-0.006287179874223753,EXP_LGBModel_Alpha158_csi300_custom_step0_s_20260318_16,09adc2ffc018477c81e0a86d655e9255,,,
2026-03-18,SH603799,0.06170326254285203,EXP_LGBModel_Alpha158_csi300_custom_step0_s_20260318_16,09adc2ffc018477c81e0a86d655e9255,,,
2026-03-18,SH601995,0.007539986684036066,EXP_LGBModel_Alpha158_csi300_custom_step0_s_20260318_16,09adc2ffc018477c81e0a86d655e9255,,,
2026-03-18,SH603893,-0.034181061349283025,EXP_LGBModel_Alpha158_csi300_custom_step0_s_20260318_16,09adc2ffc018477c81e0a86d655e9255,,,
2026-03-18,SH601868,-0.01584256668527489,EXP_LGBModel_Alpha158_csi300_custom_step0_s_20260318_16,09adc2ffc018477c81e0a86d655e9255,,,
2026-03-18,SH601838,0.03035904061496513,EXP_LGBModel_Alpha158_csi300_custom_step0_s_20260318_16,09adc2ffc018477c81e0a86d655e9255,,,
2026-03-18,SH601377,0.0003071813872725785,EXP_LGBModel_Alpha158_csi300_custom_step0_s_20260318_16,09adc2ffc018477c81e0a86d655e9255,,,
2026-03-18,SH601390,-0.012204849102822003,EXP_LGBModel_Alpha158_csi300_custom_step0_s_20260318_16,09adc2ffc018477c81e0a86d655e9255,,,
2026-03-18,SH601398,0.009272407583041445,EXP_LGBModel_Alpha158_csi300_custom_step0_s_20260318_16,09adc2ffc018477c81e0a86d655e9255,,,
2026-03-18,SH601456,0.029426223665682556,EXP_LGBModel_Alpha158_csi300_custom_step0_s_20260318_16,09adc2ffc018477c81e0a86d655e9255,,,
2026-03-18,SH601600,0.0035679391023516692,EXP_LGBModel_Alpha158_csi300_custom_step0_s_20260318_16,09adc2ffc018477c81e0a86d655e9255,,,
2026-03-18,SH601601,-0.010972301641940399,EXP_LGBModel_Alpha158_csi300_custom_step0_s_20260318_16,09adc2ffc018477c81e0a86d655e9255,,,
2026-03-18,SH601607,0.009376733456464753,EXP_LGBModel_Alpha158_csi300_custom_step0_s_20260318_16,09adc2ffc018477c81e0a86d655e9255,,,
2026-03-18,SH601618,-0.012158594393220081,EXP_LGBModel_Alpha158_csi300_custom_step0_s_20260318_16,09adc2ffc018477c81e0a86d655e9255,,,
2026-03-18,SH601628,-0.011557336203550725,EXP_LGBModel_Alpha158_csi300_custom_step0_s_20260318_16,09adc2ffc018477c81e0a86d655e9255,,,
2026-03-18,SH601633,-0.009205422213340177,EXP_LGBModel_Alpha158_csi300_custom_step0_s_20260318_16,09adc2ffc018477c81e0a86d655e9255,,,
2026-03-18,SH601658,0.016803341722908007,EXP_LGBModel_Alpha158_csi300_custom_step0_s_20260318_16,09adc2ffc018477c81e0a86d655e9255,,,
2026-03-18,SH601857,-0.013623336778341271,EXP_LGBModel_Alpha158_csi300_custom_step0_s_20260318_16,09adc2ffc018477c81e0a86d655e9255,,,
2026-03-18,SH601668,0.011980701600922882,EXP_LGBModel_Alpha158_csi300_custom_step0_s_20260318_16,09adc2ffc018477c81e0a86d655e9255,,,
2026-03-18,SH601688,-0.0019678320674160134,EXP_LGBModel_Alpha158_csi300_custom_step0_s_20260318_16,09adc2ffc018477c81e0a86d655e9255,,,
2026-03-18,SH601689,-0.0011253162994508607,EXP_LGBModel_Alpha158_csi300_custom_step0_s_20260318_16,09adc2ffc018477c81e0a86d655e9255,,,
2026-03-18,SH601698,-0.030408175540146826,EXP_LGBModel_Alpha158_csi300_custom_step0_s_20260318_16,09adc2ffc018477c81e0a86d655e9255,,,
2026-03-18,SH601728,0.007409386998254149,EXP_LGBModel_Alpha158_csi300_custom_step0_s_20260318_16,09adc2ffc018477c81e0a86d655e9255,,,
2026-03-18,SH601766,0.008588340193938664,EXP_LGBModel_Alpha158_csi300_custom_step0_s_20260318_16,09adc2ffc018477c81e0a86d655e9255,,,
2026-03-18,SH601788,0.025008065776022468,EXP_LGBModel_Alpha158_csi300_custom_step0_s_20260318_16,09adc2ffc018477c81e0a86d655e9255,,,
2026-03-18,SH601800,-0.01414048541504353,EXP_LGBModel_Alpha158_csi300_custom_step0_s_20260318_16,09adc2ffc018477c81e0a86d655e9255,,,
2026-03-18,SH601808,0.0074572800208983405,EXP_LGBModel_Alpha158_csi300_custom_step0_s_20260318_16,09adc2ffc018477c81e0a86d655e9255,,,
2026-03-18,SH601816,0.037476527390450896,EXP_LGBModel_Alpha158_csi300_custom_step0_s_20260318_16,09adc2ffc018477c81e0a86d655e9255,,,
2026-03-18,SH601818,0.023882433960471773,EXP_LGBModel_Alpha158_csi300_custom_step0_s_20260318_16,09adc2ffc018477c81e0a86d655e9255,,,
2026-03-18,SH601825,-0.0006040526266952904,EXP_LGBModel_Alpha158_csi300_custom_step0_s_20260318_16,09adc2ffc018477c81e0a86d655e9255,,,
2026-03-18,SH601669,-0.002965601578275805,EXP_LGBModel_Alpha158_csi300_custom_step0_s_20260318_16,09adc2ffc018477c81e0a86d655e9255,,,
2026-03-18,SH601360,-0.010773215057849731,EXP_LGBModel_Alpha158_csi300_custom_step0_s_20260318_16,09adc2ffc018477c81e0a86d655e9255,,,
2026-03-18,SH603986,-0.053652963131010194,EXP_LGBModel_Alpha158_csi300_custom_step0_s_20260318_16,09adc2ffc018477c81e0a86d655e9255,,,
2026-03-18,SH605117,-0.0015439105031948641,EXP_LGBModel_Alpha158_csi300_custom_step0_s_20260318_16,09adc2ffc018477c81e0a86d655e9255,,,
2026-03-18,SZ000338,-0.05012929514776678,EXP_LGBModel_Alpha158_csi300_custom_step0_s_20260318_16,09adc2ffc018477c81e0a86d655e9255,,,
2026-03-18,SZ000408,-0.024998316396188713,EXP_LGBModel_Alpha158_csi300_custom_step0_s_20260318_16,09adc2ffc018477c81e0a86d655e9255,,,
2026-03-18,SZ000425,-0.007154520690994344,EXP_LGBModel_Alpha158_csi300_custom_step0_s_20260318_16,09adc2ffc018477c81e0a86d655e9255,,,
2026-03-18,SZ000538,0.0548991910745674,EXP_LGBModel_Alpha158_csi300_custom_step0_s_20260318_16,09adc2ffc018477c81e0a86d655e9255,,,
2026-03-18,SZ000568,0.015313665159888934,EXP_LGBModel_Alpha158_csi300_custom_step0_s_20260318_16,09adc2ffc018477c81e0a86d655e9255,,,
2026-03-18,SZ000596,0.014158161402618592,EXP_LGBModel_Alpha158_csi300_custom_step0_s_20260318_16,09adc2ffc018477c81e0a86d655e9255,,,
2026-03-18,SZ000617,-0.023665149871330865,EXP_LGBModel_Alpha158_csi300_custom_step0_s_20260318_16,09adc2ffc018477c81e0a86d655e9255,,,
2026-03-18,SZ000625,-0.005293486217385034,EXP_LGBModel_Alpha158_csi300_custom_step0_s_20260318_16,09adc2ffc018477c81e0a86d655e9255,,,
2026-03-18,SZ000630,0.01996410997560271,EXP_LGBModel_Alpha158_csi300_custom_step0_s_20260318_16,09adc2ffc018477c81e0a86d655e9255,,,
2026-03-18,SZ000651,0.00034523179518895796,EXP_LGBModel_Alpha158_csi300_custom_step0_s_20260318_16,09adc2ffc018477c81e0a86d655e9255,,,
2026-03-18,SZ000661,-0.00037547077115209084,EXP_LGBModel_Alpha158_csi300_custom_step0_s_20260318_16,09adc2ffc018477c81e0a86d655e9255,,,
2026-03-18,SZ000333,0.03293948132340717,EXP_LGBModel_Alpha158_csi300_custom_step0_s_20260318_16,09adc2ffc018477c81e0a86d655e9255,,,
2026-03-18,SZ000708,-0.021260748344284257,EXP_LGBModel_Alpha158_csi300_custom_step0_s_20260318_16,09adc2ffc018477c81e0a86d655e9255,,,
2026-03-18,SZ000768,-0.024714160811625627,EXP_LGBModel_Alpha158_csi300_custom_step0_s_20260318_16,09adc2ffc018477c81e0a86d655e9255,,,
2026-03-18,SZ000776,-0.006617999514838398,EXP_LGBModel_Alpha158_csi300_custom_step0_s_20260318_16,09adc2ffc018477c81e0a86d655e9255,,,
2026-03-18,SZ000786,-0.00591283042456687,EXP_LGBModel_Alpha158_csi300_custom_step0_s_20260318_16,09adc2ffc018477c81e0a86d655e9255,,,
2026-03-18,SZ000792,-0.005638561317016939,EXP_LGBModel_Alpha158_csi300_custom_step0_s_20260318_16,09adc2ffc018477c81e0a86d655e9255,,,
2026-03-18,SZ000807,0.0017959391917451689,EXP_LGBModel_Alpha158_csi300_custom_step0_s_20260318_16,09adc2ffc018477c81e0a86d655e9255,,,
2026-03-18,SZ000858,0.011537076358640796,EXP_LGBModel_Alpha158_csi300_custom_step0_s_20260318_16,09adc2ffc018477c81e0a86d655e9255,,,
2026-03-18,SZ000876,-0.0014063316005146417,EXP_LGBModel_Alpha158_csi300_custom_step0_s_20260318_16,09adc2ffc018477c81e0a86d655e9255,,,
2026-03-18,SZ000895,0.01165720094595967,EXP_LGBModel_Alpha158_csi300_custom_step0_s_20260318_16,09adc2ffc018477c81e0a86d655e9255,,,
2026-03-18,SZ000938,-0.02636372137253953,EXP_LGBModel_Alpha158_csi300_custom_step0_s_20260318_16,09adc2ffc018477c81e0a86d655e9255,,,
2026-03-18,SZ000963,0.0021691539933668064,EXP_LGBModel_Alpha158_csi300_custom_step0_s_20260318_16,09adc2ffc018477c81e0a86d655e9255,,,
2026-03-18,SZ000975,-0.006140215085582526,EXP_LGBModel_Alpha158_csi300_custom_step0_s_20260318_16,09adc2ffc018477c81e0a86d655e9255,,,
2026-03-18,SZ000725,-0.0208950732022768,EXP_LGBModel_Alpha158_csi300_custom_step0_s_20260318_16,09adc2ffc018477c81e0a86d655e9255,,,
2026-03-18,SH603993,0.10924080370716659,EXP_LGBModel_Alpha158_csi300_custom_step0_s_20260318_16,09adc2ffc018477c81e0a86d655e9255,,,
2026-03-18,SZ000301,-0.03707996184099416,EXP_LGBModel_Alpha158_csi300_custom_step0_s_20260318_16,09adc2ffc018477c81e0a86d655e9255,,,
2026-03-18,SZ000157,-0.00010366756383282114,EXP_LGBModel_Alpha158_csi300_custom_step0_s_20260318_16,09adc2ffc018477c81e0a86d655e9255,,,
2026-03-18,SH605499,0.004388081720501053,EXP_LGBModel_Alpha158_csi300_custom_step0_s_20260318_16,09adc2ffc018477c81e0a86d655e9255,,,
2026-03-18,SH688008,-0.013319428394574149,EXP_LGBModel_Alpha158_csi300_custom_step0_s_20260318_16,09adc2ffc018477c81e0a86d655e9255,,,
2026-03-18,SH688009,0.00010225643141938828,EXP_LGBModel_Alpha158_csi300_custom_step0_s_20260318_16,09adc2ffc018477c81e0a86d655e9255,,,
2026-03-18,SH688012,-0.052354063671852344,EXP_LGBModel_Alpha158_csi300_custom_step0_s_20260318_16,09adc2ffc018477c81e0a86d655e9255,,,
2026-03-18,SH688036,0.00029729876440708373,EXP_LGBModel_Alpha158_csi300_custom_step0_s_20260318_16,09adc2ffc018477c81e0a86d655e9255,,,
2026-03-18,SH688041,-0.024989877421738246,EXP_LGBModel_Alpha158_csi300_custom_step0_s_20260318_16,09adc2ffc018477c81e0a86d655e9255,,,
2026-03-18,SH688047,-0.01542081357667666,EXP_LGBModel_Alpha158_csi300_custom_step0_s_20260318_16,09adc2ffc018477c81e0a86d655e9255,,,
2026-03-18,SH688082,0.0027223359023046006,EXP_LGBModel_Alpha158_csi300_custom_step0_s_20260318_16,09adc2ffc018477c81e0a86d655e9255,,,
2026-03-18,SH688111,0.022364134607133275,EXP_LGBModel_Alpha158_csi300_custom_step0_s_20260318_16,09adc2ffc018477c81e0a86d655e9255,,,
2026-03-18,SH688126,-0.005499686105987933,EXP_LGBModel_Alpha158_csi300_custom_step0_s_20260318_16,09adc2ffc018477c81e0a86d655e9255,,,
2026-03-18,SH688169,-0.01849776025092942,EXP_LGBModel_Alpha158_csi300_custom_step0_s_20260318_16,09adc2ffc018477c81e0a86d655e9255,,,
2026-03-18,SZ000166,0.011502339044952584,EXP_LGBModel_Alpha158_csi300_custom_step0_s_20260318_16,09adc2ffc018477c81e0a86d655e9255,,,
2026-03-18,SH688187,-0.02145378926615421,EXP_LGBModel_Alpha158_csi300_custom_step0_s_20260318_16,09adc2ffc018477c81e0a86d655e9255,,,
2026-03-18,SH688256,-0.0011529203739058817,EXP_LGBModel_Alpha158_csi300_custom_step0_s_20260318_16,09adc2ffc018477c81e0a86d655e9255,,,
2026-03-18,SH688271,-0.027186003770879034,EXP_LGBModel_Alpha158_csi300_custom_step0_s_20260318_16,09adc2ffc018477c81e0a86d655e9255,,,
2026-03-18,SH688303,-0.010253166686841151,EXP_LGBModel_Alpha158_csi300_custom_step0_s_20260318_16,09adc2ffc018477c81e0a86d655e9255,,,
2026-03-18,SH688396,0.05775525700896954,EXP_LGBModel_Alpha158_csi300_custom_step0_s_20260318_16,09adc2ffc018477c81e0a86d655e9255,,,
2026-03-18,SH688472,-0.050289928986047054,EXP_LGBModel_Alpha158_csi300_custom_step0_s_20260318_16,09adc2ffc018477c81e0a86d655e9255,,,
2026-03-18,SH688506,-0.014681129023367443,EXP_LGBModel_Alpha158_csi300_custom_step0_s_20260318_16,09adc2ffc018477c81e0a86d655e9255,,,
2026-03-18,SH688981,0.025306179902266173,EXP_LGBModel_Alpha158_csi300_custom_step0_s_20260318_16,09adc2ffc018477c81e0a86d655e9255,,,
2026-03-18,SZ000001,0.004085792309292732,EXP_LGBModel_Alpha158_csi300_custom_step0_s_20260318_16,09adc2ffc018477c81e0a86d655e9255,,,
2026-03-18,SZ000002,0.0016638201203437372,EXP_LGBModel_Alpha158_csi300_custom_step0_s_20260318_16,09adc2ffc018477c81e0a86d655e9255,,,
2026-03-18,SZ000063,-0.013482229528017675,EXP_LGBModel_Alpha158_csi300_custom_step0_s_20260318_16,09adc2ffc018477c81e0a86d655e9255,,,
2026-03-18,SZ000100,-0.02793764902689931,EXP_LGBModel_Alpha158_csi300_custom_step0_s_20260318_16,09adc2ffc018477c81e0a86d655e9255,,,
2026-03-18,SH688223,0.010440296911768471,EXP_LGBModel_Alpha158_csi300_custom_step0_s_20260318_16,09adc2ffc018477c81e0a86d655e9255,,,
2026-03-18,SH601336,-0.0006618612304017805,EXP_LGBModel_Alpha158_csi300_custom_step0_s_20260318_16,09adc2ffc018477c81e0a86d655e9255,,,
2026-03-18,SH601328,0.04211206556738545,EXP_LGBModel_Alpha158_csi300_custom_step0_s_20260318_16,09adc2ffc018477c81e0a86d655e9255,,,
2026-03-18,SH601319,-0.01374317992145132,EXP_LGBModel_Alpha158_csi300_custom_step0_s_20260318_16,09adc2ffc018477c81e0a86d655e9255,,,
2026-03-18,SH600161,0.03058913423909944,EXP_LGBModel_Alpha158_csi300_custom_step0_s_20260318_16,09adc2ffc018477c81e0a86d655e9255,,,
2026-03-18,SH600176,0.040472544835638884,EXP_LGBModel_Alpha158_csi300_custom_step0_s_20260318_16,09adc2ffc018477c81e0a86d655e9255,,,
2026-03-18,SH600183,-0.01597800480653718,EXP_LGBModel_Alpha158_csi300_custom_step0_s_20260318_16,09adc2ffc018477c81e0a86d655e9255,,,
2026-03-18,SH600188,0.09407673173572384,EXP_LGBModel_Alpha158_csi300_custom_step0_s_20260318_16,09adc2ffc018477c81e0a86d655e9255,,,
2026-03-18,SH600196,0.032254122071042696,EXP_LGBModel_Alpha158_csi300_custom_step0_s_20260318_16,09adc2ffc018477c81e0a86d655e9255,,,
2026-03-18,SH600219,-0.012768825378653958,EXP_LGBModel_Alpha158_csi300_custom_step0_s_20260318_16,09adc2ffc018477c81e0a86d655e9255,,,
2026-03-18,SH600233,0.00043194100973586546,EXP_LGBModel_Alpha158_csi300_custom_step0_s_20260318_16,09adc2ffc018477c81e0a86d655e9255,,,
2026-03-18,SH600276,0.0234889268894001,EXP_LGBModel_Alpha158_csi300_custom_step0_s_20260318_16,09adc2ffc018477c81e0a86d655e9255,,,
2026-03-18,SH600309,0.010779642382483148,EXP_LGBModel_Alpha158_csi300_custom_step0_s_20260318_16,09adc2ffc018477c81e0a86d655e9255,,,
2026-03-18,SH600346,-0.012998197890005172,EXP_LGBModel_Alpha158_csi300_custom_step0_s_20260318_16,09adc2ffc018477c81e0a86d655e9255,,,
2026-03-18,SH600362,0.08902369913183153,EXP_LGBModel_Alpha158_csi300_custom_step0_s_20260318_16,09adc2ffc018477c81e0a86d655e9255,,,
2026-03-18,SH600160,-0.015062962590303382,EXP_LGBModel_Alpha158_csi300_custom_step0_s_20260318_16,09adc2ffc018477c81e0a86d655e9255,,,
2026-03-18,SH600372,-0.03663982840220946,EXP_LGBModel_Alpha158_csi300_custom_step0_s_20260318_16,09adc2ffc018477c81e0a86d655e9255,,,
2026-03-18,SH600406,-0.022332295593356255,EXP_LGBModel_Alpha158_csi300_custom_step0_s_20260318_16,09adc2ffc018477c81e0a86d655e9255,,,
2026-03-18,SH600415,0.028353947125538556,EXP_LGBModel_Alpha158_csi300_custom_step0_s_20260318_16,09adc2ffc018477c81e0a86d655e9255,,,
2026-03-18,SH600426,0.006560344600520044,EXP_LGBModel_Alpha158_csi300_custom_step0_s_20260318_16,09adc2ffc018477c81e0a86d655e9255,,,
2026-03-18,SH600436,0.014016239826992079,EXP_LGBModel_Alpha158_csi300_custom_step0_s_20260318_16,09adc2ffc018477c81e0a86d655e9255,,,
2026-03-18,SH600438,-0.015603316730548945,EXP_LGBModel_Alpha158_csi300_custom_step0_s_20260318_16,09adc2ffc018477c81e0a86d655e9255,,,
2026-03-18,SH600460,0.02062152715044966,EXP_LGBModel_Alpha158_csi300_custom_step0_s_20260318_16,09adc2ffc018477c81e0a86d655e9255,,,
2026-03-18,SH600482,0.04567001603437261,EXP_LGBModel_Alpha158_csi300_custom_step0_s_20260318_16,09adc2ffc018477c81e0a86d655e9255,,,
2026-03-18,SH600489,0.033775517103977235,EXP_LGBModel_Alpha158_csi300_custom_step0_s_20260318_16,09adc2ffc018477c81e0a86d655e9255,,,
2026-03-18,SH600515,0.006585731782604922,EXP_LGBModel_Alpha158_csi300_custom_step0_s_20260318_16,09adc2ffc018477c81e0a86d655e9255,,,
2026-03-18,SH600519,-0.04169451666364345,EXP_LGBModel_Alpha158_csi300_custom_step0_s_20260318_16,09adc2ffc018477c81e0a86d655e9255,,,
2026-03-18,SH600522,0.07260568342433237,EXP_LGBModel_Alpha158_csi300_custom_step0_s_20260318_16,09adc2ffc018477c81e0a86d655e9255,,,
2026-03-18,SH600377,0.024679481524249928,EXP_LGBModel_Alpha158_csi300_custom_step0_s_20260318_16,09adc2ffc018477c81e0a86d655e9255,,,
2026-03-18,SH600547,0.02539040961044034,EXP_LGBModel_Alpha158_csi300_custom_step0_s_20260318_16,09adc2ffc018477c81e0a86d655e9255,,,
2026-03-18,SH600150,-0.016333729260145112,EXP_LGBModel_Alpha158_csi300_custom_step0_s_20260318_16,09adc2ffc018477c81e0a86d655e9255,,,
2026-03-18,SH600111,0.004439148721089413,EXP_LGBModel_Alpha158_csi300_custom_step0_s_20260318_16,09adc2ffc018477c81e0a86d655e9255,,,
2026-03-18,SH600009,0.0159779712700547,EXP_LGBModel_Alpha158_csi300_custom_step0_s_20260318_16,09adc2ffc018477c81e0a86d655e9255,,,
2026-03-18,SH600010,0.03337177027997246,EXP_LGBModel_Alpha158_csi300_custom_step0_s_20260318_16,09adc2ffc018477c81e0a86d655e9255,,,
2026-03-18,SH600011,-0.005477761347689781,EXP_LGBModel_Alpha158_csi300_custom_step0_s_20260318_16,09adc2ffc018477c81e0a86d655e9255,,,
2026-03-18,SH600015,0.007442635851807834,EXP_LGBModel_Alpha158_csi300_custom_step0_s_20260318_16,09adc2ffc018477c81e0a86d655e9255,,,
2026-03-18,SH600016,0.04934049612116523,EXP_LGBModel_Alpha158_csi300_custom_step0_s_20260318_16,09adc2ffc018477c81e0a86d655e9255,,,
2026-03-18,SH600018,0.020355496777653796,EXP_LGBModel_Alpha158_csi300_custom_step0_s_20260318_16,09adc2ffc018477c81e0a86d655e9255,,,
2026-03-18,SH600019,-0.03916372605351953,EXP_LGBModel_Alpha158_csi300_custom_step0_s_20260318_16,09adc2ffc018477c81e0a86d655e9255,,,
2026-03-18,SH600023,0.03045046847709728,EXP_LGBModel_Alpha158_csi300_custom_step0_s_20260318_16,09adc2ffc018477c81e0a86d655e9255,,,
2026-03-18,SH600025,0.025551967312097624,EXP_LGBModel_Alpha158_csi300_custom_step0_s_20260318_16,09adc2ffc018477c81e0a86d655e9255,,,
2026-03-18,SH600026,-0.009236306980056464,EXP_LGBModel_Alpha158_csi300_custom_step0_s_20260318_16,09adc2ffc018477c81e0a86d655e9255,,,
2026-03-18,SH600027,0.01889184887224983,EXP_LGBModel_Alpha158_csi300_custom_step0_s_20260318_16,09adc2ffc018477c81e0a86d655e9255,,,
2026-03-18,SH600115,0.054918548891825715,EXP_LGBModel_Alpha158_csi300_custom_step0_s_20260318_16,09adc2ffc018477c81e0a86d655e9255,,,
2026-03-18,SH600028,-0.003934581621071432,EXP_LGBModel_Alpha158_csi300_custom_step0_s_20260318_16,09adc2ffc018477c81e0a86d655e9255,,,
2026-03-18,SH600030,-0.0012494729079632928,EXP_LGBModel_Alpha158_csi300_custom_step0_s_20260318_16,09adc2ffc018477c81e0a86d655e9255,,,
2026-03-18,SH600031,0.0021664355669837217,EXP_LGBModel_Alpha158_csi300_custom_step0_s_20260318_16,09adc2ffc018477c81e0a86d655e9255,,,
2026-03-18,SH600036,0.020968039876593108,EXP_LGBModel_Alpha158_csi300_custom_step0_s_20260318_16,09adc2ffc018477c81e0a86d655e9255,,,
2026-03-18,SH600039,-0.01898243647328263,EXP_LGBModel_Alpha158_csi300_custom_step0_s_20260318_16,09adc2ffc018477c81e0a86d655e9255,,,
2026-03-18,SH600048,0.006845276155937442,EXP_LGBModel_Alpha158_csi300_custom_step0_s_20260318_16,09adc2ffc018477c81e0a86d655e9255,,,
2026-03-18,SH600050,0.005759475529631375,EXP_LGBModel_Alpha158_csi300_custom_step0_s_20260318_16,09adc2ffc018477c81e0a86d655e9255,,,
2026-03-18,SH600061,0.01878037520244825,EXP_LGBModel_Alpha158_csi300_custom_step0_s_20260318_16,09adc2ffc018477c81e0a86d655e9255,,,
2026-03-18,SH600066,0.013932832273125847,EXP_LGBModel_Alpha158_csi300_custom_step0_s_20260318_16,09adc2ffc018477c81e0a86d655e9255,,,
2026-03-18,SH600085,0.025413370730363063,EXP_LGBModel_Alpha158_csi300_custom_step0_s_20260318_16,09adc2ffc018477c81e0a86d655e9255,,,
2026-03-18,SH600089,-0.03885954436269484,EXP_LGBModel_Alpha158_csi300_custom_step0_s_20260318_16,09adc2ffc018477c81e0a86d655e9255,,,
2026-03-18,SH600104,-0.0089605028087455,EXP_LGBModel_Alpha158_csi300_custom_step0_s_20260318_16,09adc2ffc018477c81e0a86d655e9255,,,
2026-03-18,SH600029,0.0591918114529821,EXP_LGBModel_Alpha158_csi300_custom_step0_s_20260318_16,09adc2ffc018477c81e0a86d655e9255,,,
2026-03-18,SH600570,0.037140941531859796,EXP_LGBModel_Alpha158_csi300_custom_step0_s_20260318_16,09adc2ffc018477c81e0a86d655e9255,,,
2026-03-18,SH600584,-0.06610614629172404,EXP_LGBModel_Alpha158_csi300_custom_step0_s_20260318_16,09adc2ffc018477c81e0a86d655e9255,,,
2026-03-18,SH600585,0.03295668219152865,EXP_LGBModel_Alpha158_csi300_custom_step0_s_20260318_16,09adc2ffc018477c81e0a86d655e9255,,,
2026-03-18,SH601018,0.021693835361485454,EXP_LGBModel_Alpha158_csi300_custom_step0_s_20260318_16,09adc2ffc018477c81e0a86d655e9255,,,
2026-03-18,SH601021,0.011131377356293898,EXP_LGBModel_Alpha158_csi300_custom_step0_s_20260318_16,09adc2ffc018477c81e0a86d655e9255,,,
2026-03-18,SH601058,-0.012704085444040112,EXP_LGBModel_Alpha158_csi300_custom_step0_s_20260318_16,09adc2ffc018477c81e0a86d655e9255,,,
2026-03-18,SH601059,0.013452602383228231,EXP_LGBModel_Alpha158_csi300_custom_step0_s_20260318_16,09adc2ffc018477c81e0a86d655e9255,,,
2026-03-18,SH601066,-0.006654226816129403,EXP_LGBModel_Alpha158_csi300_custom_step0_s_20260318_16,09adc2ffc018477c81e0a86d655e9255,,,
2026-03-18,SH601077,-0.004006829338722922,EXP_LGBModel_Alpha158_csi300_custom_step0_s_20260318_16,09adc2ffc018477c81e0a86d655e9255,,,
2026-03-18,SH601088,0.0362897608681506,EXP_LGBModel_Alpha158_csi300_custom_step0_s_20260318_16,09adc2ffc018477c81e0a86d655e9255,,,
2026-03-18,SH601100,-0.011963694044811896,EXP_LGBModel_Alpha158_csi300_custom_step0_s_20260318_16,09adc2ffc018477c81e0a86d655e9255,,,
2026-03-18,SH601111,0.04896759311573892,EXP_LGBModel_Alpha158_csi300_custom_step0_s_20260318_16,09adc2ffc018477c81e0a86d655e9255,,,
2026-03-18,SH601117,-0.027540886164207967,EXP_LGBModel_Alpha158_csi300_custom_step0_s_20260318_16,09adc2ffc018477c81e0a86d655e9255,,,
2026-03-18,SH601127,-0.024592701055737274,EXP_LGBModel_Alpha158_csi300_custom_step0_s_20260318_16,09adc2ffc018477c81e0a86d655e9255,,,
2026-03-18,SH601012,-0.0011797861088795093,EXP_LGBModel_Alpha158_csi300_custom_step0_s_20260318_16,09adc2ffc018477c81e0a86d655e9255,,,
2026-03-18,SH601136,-0.0073150964116026704,EXP_LGBModel_Alpha158_csi300_custom_step0_s_20260318_16,09adc2ffc018477c81e0a86d655e9255,,,
2026-03-18,SH601166,0.010193473508860237,EXP_LGBModel_Alpha158_csi300_custom_step0_s_20260318_16,09adc2ffc018477c81e0a86d655e9255,,,
2026-03-18,SH601169,0.014525785123529478,EXP_LGBModel_Alpha158_csi300_custom_step0_s_20260318_16,09adc2ffc018477c81e0a86d655e9255,,,
2026-03-18,SH601186,-0.0031339724531222325,EXP_LGBModel_Alpha158_csi300_custom_step0_s_20260318_16,09adc2ffc018477c81e0a86d655e9255,,,
2026-03-18,SH601211,-0.000693755980118576,EXP_LGBModel_Alpha158_csi300_custom_step0_s_20260318_16,09adc2ffc018477c81e0a86d655e9255,,,
2026-03-18,SH601225,-0.007879896193053636,EXP_LGBModel_Alpha158_csi300_custom_step0_s_20260318_16,09adc2ffc018477c81e0a86d655e9255,,,
2026-03-18,SH601229,0.03206176293631828,EXP_LGBModel_Alpha158_csi300_custom_step0_s_20260318_16,09adc2ffc018477c81e0a86d655e9255,,,
2026-03-18,SH601236,0.0011785308034122416,EXP_LGBModel_Alpha158_csi300_custom_step0_s_20260318_16,09adc2ffc018477c81e0a86d655e9255,,,
2026-03-18,SH601238,-0.0067068135750187555,EXP_LGBModel_Alpha158_csi300_custom_step0_s_20260318_16,09adc2ffc018477c81e0a86d655e9255,,,
2026-03-18,SH601288,0.003175161526306559,EXP_LGBModel_Alpha158_csi300_custom_step0_s_20260318_16,09adc2ffc018477c81e0a86d655e9255,,,
2026-03-18,SH601298,0.0034638518954559893,EXP_LGBModel_Alpha158_csi300_custom_step0_s_20260318_16,09adc2ffc018477c81e0a86d655e9255,,,
2026-03-18,SH601318,0.027503206280503085,EXP_LGBModel_Alpha158_csi300_custom_step0_s_20260318_16,09adc2ffc018477c81e0a86d655e9255,,,
2026-03-18,SH601138,-0.03794213951562021,EXP_LGBModel_Alpha158_csi300_custom_step0_s_20260318_16,09adc2ffc018477c81e0a86d655e9255,,,
2026-03-18,SH601009,0.034451112120374806,EXP_LGBModel_Alpha158_csi300_custom_step0_s_20260318_16,09adc2ffc018477c81e0a86d655e9255,,,
2026-03-18,SH601006,0.008463113624761612,EXP_LGBModel_Alpha158_csi300_custom_step0_s_20260318_16,09adc2ffc018477c81e0a86d655e9255,,,
2026-03-18,SH600999,0.03093078737403817,EXP_LGBModel_Alpha158_csi300_custom_step0_s_20260318_16,09adc2ffc018477c81e0a86d655e9255,,,
2026-03-18,SH600588,-0.031068661112607237,EXP_LGBModel_Alpha158_csi300_custom_step0_s_20260318_16,09adc2ffc018477c81e0a86d655e9255,,,
2026-03-18,SH600600,0.00955039414364232,EXP_LGBModel_Alpha158_csi300_custom_step0_s_20260318_16,09adc2ffc018477c81e0a86d655e9255,,,
2026-03-18,SH600660,-0.010213068827433966,EXP_LGBModel_Alpha158_csi300_custom_step0_s_20260318_16,09adc2ffc018477c81e0a86d655e9255,,,
2026-03-18,SH600674,0.002641814034256244,EXP_LGBModel_Alpha158_csi300_custom_step0_s_20260318_16,09adc2ffc018477c81e0a86d655e9255,,,
2026-03-18,SH600690,0.016078538937948705,EXP_LGBModel_Alpha158_csi300_custom_step0_s_20260318_16,09adc2ffc018477c81e0a86d655e9255,,,
2026-03-18,SH600741,0.0032758193010868244,EXP_LGBModel_Alpha158_csi300_custom_step0_s_20260318_16,09adc2ffc018477c81e0a86d655e9255,,,
2026-03-18,SH600760,-0.01669948289165199,EXP_LGBModel_Alpha158_csi300_custom_step0_s_20260318_16,09adc2ffc018477c81e0a86d655e9255,,,
2026-03-18,SH600795,-0.003154978931401974,EXP_LGBModel_Alpha158_csi300_custom_step0_s_20260318_16,09adc2ffc018477c81e0a86d655e9255,,,
2026-03-18,SH600803,-0.01723104128532114,EXP_LGBModel_Alpha158_csi300_custom_step0_s_20260318_16,09adc2ffc018477c81e0a86d655e9255,,,
2026-03-18,SH600809,0.029529420528841433,EXP_LGBModel_Alpha158_csi300_custom_step0_s_20260318_16,09adc2ffc018477c81e0a86d655e9255,,,
2026-03-18,SH600845,-0.029364769186206213,EXP_LGBModel_Alpha158_csi300_custom_step0_s_20260318_16,09adc2ffc018477c81e0a86d655e9255,,,
2026-03-18,SH600875,0.01680098279870858,EXP_LGBModel_Alpha158_csi300_custom_step0_s_20260318_16,09adc2ffc018477c81e0a86d655e9255,,,
2026-03-18,SH600886,0.011625927744242193,EXP_LGBModel_Alpha158_csi300_custom_step0_s_20260318_16,09adc2ffc018477c81e0a86d655e9255,,,
2026-03-18,SH600887,0.03066653591578846,EXP_LGBModel_Alpha158_csi300_custom_step0_s_20260318_16,09adc2ffc018477c81e0a86d655e9255,,,
2026-03-18,SH600893,-0.009271043640950258,EXP_LGBModel_Alpha158_csi300_custom_step0_s_20260318_16,09adc2ffc018477c81e0a86d655e9255,,,
2026-03-18,SH600900,0.027818655963369042,EXP_LGBModel_Alpha158_csi300_custom_step0_s_20260318_16,09adc2ffc018477c81e0a86d655e9255,,,
2026-03-18,SH600905,-0.0055379619500006035,EXP_LGBModel_Alpha158_csi300_custom_step0_s_20260318_16,09adc2ffc018477c81e0a86d655e9255,,,
2026-03-18,SH600918,0.007336855153936491,EXP_LGBModel_Alpha158_csi300_custom_step0_s_20260318_16,09adc2ffc018477c81e0a86d655e9255,,,
2026-03-18,SH600919,0.02198511878610068,EXP_LGBModel_Alpha158_csi300_custom_step0_s_20260318_16,09adc2ffc018477c81e0a86d655e9255,,,
2026-03-18,SH600926,-0.007369698890892023,EXP_LGBModel_Alpha158_csi300_custom_step0_s_20260318_16,09adc2ffc018477c81e0a86d655e9255,,,
2026-03-18,SH600930,-0.003392313005270227,EXP_LGBModel_Alpha158_csi300_custom_step0_s_20260318_16,09adc2ffc018477c81e0a86d655e9255,,,
2026-03-18,SH600938,0.009732017151601867,EXP_LGBModel_Alpha158_csi300_custom_step0_s_20260318_16,09adc2ffc018477c81e0a86d655e9255,,,
2026-03-18,SH600941,0.03296772123478551,EXP_LGBModel_Alpha158_csi300_custom_step0_s_20260318_16,09adc2ffc018477c81e0a86d655e9255,,,
2026-03-18,SH600958,-0.01527247818303436,EXP_LGBModel_Alpha158_csi300_custom_step0_s_20260318_16,09adc2ffc018477c81e0a86d655e9255,,,
2026-03-18,SH600989,0.013817659901993882,EXP_LGBModel_Alpha158_csi300_custom_step0_s_20260318_16,09adc2ffc018477c81e0a86d655e9255,,,
2026-03-18,SZ000977,-0.017617734616333088,EXP_LGBModel_Alpha158_csi300_custom_step0_s_20260318_16,09adc2ffc018477c81e0a86d655e9255,,,
2026-03-18,SZ000983,-0.010481027514663649,EXP_LGBModel_Alpha158_csi300_custom_step0_s_20260318_16,09adc2ffc018477c81e0a86d655e9255,,,
2026-03-18,SZ000999,0.018284928553073482,EXP_LGBModel_Alpha158_csi300_custom_step0_s_20260318_16,09adc2ffc018477c81e0a86d655e9255,,,
2026-03-18,SZ001391,-0.00743131203775687,EXP_LGBModel_Alpha158_csi300_custom_step0_s_20260318_16,09adc2ffc018477c81e0a86d655e9255,,,
2026-03-18,SH600845,0.004532817329598548,EXP_DEnsembleModel_Alpha158_csi300_custom_step0_s_20260318_14,9ed83e345dd34945b28693b70360d5e4,,,
2026-03-18,SH600875,0.0647263974326607,EXP_DEnsembleModel_Alpha158_csi300_custom_step0_s_20260318_14,9ed83e345dd34945b28693b70360d5e4,,,
2026-03-18,SH600886,0.014166729001825173,EXP_DEnsembleModel_Alpha158_csi300_custom_step0_s_20260318_14,9ed83e345dd34945b28693b70360d5e4,,,
2026-03-18,SH600887,0.08535001583274075,EXP_DEnsembleModel_Alpha158_csi300_custom_step0_s_20260318_14,9ed83e345dd34945b28693b70360d5e4,,,
2026-03-18,SH600893,-0.045278896766763076,EXP_DEnsembleModel_Alpha158_csi300_custom_step0_s_20260318_14,9ed83e345dd34945b28693b70360d5e4,,,
2026-03-18,SH600900,0.11565989827351873,EXP_DEnsembleModel_Alpha158_csi300_custom_step0_s_20260318_14,9ed83e345dd34945b28693b70360d5e4,,,
2026-03-18,SH600905,-0.009282437821095932,EXP_DEnsembleModel_Alpha158_csi300_custom_step0_s_20260318_14,9ed83e345dd34945b28693b70360d5e4,,,
2026-03-18,SH600918,0.045796452468645964,EXP_DEnsembleModel_Alpha158_csi300_custom_step0_s_20260318_14,9ed83e345dd34945b28693b70360d5e4,,,
2026-03-18,SH600919,0.06888585365535818,EXP_DEnsembleModel_Alpha158_csi300_custom_step0_s_20260318_14,9ed83e345dd34945b28693b70360d5e4,,,
2026-03-18,SH600926,0.007217535940864537,EXP_DEnsembleModel_Alpha158_csi300_custom_step0_s_20260318_14,9ed83e345dd34945b28693b70360d5e4,,,
2026-03-18,SH600930,-0.04307844174413871,EXP_DEnsembleModel_Alpha158_csi300_custom_step0_s_20260318_14,9ed83e345dd34945b28693b70360d5e4,,,
2026-03-18,SH600809,0.08405226678163484,EXP_DEnsembleModel_Alpha158_csi300_custom_step0_s_20260318_14,9ed83e345dd34945b28693b70360d5e4,,,
2026-03-18,SH600938,0.09010579941267757,EXP_DEnsembleModel_Alpha158_csi300_custom_step0_s_20260318_14,9ed83e345dd34945b28693b70360d5e4,,,
2026-03-18,SH600958,-0.05936180603608444,EXP_DEnsembleModel_Alpha158_csi300_custom_step0_s_20260318_14,9ed83e345dd34945b28693b70360d5e4,,,
2026-03-18,SH600989,-0.0047807967660397814,EXP_DEnsembleModel_Alpha158_csi300_custom_step0_s_20260318_14,9ed83e345dd34945b28693b70360d5e4,,,
2026-03-18,SH600999,0.07232575275497645,EXP_DEnsembleModel_Alpha158_csi300_custom_step0_s_20260318_14,9ed83e345dd34945b28693b70360d5e4,,,
2026-03-18,SH601006,0.04424631279881519,EXP_DEnsembleModel_Alpha158_csi300_custom_step0_s_20260318_14,9ed83e345dd34945b28693b70360d5e4,,,
2026-03-18,SH601009,0.10785453447171005,EXP_DEnsembleModel_Alpha158_csi300_custom_step0_s_20260318_14,9ed83e345dd34945b28693b70360d5e4,,,
2026-03-18,SH601012,0.038767908952252524,EXP_DEnsembleModel_Alpha158_csi300_custom_step0_s_20260318_14,9ed83e345dd34945b28693b70360d5e4,,,
2026-03-18,SH601018,0.11970337039514832,EXP_DEnsembleModel_Alpha158_csi300_custom_step0_s_20260318_14,9ed83e345dd34945b28693b70360d5e4,,,
2026-03-18,SH601021,0.062311856419244194,EXP_DEnsembleModel_Alpha158_csi300_custom_step0_s_20260318_14,9ed83e345dd34945b28693b70360d5e4,,,
2026-03-18,SH601058,0.02438190670834384,EXP_DEnsembleModel_Alpha158_csi300_custom_step0_s_20260318_14,9ed83e345dd34945b28693b70360d5e4,,,
2026-03-18,SH601059,0.05222114557329002,EXP_DEnsembleModel_Alpha158_csi300_custom_step0_s_20260318_14,9ed83e345dd34945b28693b70360d5e4,,,
2026-03-18,SH601066,-0.015839891792179987,EXP_DEnsembleModel_Alpha158_csi300_custom_step0_s_20260318_14,9ed83e345dd34945b28693b70360d5e4,,,
2026-03-18,SH600941,0.1358603469768788,EXP_DEnsembleModel_Alpha158_csi300_custom_step0_s_20260318_14,9ed83e345dd34945b28693b70360d5e4,,,
2026-03-18,SH601077,-0.02710309187814289,EXP_DEnsembleModel_Alpha158_csi300_custom_step0_s_20260318_14,9ed83e345dd34945b28693b70360d5e4,,,
2026-03-18,SH600803,-0.003938859204593914,EXP_DEnsembleModel_Alpha158_csi300_custom_step0_s_20260318_14,9ed83e345dd34945b28693b70360d5e4,,,
2026-03-18,SH600760,-0.06290214463919078,EXP_DEnsembleModel_Alpha158_csi300_custom_step0_s_20260318_14,9ed83e345dd34945b28693b70360d5e4,,,
2026-03-18,SH600362,0.20535636114053746,EXP_DEnsembleModel_Alpha158_csi300_custom_step0_s_20260318_14,9ed83e345dd34945b28693b70360d5e4,,,
2026-03-18,SH600372,-0.10922466161886972,EXP_DEnsembleModel_Alpha158_csi300_custom_step0_s_20260318_14,9ed83e345dd34945b28693b70360d5e4,,,
2026-03-18,SH600377,0.061433743612546235,EXP_DEnsembleModel_Alpha158_csi300_custom_step0_s_20260318_14,9ed83e345dd34945b28693b70360d5e4,,,
2026-03-18,SH600406,0.01877391692186812,EXP_DEnsembleModel_Alpha158_csi300_custom_step0_s_20260318_14,9ed83e345dd34945b28693b70360d5e4,,,
2026-03-18,SH600415,0.06300512782276287,EXP_DEnsembleModel_Alpha158_csi300_custom_step0_s_20260318_14,9ed83e345dd34945b28693b70360d5e4,,,
2026-03-18,SH600426,0.08154585522850186,EXP_DEnsembleModel_Alpha158_csi300_custom_step0_s_20260318_14,9ed83e345dd34945b28693b70360d5e4,,,
2026-03-18,SH600436,-0.0019073749199921997,EXP_DEnsembleModel_Alpha158_csi300_custom_step0_s_20260318_14,9ed83e345dd34945b28693b70360d5e4,,,
2026-03-18,SH600438,-0.07451662085786687,EXP_DEnsembleModel_Alpha158_csi300_custom_step0_s_20260318_14,9ed83e345dd34945b28693b70360d5e4,,,
2026-03-18,SH600460,0.036510975777927515,EXP_DEnsembleModel_Alpha158_csi300_custom_step0_s_20260318_14,9ed83e345dd34945b28693b70360d5e4,,,
2026-03-18,SH600482,0.16867653395781323,EXP_DEnsembleModel_Alpha158_csi300_custom_step0_s_20260318_14,9ed83e345dd34945b28693b70360d5e4,,,
2026-03-18,SH600489,0.02850560342899306,EXP_DEnsembleModel_Alpha158_csi300_custom_step0_s_20260318_14,9ed83e345dd34945b28693b70360d5e4,,,
2026-03-18,SH600795,-0.10771728611949714,EXP_DEnsembleModel_Alpha158_csi300_custom_step0_s_20260318_14,9ed83e345dd34945b28693b70360d5e4,,,
2026-03-18,SH600515,0.09467818144467943,EXP_DEnsembleModel_Alpha158_csi300_custom_step0_s_20260318_14,9ed83e345dd34945b28693b70360d5e4,,,
2026-03-18,SH600522,0.2770092712014383,EXP_DEnsembleModel_Alpha158_csi300_custom_step0_s_20260318_14,9ed83e345dd34945b28693b70360d5e4,,,
2026-03-18,SH600547,0.017763856290771433,EXP_DEnsembleModel_Alpha158_csi300_custom_step0_s_20260318_14,9ed83e345dd34945b28693b70360d5e4,,,
2026-03-18,SH600570,0.0764706272344197,EXP_DEnsembleModel_Alpha158_csi300_custom_step0_s_20260318_14,9ed83e345dd34945b28693b70360d5e4,,,
2026-03-18,SH600584,-0.038861462078935476,EXP_DEnsembleModel_Alpha158_csi300_custom_step0_s_20260318_14,9ed83e345dd34945b28693b70360d5e4,,,
2026-03-18,SH600585,0.08440568013885123,EXP_DEnsembleModel_Alpha158_csi300_custom_step0_s_20260318_14,9ed83e345dd34945b28693b70360d5e4,,,
2026-03-18,SH600588,-0.051133224644813624,EXP_DEnsembleModel_Alpha158_csi300_custom_step0_s_20260318_14,9ed83e345dd34945b28693b70360d5e4,,,
2026-03-18,SH600600,0.05744487974812431,EXP_DEnsembleModel_Alpha158_csi300_custom_step0_s_20260318_14,9ed83e345dd34945b28693b70360d5e4,,,
2026-03-18,SH600660,-0.03070941969786518,EXP_DEnsembleModel_Alpha158_csi300_custom_step0_s_20260318_14,9ed83e345dd34945b28693b70360d5e4,,,
2026-03-18,SH600674,0.01130594152438048,EXP_DEnsembleModel_Alpha158_csi300_custom_step0_s_20260318_14,9ed83e345dd34945b28693b70360d5e4,,,
2026-03-18,SH600690,0.04070711306817922,EXP_DEnsembleModel_Alpha158_csi300_custom_step0_s_20260318_14,9ed83e345dd34945b28693b70360d5e4,,,
2026-03-18,SH600741,-0.016301059477250912,EXP_DEnsembleModel_Alpha158_csi300_custom_step0_s_20260318_14,9ed83e345dd34945b28693b70360d5e4,,,
2026-03-18,SH600519,-0.11839989699860046,EXP_DEnsembleModel_Alpha158_csi300_custom_step0_s_20260318_14,9ed83e345dd34945b28693b70360d5e4,,,
2026-03-18,SH601088,0.035480225938213136,EXP_DEnsembleModel_Alpha158_csi300_custom_step0_s_20260318_14,9ed83e345dd34945b28693b70360d5e4,,,
2026-03-18,SH601100,-0.03065900543578281,EXP_DEnsembleModel_Alpha158_csi300_custom_step0_s_20260318_14,9ed83e345dd34945b28693b70360d5e4,,,
2026-03-18,SH601111,0.21349236339717434,EXP_DEnsembleModel_Alpha158_csi300_custom_step0_s_20260318_14,9ed83e345dd34945b28693b70360d5e4,,,
2026-03-18,SH601658,0.08609270592937147,EXP_DEnsembleModel_Alpha158_csi300_custom_step0_s_20260318_14,9ed83e345dd34945b28693b70360d5e4,,,
2026-03-18,SH601668,0.00865103601440927,EXP_DEnsembleModel_Alpha158_csi300_custom_step0_s_20260318_14,9ed83e345dd34945b28693b70360d5e4,,,
2026-03-18,SH601669,0.1047118544581007,EXP_DEnsembleModel_Alpha158_csi300_custom_step0_s_20260318_14,9ed83e345dd34945b28693b70360d5e4,,,
2026-03-18,SH601688,-0.01902929960219624,EXP_DEnsembleModel_Alpha158_csi300_custom_step0_s_20260318_14,9ed83e345dd34945b28693b70360d5e4,,,
2026-03-18,SH601689,0.023220018892940793,EXP_DEnsembleModel_Alpha158_csi300_custom_step0_s_20260318_14,9ed83e345dd34945b28693b70360d5e4,,,
2026-03-18,SH601698,-0.07249718822985757,EXP_DEnsembleModel_Alpha158_csi300_custom_step0_s_20260318_14,9ed83e345dd34945b28693b70360d5e4,,,
2026-03-18,SH601728,0.04117168138529701,EXP_DEnsembleModel_Alpha158_csi300_custom_step0_s_20260318_14,9ed83e345dd34945b28693b70360d5e4,,,
2026-03-18,SH601766,0.020470104213116194,EXP_DEnsembleModel_Alpha158_csi300_custom_step0_s_20260318_14,9ed83e345dd34945b28693b70360d5e4,,,
2026-03-18,SH601788,0.03675021543008006,EXP_DEnsembleModel_Alpha158_csi300_custom_step0_s_20260318_14,9ed83e345dd34945b28693b70360d5e4,,,
2026-03-18,SH601800,-0.030625612278493117,EXP_DEnsembleModel_Alpha158_csi300_custom_step0_s_20260318_14,9ed83e345dd34945b28693b70360d5e4,,,
2026-03-18,SH601808,0.04929592209048258,EXP_DEnsembleModel_Alpha158_csi300_custom_step0_s_20260318_14,9ed83e345dd34945b28693b70360d5e4,,,
2026-03-18,SH601633,-0.004405681651709933,EXP_DEnsembleModel_Alpha158_csi300_custom_step0_s_20260318_14,9ed83e345dd34945b28693b70360d5e4,,,
2026-03-18,SH601816,0.13486170685803173,EXP_DEnsembleModel_Alpha158_csi300_custom_step0_s_20260318_14,9ed83e345dd34945b28693b70360d5e4,,,
2026-03-18,SH601825,0.007494789026859047,EXP_DEnsembleModel_Alpha158_csi300_custom_step0_s_20260318_14,9ed83e345dd34945b28693b70360d5e4,,,
2026-03-18,SH601838,0.08343791628125641,EXP_DEnsembleModel_Alpha158_csi300_custom_step0_s_20260318_14,9ed83e345dd34945b28693b70360d5e4,,,
2026-03-18,SH601857,0.036435418424568815,EXP_DEnsembleModel_Alpha158_csi300_custom_step0_s_20260318_14,9ed83e345dd34945b28693b70360d5e4,,,
2026-03-18,SH601868,0.015928738830659414,EXP_DEnsembleModel_Alpha158_csi300_custom_step0_s_20260318_14,9ed83e345dd34945b28693b70360d5e4,,,
2026-03-18,SH601872,-0.005952074750134766,EXP_DEnsembleModel_Alpha158_csi300_custom_step0_s_20260318_14,9ed83e345dd34945b28693b70360d5e4,,,
2026-03-18,SH601877,0.2735771498519055,EXP_DEnsembleModel_Alpha158_csi300_custom_step0_s_20260318_14,9ed83e345dd34945b28693b70360d5e4,,,
2026-03-18,SH601878,-0.03889486450882137,EXP_DEnsembleModel_Alpha158_csi300_custom_step0_s_20260318_14,9ed83e345dd34945b28693b70360d5e4,,,
2026-03-18,SH601881,-0.004446911831739442,EXP_DEnsembleModel_Alpha158_csi300_custom_step0_s_20260318_14,9ed83e345dd34945b28693b70360d5e4,,,
2026-03-18,SH601888,0.07176975986416952,EXP_DEnsembleModel_Alpha158_csi300_custom_step0_s_20260318_14,9ed83e345dd34945b28693b70360d5e4,,,
2026-03-18,SH601898,0.0923050564474668,EXP_DEnsembleModel_Alpha158_csi300_custom_step0_s_20260318_14,9ed83e345dd34945b28693b70360d5e4,,,
2026-03-18,SH601899,0.0050968626705103996,EXP_DEnsembleModel_Alpha158_csi300_custom_step0_s_20260318_14,9ed83e345dd34945b28693b70360d5e4,,,
2026-03-18,SH601818,0.08319077949288824,EXP_DEnsembleModel_Alpha158_csi300_custom_step0_s_20260318_14,9ed83e345dd34945b28693b70360d5e4,,,
2026-03-18,SH601628,-0.02042793728748535,EXP_DEnsembleModel_Alpha158_csi300_custom_step0_s_20260318_14,9ed83e345dd34945b28693b70360d5e4,,,
2026-03-18,SH601618,0.026332027228213508,EXP_DEnsembleModel_Alpha158_csi300_custom_step0_s_20260318_14,9ed83e345dd34945b28693b70360d5e4,,,
2026-03-18,SH601607,0.014159803874741854,EXP_DEnsembleModel_Alpha158_csi300_custom_step0_s_20260318_14,9ed83e345dd34945b28693b70360d5e4,,,
2026-03-18,SH601117,-0.004200456802035784,EXP_DEnsembleModel_Alpha158_csi300_custom_step0_s_20260318_14,9ed83e345dd34945b28693b70360d5e4,,,
2026-03-18,SH601127,0.0674890896386699,EXP_DEnsembleModel_Alpha158_csi300_custom_step0_s_20260318_14,9ed83e345dd34945b28693b70360d5e4,,,
2026-03-18,SH601136,-0.031496479982410966,EXP_DEnsembleModel_Alpha158_csi300_custom_step0_s_20260318_14,9ed83e345dd34945b28693b70360d5e4,,,
2026-03-18,SH601138,-0.029860071014890525,EXP_DEnsembleModel_Alpha158_csi300_custom_step0_s_20260318_14,9ed83e345dd34945b28693b70360d5e4,,,
2026-03-18,SH601166,0.0286405674025431,EXP_DEnsembleModel_Alpha158_csi300_custom_step0_s_20260318_14,9ed83e345dd34945b28693b70360d5e4,,,
2026-03-18,SH601169,0.08388650133270144,EXP_DEnsembleModel_Alpha158_csi300_custom_step0_s_20260318_14,9ed83e345dd34945b28693b70360d5e4,,,
2026-03-18,SH601186,-0.05618190843462598,EXP_DEnsembleModel_Alpha158_csi300_custom_step0_s_20260318_14,9ed83e345dd34945b28693b70360d5e4,,,
2026-03-18,SH601211,-0.030628667686134866,EXP_DEnsembleModel_Alpha158_csi300_custom_step0_s_20260318_14,9ed83e345dd34945b28693b70360d5e4,,,
2026-03-18,SH601225,-0.009659338173877895,EXP_DEnsembleModel_Alpha158_csi300_custom_step0_s_20260318_14,9ed83e345dd34945b28693b70360d5e4,,,
2026-03-18,SH601229,0.07725736857402117,EXP_DEnsembleModel_Alpha158_csi300_custom_step0_s_20260318_14,9ed83e345dd34945b28693b70360d5e4,,,
2026-03-18,SH601236,0.04125819677890095,EXP_DEnsembleModel_Alpha158_csi300_custom_step0_s_20260318_14,9ed83e345dd34945b28693b70360d5e4,,,
2026-03-18,SH601238,-0.02529163619789222,EXP_DEnsembleModel_Alpha158_csi300_custom_step0_s_20260318_14,9ed83e345dd34945b28693b70360d5e4,,,
2026-03-18,SH601288,0.020444303002732988,EXP_DEnsembleModel_Alpha158_csi300_custom_step0_s_20260318_14,9ed83e345dd34945b28693b70360d5e4,,,
2026-03-18,SH601298,0.010400458252045166,EXP_DEnsembleModel_Alpha158_csi300_custom_step0_s_20260318_14,9ed83e345dd34945b28693b70360d5e4,,,
2026-03-18,SH601318,0.07969163394770125,EXP_DEnsembleModel_Alpha158_csi300_custom_step0_s_20260318_14,9ed83e345dd34945b28693b70360d5e4,,,
2026-03-18,SH601319,-0.05145077092185199,EXP_DEnsembleModel_Alpha158_csi300_custom_step0_s_20260318_14,9ed83e345dd34945b28693b70360d5e4,,,
2026-03-18,SH601328,0.09431154602453724,EXP_DEnsembleModel_Alpha158_csi300_custom_step0_s_20260318_14,9ed83e345dd34945b28693b70360d5e4,,,
2026-03-18,SH601336,-0.019415890758751404,EXP_DEnsembleModel_Alpha158_csi300_custom_step0_s_20260318_14,9ed83e345dd34945b28693b70360d5e4,,,
2026-03-18,SH601360,-0.011227770755584574,EXP_DEnsembleModel_Alpha158_csi300_custom_step0_s_20260318_14,9ed83e345dd34945b28693b70360d5e4,,,
2026-03-18,SH601377,0.016913169026201994,EXP_DEnsembleModel_Alpha158_csi300_custom_step0_s_20260318_14,9ed83e345dd34945b28693b70360d5e4,,,
2026-03-18,SH601390,-0.005971805676816672,EXP_DEnsembleModel_Alpha158_csi300_custom_step0_s_20260318_14,9ed83e345dd34945b28693b70360d5e4,,,
2026-03-18,SH601398,0.021516656334337286,EXP_DEnsembleModel_Alpha158_csi300_custom_step0_s_20260318_14,9ed83e345dd34945b28693b70360d5e4,,,
2026-03-18,SH601456,0.054901278237212824,EXP_DEnsembleModel_Alpha158_csi300_custom_step0_s_20260318_14,9ed83e345dd34945b28693b70360d5e4,,,
2026-03-18,SH601600,0.020201268959567854,EXP_DEnsembleModel_Alpha158_csi300_custom_step0_s_20260318_14,9ed83e345dd34945b28693b70360d5e4,,,
2026-03-18,SH601601,-0.06836521490767526,EXP_DEnsembleModel_Alpha158_csi300_custom_step0_s_20260318_14,9ed83e345dd34945b28693b70360d5e4,,,
2026-03-18,SH600346,-0.05596111968262399,EXP_DEnsembleModel_Alpha158_csi300_custom_step0_s_20260318_14,9ed83e345dd34945b28693b70360d5e4,,,
2026-03-18,SZ301269,-0.006349089555442333,EXP_XGBModel_Alpha158_csi300_custom_step0_s_20260318_13,9a2d8cf143214b13a3ea3426e5ccd771,,,
2026-03-18,SH600309,0.06413860788129251,EXP_DEnsembleModel_Alpha158_csi300_custom_step0_s_20260318_14,9ed83e345dd34945b28693b70360d5e4,,,
2026-03-18,SH600233,0.0254017257845261,EXP_DEnsembleModel_Alpha158_csi300_custom_step0_s_20260318_14,9ed83e345dd34945b28693b70360d5e4,,,
2026-03-18,SZ002600,-0.012820186550781728,EXP_LGBModel_Alpha158_csi300_custom_step0_s_20260318_16,09adc2ffc018477c81e0a86d655e9255,,,
2026-03-18,SZ002601,-0.04517580659449673,EXP_LGBModel_Alpha158_csi300_custom_step0_s_20260318_16,09adc2ffc018477c81e0a86d655e9255,,,
2026-03-18,SZ002625,-0.06048849299302427,EXP_LGBModel_Alpha158_csi300_custom_step0_s_20260318_16,09adc2ffc018477c81e0a86d655e9255,,,
2026-03-18,SZ002648,0.014175983372470663,EXP_LGBModel_Alpha158_csi300_custom_step0_s_20260318_16,09adc2ffc018477c81e0a86d655e9255,,,
2026-03-18,SZ002709,-0.033280397447726165,EXP_LGBModel_Alpha158_csi300_custom_step0_s_20260318_16,09adc2ffc018477c81e0a86d655e9255,,,
2026-03-18,SZ002714,-0.0022446059781740697,EXP_LGBModel_Alpha158_csi300_custom_step0_s_20260318_16,09adc2ffc018477c81e0a86d655e9255,,,
2026-03-18,SZ002736,-0.01540612838728664,EXP_LGBModel_Alpha158_csi300_custom_step0_s_20260318_16,09adc2ffc018477c81e0a86d655e9255,,,
2026-03-18,SZ002916,-0.015418770877413926,EXP_LGBModel_Alpha158_csi300_custom_step0_s_20260318_16,09adc2ffc018477c81e0a86d655e9255,,,
2026-03-18,SZ002920,0.027905882591707287,EXP_LGBModel_Alpha158_csi300_custom_step0_s_20260318_16,09adc2ffc018477c81e0a86d655e9255,,,
2026-03-18,SZ002938,-0.008707072407363247,EXP_LGBModel_Alpha158_csi300_custom_step0_s_20260318_16,09adc2ffc018477c81e0a86d655e9255,,,
2026-03-18,SZ003816,0.01957166345911624,EXP_LGBModel_Alpha158_csi300_custom_step0_s_20260318_16,09adc2ffc018477c81e0a86d655e9255,,,
2026-03-18,SZ002594,-0.04864668658000532,EXP_LGBModel_Alpha158_csi300_custom_step0_s_20260318_16,09adc2ffc018477c81e0a86d655e9255,,,
2026-03-18,SZ300014,-0.03410857719373703,EXP_LGBModel_Alpha158_csi300_custom_step0_s_20260318_16,09adc2ffc018477c81e0a86d655e9255,,,
2026-03-18,SZ300033,-0.025438383083752562,EXP_LGBModel_Alpha158_csi300_custom_step0_s_20260318_16,09adc2ffc018477c81e0a86d655e9255,,,
2026-03-18,SZ300059,-0.009734199384839206,EXP_LGBModel_Alpha158_csi300_custom_step0_s_20260318_16,09adc2ffc018477c81e0a86d655e9255,,,
2026-03-18,SZ300122,0.021146001304727838,EXP_LGBModel_Alpha158_csi300_custom_step0_s_20260318_16,09adc2ffc018477c81e0a86d655e9255,,,
2026-03-18,SZ300124,0.032476133658926556,EXP_LGBModel_Alpha158_csi300_custom_step0_s_20260318_16,09adc2ffc018477c81e0a86d655e9255,,,
2026-03-18,SZ300251,0.009746333827406393,EXP_LGBModel_Alpha158_csi300_custom_step0_s_20260318_16,09adc2ffc018477c81e0a86d655e9255,,,
2026-03-18,SZ300274,-0.0016041964551942805,EXP_LGBModel_Alpha158_csi300_custom_step0_s_20260318_16,09adc2ffc018477c81e0a86d655e9255,,,
2026-03-18,SZ300308,-0.03347073856721166,EXP_LGBModel_Alpha158_csi300_custom_step0_s_20260318_16,09adc2ffc018477c81e0a86d655e9255,,,
2026-03-18,SZ300316,0.026206241119216305,EXP_LGBModel_Alpha158_csi300_custom_step0_s_20260318_16,09adc2ffc018477c81e0a86d655e9255,,,
2026-03-18,SZ300347,0.0005866342067037391,EXP_LGBModel_Alpha158_csi300_custom_step0_s_20260318_16,09adc2ffc018477c81e0a86d655e9255,,,
2026-03-18,SZ300394,0.04205459546608763,EXP_LGBModel_Alpha158_csi300_custom_step0_s_20260318_16,09adc2ffc018477c81e0a86d655e9255,,,
2026-03-18,SZ300408,-0.03497092634572877,EXP_LGBModel_Alpha158_csi300_custom_step0_s_20260318_16,09adc2ffc018477c81e0a86d655e9255,,,
2026-03-18,SZ300015,0.03770375316853731,EXP_LGBModel_Alpha158_csi300_custom_step0_s_20260318_16,09adc2ffc018477c81e0a86d655e9255,,,
2026-03-18,SZ300413,0.0028987749077076922,EXP_LGBModel_Alpha158_csi300_custom_step0_s_20260318_16,09adc2ffc018477c81e0a86d655e9255,,,
2026-03-18,SZ002493,0.027175984745095513,EXP_LGBModel_Alpha158_csi300_custom_step0_s_20260318_16,09adc2ffc018477c81e0a86d655e9255,,,
2026-03-18,SZ002466,-0.01869919803043231,EXP_LGBModel_Alpha158_csi300_custom_step0_s_20260318_16,09adc2ffc018477c81e0a86d655e9255,,,
2026-03-18,SZ001965,0.015009968332579927,EXP_LGBModel_Alpha158_csi300_custom_step0_s_20260318_16,09adc2ffc018477c81e0a86d655e9255,,,
2026-03-18,SZ001979,0.016080050993317434,EXP_LGBModel_Alpha158_csi300_custom_step0_s_20260318_16,09adc2ffc018477c81e0a86d655e9255,,,
2026-03-18,SZ002001,0.11780619188514353,EXP_LGBModel_Alpha158_csi300_custom_step0_s_20260318_16,09adc2ffc018477c81e0a86d655e9255,,,
2026-03-18,SZ002027,0.023290555550501895,EXP_LGBModel_Alpha158_csi300_custom_step0_s_20260318_16,09adc2ffc018477c81e0a86d655e9255,,,
2026-03-18,SZ002028,-0.05418216559585836,EXP_LGBModel_Alpha158_csi300_custom_step0_s_20260318_16,09adc2ffc018477c81e0a86d655e9255,,,
2026-03-18,SZ002049,-0.01590335243966591,EXP_LGBModel_Alpha158_csi300_custom_step0_s_20260318_16,09adc2ffc018477c81e0a86d655e9255,,,
2026-03-18,SZ002050,-0.0259825997196211,EXP_LGBModel_Alpha158_csi300_custom_step0_s_20260318_16,09adc2ffc018477c81e0a86d655e9255,,,
2026-03-18,SZ002074,-0.03713816101561913,EXP_LGBModel_Alpha158_csi300_custom_step0_s_20260318_16,09adc2ffc018477c81e0a86d655e9255,,,
2026-03-18,SZ002142,0.006811018845682226,EXP_LGBModel_Alpha158_csi300_custom_step0_s_20260318_16,09adc2ffc018477c81e0a86d655e9255,,,
2026-03-18,SZ002179,-0.02157192883255654,EXP_LGBModel_Alpha158_csi300_custom_step0_s_20260318_16,09adc2ffc018477c81e0a86d655e9255,,,
2026-03-18,SZ002230,0.0035639159212593895,EXP_LGBModel_Alpha158_csi300_custom_step0_s_20260318_16,09adc2ffc018477c81e0a86d655e9255,,,
2026-03-18,SZ002475,-0.04296347716808472,EXP_LGBModel_Alpha158_csi300_custom_step0_s_20260318_16,09adc2ffc018477c81e0a86d655e9255,,,
2026-03-18,SZ002236,0.009793352858760278,EXP_LGBModel_Alpha158_csi300_custom_step0_s_20260318_16,09adc2ffc018477c81e0a86d655e9255,,,
2026-03-18,SZ002252,-0.0037274731564358775,EXP_LGBModel_Alpha158_csi300_custom_step0_s_20260318_16,09adc2ffc018477c81e0a86d655e9255,,,
2026-03-18,SZ002304,0.04155055365345427,EXP_LGBModel_Alpha158_csi300_custom_step0_s_20260318_16,09adc2ffc018477c81e0a86d655e9255,,,
2026-03-18,SZ002311,0.01269325550038644,EXP_LGBModel_Alpha158_csi300_custom_step0_s_20260318_16,09adc2ffc018477c81e0a86d655e9255,,,
2026-03-18,SZ002352,0.010116316556417348,EXP_LGBModel_Alpha158_csi300_custom_step0_s_20260318_16,09adc2ffc018477c81e0a86d655e9255,,,
2026-03-18,SZ002371,-0.02640712861827347,EXP_LGBModel_Alpha158_csi300_custom_step0_s_20260318_16,09adc2ffc018477c81e0a86d655e9255,,,
2026-03-18,SZ002384,0.01898866527795795,EXP_LGBModel_Alpha158_csi300_custom_step0_s_20260318_16,09adc2ffc018477c81e0a86d655e9255,,,
2026-03-18,SZ002415,0.008332471082152779,EXP_LGBModel_Alpha158_csi300_custom_step0_s_20260318_16,09adc2ffc018477c81e0a86d655e9255,,,
2026-03-18,SZ002422,-0.018227324337889268,EXP_LGBModel_Alpha158_csi300_custom_step0_s_20260318_16,09adc2ffc018477c81e0a86d655e9255,,,
2026-03-18,SZ002459,-0.0367144811616672,EXP_LGBModel_Alpha158_csi300_custom_step0_s_20260318_16,09adc2ffc018477c81e0a86d655e9255,,,
2026-03-18,SZ002460,-0.03685614096328122,EXP_LGBModel_Alpha158_csi300_custom_step0_s_20260318_16,09adc2ffc018477c81e0a86d655e9255,,,
2026-03-18,SZ002463,0.017103423138948793,EXP_LGBModel_Alpha158_csi300_custom_step0_s_20260318_16,09adc2ffc018477c81e0a86d655e9255,,,
2026-03-18,SZ002241,0.03663975149656701,EXP_LGBModel_Alpha158_csi300_custom_step0_s_20260318_16,09adc2ffc018477c81e0a86d655e9255,,,
2026-03-18,SZ300418,-0.040423568043096686,EXP_LGBModel_Alpha158_csi300_custom_step0_s_20260318_16,09adc2ffc018477c81e0a86d655e9255,,,
2026-03-18,SZ300433,-0.01921097060042738,EXP_LGBModel_Alpha158_csi300_custom_step0_s_20260318_16,09adc2ffc018477c81e0a86d655e9255,,,
2026-03-18,SZ300442,0.005079894003698873,EXP_LGBModel_Alpha158_csi300_custom_step0_s_20260318_16,09adc2ffc018477c81e0a86d655e9255,,,
2026-03-18,SH600027,0.07061422546541696,EXP_DEnsembleModel_Alpha158_csi300_custom_step0_s_20260318_14,9ed83e345dd34945b28693b70360d5e4,,,
2026-03-18,SH600028,0.008075614150386759,EXP_DEnsembleModel_Alpha158_csi300_custom_step0_s_20260318_14,9ed83e345dd34945b28693b70360d5e4,,,
2026-03-18,SH600029,0.17302640013794782,EXP_DEnsembleModel_Alpha158_csi300_custom_step0_s_20260318_14,9ed83e345dd34945b28693b70360d5e4,,,
2026-03-18,SH600030,0.0035060401257806352,EXP_DEnsembleModel_Alpha158_csi300_custom_step0_s_20260318_14,9ed83e345dd34945b28693b70360d5e4,,,
2026-03-18,SH600031,0.08161538304637893,EXP_DEnsembleModel_Alpha158_csi300_custom_step0_s_20260318_14,9ed83e345dd34945b28693b70360d5e4,,,
2026-03-18,SH600036,0.11226295841705737,EXP_DEnsembleModel_Alpha158_csi300_custom_step0_s_20260318_14,9ed83e345dd34945b28693b70360d5e4,,,
2026-03-18,SH600039,-0.057559192726044116,EXP_DEnsembleModel_Alpha158_csi300_custom_step0_s_20260318_14,9ed83e345dd34945b28693b70360d5e4,,,
2026-03-18,SH600048,0.031133832835501484,EXP_DEnsembleModel_Alpha158_csi300_custom_step0_s_20260318_14,9ed83e345dd34945b28693b70360d5e4,,,
2026-03-18,SH600050,0.03556462189167598,EXP_DEnsembleModel_Alpha158_csi300_custom_step0_s_20260318_14,9ed83e345dd34945b28693b70360d5e4,,,
2026-03-18,SH600061,0.02052802817319584,EXP_DEnsembleModel_Alpha158_csi300_custom_step0_s_20260318_14,9ed83e345dd34945b28693b70360d5e4,,,
2026-03-18,SH600066,0.015480630744654849,EXP_DEnsembleModel_Alpha158_csi300_custom_step0_s_20260318_14,9ed83e345dd34945b28693b70360d5e4,,,
2026-03-18,SH600026,-0.05543508110607417,EXP_DEnsembleModel_Alpha158_csi300_custom_step0_s_20260318_14,9ed83e345dd34945b28693b70360d5e4,,,
2026-03-18,SH600085,0.06138553454616788,EXP_DEnsembleModel_Alpha158_csi300_custom_step0_s_20260318_14,9ed83e345dd34945b28693b70360d5e4,,,
2026-03-18,SH600104,-0.018682963002923957,EXP_DEnsembleModel_Alpha158_csi300_custom_step0_s_20260318_14,9ed83e345dd34945b28693b70360d5e4,,,
2026-03-18,SH600111,0.019070672215400864,EXP_DEnsembleModel_Alpha158_csi300_custom_step0_s_20260318_14,9ed83e345dd34945b28693b70360d5e4,,,
2026-03-18,SH600115,0.2226508251325909,EXP_DEnsembleModel_Alpha158_csi300_custom_step0_s_20260318_14,9ed83e345dd34945b28693b70360d5e4,,,
2026-03-18,SH600150,-0.009682158723897312,EXP_DEnsembleModel_Alpha158_csi300_custom_step0_s_20260318_14,9ed83e345dd34945b28693b70360d5e4,,,
2026-03-18,SH600160,-0.02508021782778652,EXP_DEnsembleModel_Alpha158_csi300_custom_step0_s_20260318_14,9ed83e345dd34945b28693b70360d5e4,,,
2026-03-18,SH600161,0.015817518760992345,EXP_DEnsembleModel_Alpha158_csi300_custom_step0_s_20260318_14,9ed83e345dd34945b28693b70360d5e4,,,
2026-03-18,SH600176,0.09699700138369431,EXP_DEnsembleModel_Alpha158_csi300_custom_step0_s_20260318_14,9ed83e345dd34945b28693b70360d5e4,,,
2026-03-18,SH600183,0.03358935283409278,EXP_DEnsembleModel_Alpha158_csi300_custom_step0_s_20260318_14,9ed83e345dd34945b28693b70360d5e4,,,
2026-03-18,SH600188,0.3613077902879502,EXP_DEnsembleModel_Alpha158_csi300_custom_step0_s_20260318_14,9ed83e345dd34945b28693b70360d5e4,,,
2026-03-18,SH600196,0.046164879866821,EXP_DEnsembleModel_Alpha158_csi300_custom_step0_s_20260318_14,9ed83e345dd34945b28693b70360d5e4,,,
2026-03-18,SH600219,0.009050929037928665,EXP_DEnsembleModel_Alpha158_csi300_custom_step0_s_20260318_14,9ed83e345dd34945b28693b70360d5e4,,,
2026-03-18,SH600089,-0.10567372589879533,EXP_DEnsembleModel_Alpha158_csi300_custom_step0_s_20260318_14,9ed83e345dd34945b28693b70360d5e4,,,
2026-03-18,SH600025,0.09385746053372998,EXP_DEnsembleModel_Alpha158_csi300_custom_step0_s_20260318_14,9ed83e345dd34945b28693b70360d5e4,,,
2026-03-18,SH600023,0.10067664782526058,EXP_DEnsembleModel_Alpha158_csi300_custom_step0_s_20260318_14,9ed83e345dd34945b28693b70360d5e4,,,
2026-03-18,SH600019,-0.10633444337558585,EXP_DEnsembleModel_Alpha158_csi300_custom_step0_s_20260318_14,9ed83e345dd34945b28693b70360d5e4,,,
2026-03-18,SZ300476,-0.034316333738764464,EXP_LGBModel_Alpha158_csi300_custom_step0_s_20260318_16,09adc2ffc018477c81e0a86d655e9255,,,
2026-03-18,SZ300498,0.013732782667043768,EXP_LGBModel_Alpha158_csi300_custom_step0_s_20260318_16,09adc2ffc018477c81e0a86d655e9255,,,
2026-03-18,SZ300502,-0.004758081241316084,EXP_LGBModel_Alpha158_csi300_custom_step0_s_20260318_16,09adc2ffc018477c81e0a86d655e9255,,,
2026-03-18,SZ300628,-0.01592646221484185,EXP_LGBModel_Alpha158_csi300_custom_step0_s_20260318_16,09adc2ffc018477c81e0a86d655e9255,,,
2026-03-18,SZ300661,-0.030417926265045768,EXP_LGBModel_Alpha158_csi300_custom_step0_s_20260318_16,09adc2ffc018477c81e0a86d655e9255,,,
2026-03-18,SZ300750,-0.0020436197209921536,EXP_LGBModel_Alpha158_csi300_custom_step0_s_20260318_16,09adc2ffc018477c81e0a86d655e9255,,,
2026-03-18,SZ300759,0.018536514223598238,EXP_LGBModel_Alpha158_csi300_custom_step0_s_20260318_16,09adc2ffc018477c81e0a86d655e9255,,,
2026-03-18,SZ300760,-0.009889868141309328,EXP_LGBModel_Alpha158_csi300_custom_step0_s_20260318_16,09adc2ffc018477c81e0a86d655e9255,,,
2026-03-18,SZ300782,-0.035213724331039246,EXP_LGBModel_Alpha158_csi300_custom_step0_s_20260318_16,09adc2ffc018477c81e0a86d655e9255,,,
2026-03-18,SZ300803,0.0023161659566142516,EXP_LGBModel_Alpha158_csi300_custom_step0_s_20260318_16,09adc2ffc018477c81e0a86d655e9255,,,
2026-03-18,SZ300832,-0.03508349543297029,EXP_LGBModel_Alpha158_csi300_custom_step0_s_20260318_16,09adc2ffc018477c81e0a86d655e9255,,,
2026-03-18,SZ300866,-0.01554303780710524,EXP_LGBModel_Alpha158_csi300_custom_step0_s_20260318_16,09adc2ffc018477c81e0a86d655e9255,,,
2026-03-18,SZ300896,0.02041135028282831,EXP_LGBModel_Alpha158_csi300_custom_step0_s_20260318_16,09adc2ffc018477c81e0a86d655e9255,,,
2026-03-18,SZ300979,0.03400558975203635,EXP_LGBModel_Alpha158_csi300_custom_step0_s_20260318_16,09adc2ffc018477c81e0a86d655e9255,,,
2026-03-18,SZ300999,-0.027048221020059316,EXP_LGBModel_Alpha158_csi300_custom_step0_s_20260318_16,09adc2ffc018477c81e0a86d655e9255,,,
2026-03-18,SZ301236,-0.03441428189780702,EXP_LGBModel_Alpha158_csi300_custom_step0_s_20260318_16,09adc2ffc018477c81e0a86d655e9255,,,
2026-03-18,SZ301269,-0.00883371490507762,EXP_LGBModel_Alpha158_csi300_custom_step0_s_20260318_16,09adc2ffc018477c81e0a86d655e9255,,,
2026-03-18,SZ302132,-0.022547335696894086,EXP_LGBModel_Alpha158_csi300_custom_step0_s_20260318_16,09adc2ffc018477c81e0a86d655e9255,,,
2026-03-18,SH600000,0.06413029237966285,EXP_DEnsembleModel_Alpha158_csi300_custom_step0_s_20260318_14,9ed83e345dd34945b28693b70360d5e4,,,
2026-03-18,SH600009,0.04065414451614801,EXP_DEnsembleModel_Alpha158_csi300_custom_step0_s_20260318_14,9ed83e345dd34945b28693b70360d5e4,,,
2026-03-18,SH600010,0.07383808507046713,EXP_DEnsembleModel_Alpha158_csi300_custom_step0_s_20260318_14,9ed83e345dd34945b28693b70360d5e4,,,
2026-03-18,SH600011,-0.09141024939709214,EXP_DEnsembleModel_Alpha158_csi300_custom_step0_s_20260318_14,9ed83e345dd34945b28693b70360d5e4,,,
2026-03-18,SH600015,0.05323138863393762,EXP_DEnsembleModel_Alpha158_csi300_custom_step0_s_20260318_14,9ed83e345dd34945b28693b70360d5e4,,,
2026-03-18,SH600016,0.12519857283781533,EXP_DEnsembleModel_Alpha158_csi300_custom_step0_s_20260318_14,9ed83e345dd34945b28693b70360d5e4,,,
2026-03-18,SH600018,0.0398697425489748,EXP_DEnsembleModel_Alpha158_csi300_custom_step0_s_20260318_14,9ed83e345dd34945b28693b70360d5e4,,,
2026-03-18,SH600276,0.06822142956180888,EXP_DEnsembleModel_Alpha158_csi300_custom_step0_s_20260318_14,9ed83e345dd34945b28693b70360d5e4,,,
2026-03-18,SZ302132,-0.02643091045320034,EXP_XGBModel_Alpha158_csi300_custom_step0_s_20260318_13,9a2d8cf143214b13a3ea3426e5ccd771,,,
